[Sonara] DEBUG: Config directory verified:  /home/peter/.config/sonara
[Sonara] DEBUG: Projects directory verified:  /home/peter/Documents/Sonara
[Sonara] INFO: Config loaded from:  /home/peter/.config/sonara/config.json
[OSC] INFO: Registered listener for  /plugin/info
[OSC] INFO: Registered listener for  /plugin/scan_complete
[OSC] INFO: Registered listener for  /builtin/info
[OSC] INFO: Registered listener for  /builtin/complete
[OSC] WARN: Attempted to send before ready: /builtin/request
[MidiManager] INFO: Refreshing devices
[MidiManager] INFO: Refreshed devices: 0 found
[MidiManager] INFO: Initialized with 1 devices (1 enabled)
[OSC] INFO: Registered listener for  /status/engine_load
[MidiEditor] INFO: grid_helper changed:  ():<Resource#-9223371806235162090>
[NoteContainer] INFO: update_container_width: multi=false rightmost_tick=0 min_px=2048.0 scroll=0.0 viewport=0.0 content_px=1024.0 required_px=2048.0
[ClipEditor] INFO:   - UI mode: CLIP, left_panel=false, toggle_disabled=true
[OSC] INFO: Registered listener for  /status/playhead
[OSC] INFO: Registered listener for  /status/playing
[OSC] INFO: Ready - listening on port 7001, sending to port 7000
[OSC] INFO: Registered listener for  /clip/*/load_state
[OSC] INFO: Registered listener for  /audiofile/decode/ready
[OSC] INFO: Registered listener for  /audiofile/waveform/level
[OSC] INFO: Registered listener for  /audiofile/progress
[OSC] INFO: Registered listener for  /audiofile/error
[OSC] INFO: sending  /project/clear  args:  []
[OSC] INFO: sending  /project/init  args:  [120.0, 4, 4, 960, 48000]
[OSC] INFO: sending  /builtin/request  args:  []
[OSC] INFO: Registered listener for  /channel/1/peak
[OSC] INFO: sending  /channel/1/create  args:  ["Master"]
[OSC] INFO: sending  /channel/1/volume  args:  [0.0]
[OSC] INFO: sending  /channel/1/pan  args:  [0.0]
[OSC] INFO: sending  /channel/1/mute  args:  [0]
[OSC] INFO: sending  /channel/1/solo  args:  [0]
[OSC] INFO: sending  /channel/1/midi_input_device  args:  [-2]
[OSC] INFO: sending  /channel/1/record_armed  args:  [0]
[OSC] INFO: sending  /channel/1/route  args:  [1000]
[OSC] INFO: Engine connected!
[OSC] INFO: sending  /plugin/scan  args:  []
[OSC] INFO: Registered listener for  /channel/2/peak
[OSC] INFO: sending  /channel/2/create  args:  ["Violas-Accent"]
[OSC] INFO: sending  /channel/2/volume  args:  [-6.0]
[OSC] INFO: sending  /channel/2/pan  args:  [0.0]
[OSC] INFO: sending  /channel/2/mute  args:  [0]
[OSC] INFO: sending  /channel/2/solo  args:  [0]
[OSC] INFO: sending  /channel/2/midi_input_device  args:  [-2]
[OSC] INFO: sending  /channel/2/record_armed  args:  [0]
[OSC] INFO: sending  /channel/2/route  args:  [1]
[OSC] INFO: sending  /channel/2/mute  args:  [0]
[OSC] INFO: sending  /channel/2/solo  args:  [0]
[OSC] INFO: sending  /track/0/create  args:  [2]
[OSC] INFO: sending  /channel/2/add_device  args:  ["sonara.builtin.sfizz", 0, 1, 1, "builtin", ""]
[OSC] INFO: Registered listener for  /channel/2/device/0/active
[OSC] INFO: Registered listener for  /channel/2/device/0/enabled
[OSC] INFO: Registered listener for  /channel/2/device/0/param/count
[OSC] INFO: Registered listener for  /channel/2/device/0/param/info
[OSC] INFO: Registered listener for  /channel/2/device/0/loading_state
[OSC] INFO: Registered listener for  /channel/2/device/0/gui/closed
[OSC] INFO: Registered listener for  /channel/2/device/0/param/*/value
[OSC] INFO: sending  /channel/2/device/0/load_file  args:  ["/home/peter/Music/libs/SFZ/PO/Violas/Violas-Accent.sfz"]
[OSC] INFO: sending  /channel/2/record_armed  args:  [1]
[OSC] INFO: sending  /channel/2/midi_event  args:  [2, 9, 0, 60, 100, 30517013]
[OSC] INFO: sending  /channel/2/midi_event  args:  [2, 8, 0, 60, 0, 30737632]
[OSC] INFO: sending  /channel/2/midi_event  args:  [2, 9, 0, 67, 100, 30787269]
[OSC] INFO: sending  /channel/2/midi_event  args:  [2, 8, 0, 67, 0, 30957378]
[OSC] INFO: sending  /channel/2/midi_event  args:  [2, 9, 0, 60, 100, 31038189]
[OSC] INFO: sending  /channel/2/midi_event  args:  [2, 8, 0, 60, 0, 31227303]
[OSC] INFO: sending  /channel/2/midi_event  args:  [2, 9, 0, 60, 100, 35587276]
[OSC] INFO: sending  /channel/2/midi_event  args:  [2, 8, 0, 60, 0, 35717762]
[OSC] INFO: sending  /channel/2/midi_event  args:  [2, 9, 0, 60, 100, 36238127]
[OSC] INFO: sending  /channel/2/midi_event  args:  [2, 8, 0, 60, 0, 36377775]
[OSC] INFO: sending  /channel/2/device/0/param/1  args:  [0.72072072072072]
[OSC] INFO: sending  /channel/2/device/0/param/1  args:  [0.72522522522523]
[OSC] INFO: sending  /channel/2/device/0/param/1  args:  [0.74774774774775]
[OSC] INFO: sending  /channel/2/device/0/param/1  args:  [0.77027027027027]
[OSC] INFO: sending  /channel/2/device/0/param/1  args:  [0.7972972972973]
[OSC] INFO: sending  /channel/2/device/0/param/1  args:  [0.82882882882883]
[OSC] INFO: sending  /channel/2/device/0/param/1  args:  [0.85585585585586]
[OSC] INFO: sending  /channel/2/device/0/param/1  args:  [0.88288288288288]
[OSC] INFO: sending  /channel/2/device/0/param/1  args:  [0.90990990990991]
[OSC] INFO: sending  /channel/2/device/0/param/1  args:  [0.92792792792793]
[OSC] INFO: sending  /channel/2/device/0/param/1  args:  [0.95045045045045]
[OSC] INFO: sending  /channel/2/device/0/param/1  args:  [0.97297297297297]
[OSC] INFO: sending  /channel/2/device/0/param/1  args:  [0.98198198198198]
[OSC] INFO: sending  /channel/2/device/0/param/1  args:  [0.99099099099099]
[OSC] INFO: sending  /channel/2/device/0/param/1  args:  [1.0]
[OSC] INFO: sending  /channel/2/midi_event  args:  [2, 9, 0, 60, 100, 36768290]
[OSC] INFO: sending  /channel/2/midi_event  args:  [2, 8, 0, 60, 0, 37260656]
[OSC] INFO: sending  /channel/2/device/0/param/73  args:  [0.16666666666667]
[OSC] INFO: sending  /channel/2/device/0/param/73  args:  [0.11711711711712]
[OSC] INFO: sending  /channel/2/device/0/param/73  args:  [0.10810810810811]
[OSC] INFO: sending  /channel/2/midi_event  args:  [2, 9, 0, 60, 100, 37403884]
[OSC] INFO: sending  /channel/2/midi_event  args:  [2, 8, 0, 60, 0, 37577879]
[OSC] INFO: sending  /channel/2/midi_event  args:  [2, 9, 0, 60, 100, 37897247]
[OSC] INFO: sending  /channel/2/device/0/param/73  args:  [0.08108108108108]
[OSC] INFO: sending  /channel/2/device/0/param/73  args:  [0.07657657657658]
[OSC] INFO: sending  /channel/2/device/0/param/73  args:  [0.07207207207207]
[OSC] INFO: sending  /channel/2/device/0/param/73  args:  [0.06756756756757]
[OSC] INFO: sending  /channel/2/device/0/param/73  args:  [0.05855855855856]
[OSC] INFO: sending  /channel/2/device/0/param/73  args:  [0.04504504504505]
[OSC] INFO: sending  /channel/2/device/0/param/73  args:  [0.03603603603604]
[OSC] INFO: sending  /channel/2/midi_event  args:  [2, 8, 0, 60, 0, 38007759]
[OSC] INFO: sending  /channel/2/device/0/param/73  args:  [0.01801801801802]
[OSC] INFO: sending  /channel/2/device/0/param/73  args:  [0.00900900900901]
[OSC] INFO: sending  /channel/2/device/0/param/73  args:  [0.0]
[OSC] INFO: sending  /channel/2/device/0/param/73  args:  [0.0]
[OSC] INFO: sending  /channel/2/midi_event  args:  [2, 9, 0, 60, 100, 38257253]
[OSC] INFO: sending  /channel/2/midi_event  args:  [2, 8, 0, 60, 0, 38607630]
[OSC] INFO: sending  /channel/2/midi_event  args:  [2, 9, 0, 60, 100, 38967793]
[OSC] INFO: sending  /channel/2/midi_event  args:  [2, 8, 0, 60, 0, 39197862]
[OSC] INFO: sending  /channel/2/device/0/param/73  args:  [0.04054054054054]
[OSC] INFO: sending  /channel/2/device/0/param/73  args:  [0.04954954954955]
[OSC] INFO: sending  /channel/2/device/0/param/73  args:  [0.06306306306306]
[OSC] INFO: sending  /channel/2/device/0/param/73  args:  [0.07207207207207]
[OSC] INFO: sending  /channel/2/device/0/param/73  args:  [0.09009009009009]
[OSC] INFO: sending  /channel/2/device/0/param/73  args:  [0.1036036036036]
[OSC] INFO: sending  /channel/2/device/0/param/73  args:  [0.11711711711712]
[OSC] INFO: sending  /channel/2/device/0/param/73  args:  [0.12612612612613]
[OSC] INFO: sending  /channel/2/device/0/param/73  args:  [0.13063063063063]
[OSC] INFO: sending  /channel/2/device/0/param/73  args:  [0.13513513513514]
[OSC] INFO: sending  /channel/2/midi_event  args:  [2, 9, 0, 60, 100, 39867906]
[OSC] INFO: sending  /channel/2/device/0/param/73  args:  [0.10810810810811]
[OSC] INFO: sending  /channel/2/device/0/param/73  args:  [0.1036036036036]
[OSC] INFO: sending  /channel/2/midi_event  args:  [2, 8, 0, 60, 0, 40157864]
[OSC] INFO: sending  /channel/2/device/0/param/73  args:  [0.0990990990991]
[OSC] INFO: sending  /channel/2/device/0/param/73  args:  [0.09459459459459]
[OSC] INFO: sending  /channel/2/device/0/param/73  args:  [0.09009009009009]
[OSC] INFO: sending  /channel/2/midi_event  args:  [2, 9, 0, 60, 100, 40397950]
[OSC] INFO: sending  /channel/2/device/0/param/73  args:  [0.09459459459459]
[OSC] INFO: sending  /channel/2/device/0/param/73  args:  [0.0990990990991]
[OSC] INFO: sending  /channel/2/midi_event  args:  [2, 8, 0, 60, 0, 41658028]
[OSC] INFO: sending  /channel/2/midi_event  args:  [2, 9, 0, 67, 100, 41707541]
[OSC] INFO: sending  /channel/2/midi_event  args:  [2, 8, 0, 67, 0, 42828073]
[OSC] INFO: sending  /channel/2/midi_event  args:  [2, 9, 0, 65, 100, 42858682]
[OSC] INFO: sending  /channel/2/midi_event  args:  [2, 9, 0, 67, 100, 42948077]
[OSC] INFO: sending  /channel/2/midi_event  args:  [2, 8, 0, 65, 0, 42948535]
[OSC] INFO: sending  /channel/2/midi_event  args:  [2, 9, 0, 65, 100, 43047973]
[OSC] INFO: sending  /channel/2/midi_event  args:  [2, 8, 0, 67, 0, 43107736]
[OSC] INFO: sending  /channel/2/midi_event  args:  [2, 9, 0, 63, 100, 43278257]
[OSC] INFO: sending  /channel/2/midi_event  args:  [2, 8, 0, 65, 0, 43278736]
[OSC] INFO: sending  /channel/2/midi_event  args:  [2, 8, 0, 63, 0, 43647938]
[OSC] INFO: sending  /channel/2/midi_event  args:  [2, 9, 0, 62, 100, 43728167]
[OSC] INFO: sending  /channel/2/midi_event  args:  [2, 8, 0, 62, 0, 44178103]
[OSC] INFO: sending  /channel/2/midi_event  args:  [2, 9, 0, 60, 100, 44598425]
[OSC] INFO: sending  /channel/2/midi_event  args:  [2, 8, 0, 60, 0, 44857530]
[OSC] INFO: sending  /channel/2/midi_event  args:  [2, 9, 0, 60, 100, 45888459]
[OSC] INFO: sending  /channel/2/midi_event  args:  [2, 8, 0, 60, 0, 46308158]
[OSC] INFO: Registered listener for  /channel/3/peak
[OSC] INFO: sending  /channel/3/create  args:  ["Bus 2"]
[OSC] INFO: sending  /channel/3/volume  args:  [-6.0]
[OSC] INFO: sending  /channel/3/pan  args:  [0.0]
[OSC] INFO: sending  /channel/3/mute  args:  [0]
[OSC] INFO: sending  /channel/3/solo  args:  [0]
[OSC] INFO: sending  /channel/3/midi_input_device  args:  [-2]
[OSC] INFO: sending  /channel/3/record_armed  args:  [0]
[OSC] INFO: sending  /channel/3/route  args:  [1]
[OSC] INFO: sending  /channel/2/midi_event  args:  [2, 9, 0, 60, 100, 47578135]
[OSC] INFO: sending  /channel/2/midi_event  args:  [2, 8, 0, 60, 0, 48482599]
[ChannelDeviceList] INFO: Device dropped on channel 3 at position 0: Dragonfly Hall Reverb
[OSC] INFO: sending  /channel/3/add_device  args:  ["michaelwillis.dragonfly.hall", 0, 1, 1, "clap", "/home/peter/.clap/DragonflyHallReverb.clap"]
[OSC] INFO: sending  /plugin/get_parameters  args:  [3, 0]
[OSC] INFO: Registered listener for  /channel/3/device/0/active
[OSC] INFO: Registered listener for  /channel/3/device/0/enabled
[OSC] INFO: Registered listener for  /channel/3/device/0/param/count
[OSC] INFO: Registered listener for  /channel/3/device/0/param/info
[OSC] INFO: Registered listener for  /channel/3/device/0/loading_state
[OSC] INFO: Registered listener for  /channel/3/device/0/gui/closed
[OSC] INFO: Registered listener for  /channel/3/device/0/param/*/value
[ChannelDeviceList] INFO: Device added to channel at position 0: michaelwillis.dragonfly.hall
[OSC] INFO: sending  /channel/2/midi_event  args:  [2, 9, 0, 60, 100, 54187678]
[OSC] INFO: sending  /channel/2/midi_event  args:  [2, 8, 0, 60, 0, 54848179]
[OSC] INFO: sending  /channel/2/midi_event  args:  [2, 9, 0, 65, 100, 56008359]
[OSC] INFO: sending  /channel/2/midi_event  args:  [2, 8, 0, 65, 0, 56578125]
[OSC] INFO: sending  /channel/2/midi_event  args:  [2, 9, 0, 60, 100, 57937857]
[OSC] INFO: sending  /channel/2/midi_event  args:  [2, 8, 0, 60, 0, 58468261]
[OSC] INFO: sending  /channel/2/midi_event  args:  [2, 9, 0, 60, 100, 59068554]
[OSC] INFO: sending  /channel/2/midi_event  args:  [2, 8, 0, 60, 0, 59578465]
[OSC] INFO: sending  /channel/2/midi_event  args:  [2, 9, 0, 60, 100, 62517307]
[OSC] INFO: sending  /channel/2/midi_event  args:  [2, 8, 0, 60, 0, 63377737]
[OSC] INFO: sending  /channel/3/device/0/param/0  args:  [0.82101167315175]
[OSC] INFO: sending  /channel/3/device/0/param/0  args:  [0.81712062256809]
[OSC] INFO: sending  /channel/3/device/0/param/0  args:  [0.81322957198444]
[OSC] INFO: sending  /channel/3/device/0/param/0  args:  [0.80544747081712]
[OSC] INFO: sending  /channel/3/device/0/param/0  args:  [0.79766536964981]
[OSC] INFO: sending  /channel/3/device/0/param/0  args:  [0.78599221789883]
[OSC] INFO: sending  /channel/3/device/0/param/0  args:  [0.75097276264591]
[OSC] INFO: sending  /channel/3/device/0/param/0  args:  [0.72762645914397]
[OSC] INFO: sending  /channel/3/device/0/param/0  args:  [0.69260700389105]
[OSC] INFO: sending  /channel/3/device/0/param/0  args:  [0.64591439688716]
[OSC] INFO: sending  /channel/3/device/0/param/0  args:  [0.59143968871595]
[OSC] INFO: sending  /channel/3/device/0/param/0  args:  [0.53307392996109]
[OSC] INFO: sending  /channel/3/device/0/param/0  args:  [0.47470817120623]
[OSC] INFO: sending  /channel/3/device/0/param/0  args:  [0.41634241245136]
[OSC] INFO: sending  /channel/3/device/0/param/0  args:  [0.36186770428016]
[OSC] INFO: sending  /channel/3/device/0/param/0  args:  [0.284046692607]
[OSC] INFO: sending  /channel/3/device/0/param/0  args:  [0.21789883268482]
[OSC] INFO: sending  /channel/3/device/0/param/0  args:  [0.16342412451362]
[OSC] INFO: sending  /channel/3/device/0/param/0  args:  [0.1011673151751]
[OSC] INFO: sending  /channel/3/device/0/param/0  args:  [0.03891050583658]
[OSC] INFO: sending  /channel/3/device/0/param/0  args:  [0.0]
[OSC] INFO: sending  /channel/3/device/0/param/0  args:  [0.0]
[OSC] INFO: sending  /channel/2/midi_event  args:  [2, 9, 0, 60, 100, 65847754]
[OSC] INFO: sending  /channel/2/midi_event  args:  [2, 8, 0, 60, 0, 66027765]
[OSC] INFO: sending  /channel/2/midi_event  args:  [2, 9, 0, 60, 100, 66637667]
[OSC] INFO: sending  /channel/2/midi_event  args:  [2, 8, 0, 60, 0, 66927561]
[OSC] INFO: sending  /channel/3/device/0/gui/open  args:  []
[OSC] INFO: sending  /channel/2/midi_event  args:  [2, 9, 0, 60, 100, 84568035]
[OSC] INFO: sending  /channel/2/midi_event  args:  [2, 8, 0, 60, 0, 84768394]
[OSC] INFO: sending  /channel/2/send/3/add  args:  [-59.64, 0]
[OSC] INFO: sending  /channel/2/send/3/amount  args:  [-59.28]
[OSC] INFO: sending  /channel/2/send/3/amount  args:  [-58.92]
[OSC] INFO: sending  /channel/2/send/3/amount  args:  [-57.84]
[OSC] INFO: sending  /channel/2/send/3/amount  args:  [-57.12]
[OSC] INFO: sending  /channel/2/send/3/amount  args:  [-56.04]
[OSC] INFO: sending  /channel/2/send/3/amount  args:  [-54.24]
[OSC] INFO: sending  /channel/2/send/3/amount  args:  [-52.8]
[OSC] INFO: sending  /channel/2/send/3/amount  args:  [-51.36]
[OSC] INFO: sending  /channel/2/send/3/amount  args:  [-49.56]
[OSC] INFO: sending  /channel/2/send/3/amount  args:  [-47.76]
[OSC] INFO: sending  /channel/2/send/3/amount  args:  [-45.96]
[OSC] INFO: sending  /channel/2/send/3/amount  args:  [-44.52]
[OSC] INFO: sending  /channel/2/send/3/amount  args:  [-42.72]
[OSC] INFO: sending  /channel/2/send/3/amount  args:  [-40.92]
[OSC] INFO: sending  /channel/2/send/3/amount  args:  [-39.12]
[OSC] INFO: sending  /channel/2/send/3/amount  args:  [-38.04]
[OSC] INFO: sending  /channel/2/send/3/amount  args:  [-36.24]
[OSC] INFO: sending  /channel/2/send/3/amount  args:  [-34.44]
[OSC] INFO: sending  /channel/2/send/3/amount  args:  [-33.72]
[OSC] INFO: sending  /channel/2/send/3/amount  args:  [-32.64]
[OSC] INFO: sending  /channel/2/send/3/amount  args:  [-31.2]
[OSC] INFO: sending  /channel/2/send/3/amount  args:  [-30.48]
[OSC] INFO: sending  /channel/2/send/3/amount  args:  [-29.4]
[OSC] INFO: sending  /channel/2/send/3/amount  args:  [-28.68]
[OSC] INFO: sending  /channel/2/send/3/amount  args:  [-28.32]
[OSC] INFO: sending  /channel/2/send/3/amount  args:  [-27.96]
[OSC] INFO: sending  /channel/2/send/3/amount  args:  [-27.24]
[OSC] INFO: sending  /channel/2/send/3/amount  args:  [-26.88]
[OSC] INFO: sending  /channel/2/send/3/amount  args:  [-26.52]
[OSC] INFO: sending  /channel/2/midi_event  args:  [2, 9, 0, 60, 100, 87718468]
[OSC] INFO: sending  /channel/2/midi_event  args:  [2, 8, 0, 60, 0, 87878812]
[OSC] INFO: sending  /channel/2/send/3/amount  args:  [-25.8]
[OSC] INFO: sending  /channel/2/send/3/amount  args:  [-25.44]
[OSC] INFO: sending  /channel/2/send/3/amount  args:  [-24.72]
[OSC] INFO: sending  /channel/2/send/3/amount  args:  [-23.28]
[OSC] INFO: sending  /channel/2/send/3/amount  args:  [-22.2]
[OSC] INFO: sending  /channel/2/send/3/amount  args:  [-20.4]
[OSC] INFO: sending  /channel/2/send/3/amount  args:  [-18.6]
[OSC] INFO: sending  /channel/2/send/3/amount  args:  [-16.44]
[OSC] INFO: sending  /channel/2/send/3/amount  args:  [-14.28]
[OSC] INFO: sending  /channel/2/send/3/amount  args:  [-11.76]
[OSC] INFO: sending  /channel/2/send/3/amount  args:  [-10.32]
[OSC] INFO: sending  /channel/2/send/3/amount  args:  [-8.16]
[OSC] INFO: sending  /channel/2/send/3/amount  args:  [-6.35999999999999]
[OSC] INFO: sending  /channel/2/send/3/amount  args:  [-4.92]
[OSC] INFO: sending  /channel/2/send/3/amount  args:  [-3.84]
[OSC] INFO: sending  /channel/2/send/3/amount  args:  [-2.4]
[OSC] INFO: sending  /channel/2/send/3/amount  args:  [-1.67999999999999]
[OSC] INFO: sending  /channel/2/send/3/amount  args:  [-0.95999999999999]
[OSC] INFO: sending  /channel/2/send/3/amount  args:  [0.12]
[OSC] INFO: sending  /channel/2/send/3/amount  args:  [0.48]
[OSC] INFO: sending  /channel/2/midi_event  args:  [2, 9, 0, 60, 100, 88839044]
[OSC] INFO: sending  /channel/2/midi_event  args:  [2, 8, 0, 60, 0, 89038454]
[OSC] INFO: sending  /channel/2/send/3/amount  args:  [0.84]
[OSC] INFO: sending  /channel/2/send/3/amount  args:  [1.56000000000001]
[OSC] INFO: sending  /channel/2/send/3/amount  args:  [3.72000000000001]
[OSC] INFO: sending  /channel/2/send/3/amount  args:  [5.52000000000001]
[OSC] INFO: sending  /channel/2/send/3/amount  args:  [8.40000000000001]
[OSC] INFO: sending  /channel/2/send/3/amount  args:  [11.28]
[OSC] INFO: sending  /channel/2/send/3/amount  args:  [12.0]
[OSC] INFO: sending  /channel/2/send/3/amount  args:  [12.0]
[OSC] INFO: sending  /channel/2/send/3/amount  args:  [12.0]
[OSC] INFO: sending  /channel/2/send/3/amount  args:  [12.0]
[OSC] INFO: sending  /channel/2/send/3/amount  args:  [12.0]
[OSC] INFO: sending  /channel/2/send/3/amount  args:  [12.0]
[OSC] INFO: sending  /channel/2/send/3/amount  args:  [12.0]
[OSC] INFO: sending  /channel/2/send/3/amount  args:  [12.0]
[OSC] INFO: sending  /channel/2/send/3/amount  args:  [12.0]
[OSC] INFO: sending  /channel/2/send/3/amount  args:  [12.0]
[OSC] INFO: sending  /channel/2/send/3/amount  args:  [12.0]
[OSC] INFO: sending  /channel/2/midi_event  args:  [2, 9, 0, 60, 100, 89628630]
[OSC] INFO: sending  /channel/2/midi_event  args:  [2, 8, 0, 60, 0, 90688267]
[OSC] INFO: sending  /channel/2/midi_event  args:  [2, 9, 0, 65, 100, 91918740]
[OSC] INFO: sending  /channel/2/midi_event  args:  [2, 9, 0, 63, 100, 92488699]
[OSC] INFO: sending  /channel/2/midi_event  args:  [2, 8, 0, 65, 0, 92558956]
[OSC] INFO: sending  /channel/2/midi_event  args:  [2, 9, 0, 62, 100, 92649004]
[OSC] INFO: sending  /channel/2/midi_event  args:  [2, 8, 0, 63, 0, 92668737]
[OSC] INFO: sending  /channel/2/midi_event  args:  [2, 9, 0, 63, 100, 92788812]
[OSC] INFO: sending  /channel/2/midi_event  args:  [2, 8, 0, 62, 0, 92818470]
[OSC] INFO: sending  /channel/2/midi_event  args:  [2, 9, 0, 65, 100, 93268791]
[OSC] INFO: sending  /channel/2/midi_event  args:  [2, 8, 0, 63, 0, 93298421]
[OSC] INFO: sending  /channel/2/midi_event  args:  [2, 8, 0, 65, 0, 93458949]
[OSC] INFO: sending  /channel/2/midi_event  args:  [2, 9, 0, 67, 100, 93508799]
[OSC] INFO: sending  /channel/2/midi_event  args:  [2, 9, 0, 60, 100, 94228472]
[OSC] INFO: sending  /channel/2/midi_event  args:  [2, 8, 0, 67, 0, 94269179]
[OSC] INFO: sending  /channel/2/midi_event  args:  [2, 8, 0, 60, 0, 95008447]
[OSC] INFO: sending  /channel/2/midi_event  args:  [2, 9, 0, 65, 100, 96279121]
[OSC] INFO: sending  /channel/2/midi_event  args:  [2, 9, 0, 63, 100, 96828757]
[OSC] INFO: sending  /channel/2/midi_event  args:  [2, 8, 0, 65, 0, 96838591]
[OSC] INFO: sending  /channel/2/midi_event  args:  [2, 9, 0, 62, 100, 96988785]
[OSC] INFO: sending  /channel/2/midi_event  args:  [2, 8, 0, 63, 0, 97038853]
[OSC] INFO: sending  /channel/2/midi_event  args:  [2, 9, 0, 63, 100, 97138432]
[OSC] INFO: sending  /channel/2/midi_event  args:  [2, 8, 0, 62, 0, 97168535]
[OSC] INFO: sending  /channel/2/midi_event  args:  [2, 9, 0, 65, 100, 97756764]
[OSC] INFO: sending  /channel/2/midi_event  args:  [2, 8, 0, 63, 0, 97756928]
[OSC] INFO: sending  /channel/2/midi_event  args:  [2, 8, 0, 65, 0, 97757016]
[OSC] INFO: sending  /channel/2/midi_event  args:  [2, 9, 0, 67, 100, 97757094]
[OSC] INFO: sending  /channel/2/midi_event  args:  [2, 9, 0, 60, 100, 98308683]
[OSC] INFO: sending  /channel/2/midi_event  args:  [2, 8, 0, 67, 0, 98348140]
[OSC] INFO: sending  /channel/2/midi_event  args:  [2, 8, 0, 60, 0, 99088486]
[OSC] INFO: sending  /channel/2/midi_event  args:  [2, 9, 0, 63, 100, 100098849]
[OSC] INFO: sending  /channel/2/midi_event  args:  [2, 9, 0, 65, 100, 100788824]
[OSC] INFO: sending  /channel/2/midi_event  args:  [2, 8, 0, 63, 0, 100818853]
[OSC] INFO: sending  /channel/2/midi_event  args:  [2, 9, 0, 63, 100, 100978878]
[OSC] INFO: sending  /channel/2/midi_event  args:  [2, 8, 0, 65, 0, 101058799]
[OSC] INFO: sending  /channel/2/midi_event  args:  [2, 9, 0, 65, 100, 101128756]
[OSC] INFO: sending  /channel/2/midi_event  args:  [2, 8, 0, 63, 0, 101168192]
[OSC] INFO: sending  /channel/2/midi_event  args:  [2, 9, 0, 62, 100, 101227066]
[OSC] INFO: sending  /channel/2/midi_event  args:  [2, 8, 0, 65, 0, 101248578]
[OSC] INFO: sending  /channel/2/midi_event  args:  [2, 9, 0, 63, 100, 101908610]
[OSC] INFO: sending  /channel/2/midi_event  args:  [2, 8, 0, 62, 0, 101908957]
[OSC] INFO: sending  /channel/2/midi_event  args:  [2, 9, 0, 67, 100, 102258913]
[OSC] INFO: sending  /channel/2/midi_event  args:  [2, 8, 0, 63, 0, 102268670]
[OSC] INFO: sending  /channel/2/midi_event  args:  [2, 9, 0, 60, 100, 102758426]
[OSC] INFO: sending  /channel/2/midi_event  args:  [2, 8, 0, 67, 0, 102799098]
[OSC] INFO: sending  /channel/2/midi_event  args:  [2, 8, 0, 60, 0, 103288883]
[OSC] INFO: sending  /channel/2/midi_event  args:  [2, 9, 0, 67, 100, 104548835]
[OSC] INFO: sending  /channel/2/midi_event  args:  [2, 9, 0, 63, 100, 105058825]
[OSC] INFO: sending  /channel/2/midi_event  args:  [2, 8, 0, 67, 0, 105098450]
[OSC] INFO: sending  /channel/2/midi_event  args:  [2, 9, 0, 62, 100, 105178654]
[OSC] INFO: sending  /channel/2/midi_event  args:  [2, 8, 0, 63, 0, 105229081]
[OSC] INFO: sending  /channel/2/midi_event  args:  [2, 9, 0, 60, 100, 105368427]
[OSC] INFO: sending  /channel/2/midi_event  args:  [2, 8, 0, 62, 0, 105418741]
[OSC] INFO: sending  /channel/2/midi_event  args:  [2, 8, 0, 60, 0, 106018838]
[OSC] INFO: sending  /channel/2/midi_event  args:  [2, 9, 0, 65, 100, 106718409]
[OSC] INFO: sending  /channel/2/midi_event  args:  [2, 9, 0, 63, 100, 106838431]
[OSC] INFO: sending  /channel/2/midi_event  args:  [2, 8, 0, 65, 0, 106888697]
[OSC] INFO: sending  /channel/2/midi_event  args:  [2, 9, 0, 62, 100, 106979058]
[OSC] INFO: sending  /channel/2/midi_event  args:  [2, 8, 0, 63, 0, 106979421]
[OSC] INFO: sending  /channel/2/midi_event  args:  [2, 9, 0, 63, 100, 107308721]
[OSC] INFO: sending  /channel/2/midi_event  args:  [2, 8, 0, 62, 0, 107338726]
[OSC] INFO: sending  /channel/2/midi_event  args:  [2, 9, 0, 65, 100, 107539016]
[OSC] INFO: sending  /channel/2/midi_event  args:  [2, 8, 0, 63, 0, 107558465]
[OSC] INFO: sending  /channel/2/midi_event  args:  [2, 8, 0, 65, 0, 107798540]
[OSC] INFO: sending  /channel/2/midi_event  args:  [2, 9, 0, 67, 100, 107858408]
[OSC] INFO: sending  /channel/2/midi_event  args:  [2, 8, 0, 67, 0, 108398517]
[OSC] INFO: sending  /channel/2/midi_event  args:  [2, 9, 0, 63, 100, 108408268]
[OSC] INFO: sending  /channel/2/midi_event  args:  [2, 9, 0, 62, 100, 108548584]
[OSC] INFO: sending  /channel/2/midi_event  args:  [2, 8, 0, 63, 0, 108559152]
[OSC] INFO: sending  /channel/2/midi_event  args:  [2, 9, 0, 60, 100, 108688958]
[OSC] INFO: sending  /channel/2/midi_event  args:  [2, 8, 0, 62, 0, 108719016]
[OSC] INFO: sending  /channel/2/midi_event  args:  [2, 8, 0, 60, 0, 109228758]
[OSC] INFO: sending  /channel/2/midi_event  args:  [2, 9, 0, 65, 100, 109268754]
[OSC] INFO: sending  /channel/2/midi_event  args:  [2, 9, 0, 63, 100, 109658608]
[OSC] INFO: sending  /channel/2/midi_event  args:  [2, 8, 0, 65, 0, 109698317]
[OSC] INFO: sending  /channel/2/midi_event  args:  [2, 9, 0, 62, 100, 109968288]
[OSC] INFO: sending  /channel/2/midi_event  args:  [2, 8, 0, 63, 0, 109998271]
[OSC] INFO: sending  /channel/2/midi_event  args:  [2, 9, 0, 60, 100, 110208182]
[OSC] INFO: sending  /channel/2/midi_event  args:  [2, 8, 0, 62, 0, 110268220]
[OSC] INFO: sending  /channel/2/midi_event  args:  [2, 8, 0, 60, 0, 110729007]
[OSC] WARN: [Engine]  GUI close response timeout/error (non-fatal): Failed to read response: Resource temporarily unavailable (os error 11) - considering GUI closed
[OSC] INFO: sending  /channel/3/device/0/gui/open  args:  []
[OSC] INFO: sending  /channel/3/device/0/gui/open  args:  []
[OSC] WARN: [Engine]  â ï¸  Window plugin_3_0 already exists, reusing existing window
[OSC] INFO: sending  /channel/2/midi_event  args:  [2, 9, 0, 67, 100, 163177729]
[OSC] INFO: sending  /channel/2/midi_event  args:  [2, 9, 0, 63, 100, 163657741]
[OSC] INFO: sending  /channel/2/midi_event  args:  [2, 8, 0, 67, 0, 163717605]
[OSC] INFO: sending  /channel/2/midi_event  args:  [2, 9, 0, 62, 100, 163817518]
[OSC] INFO: sending  /channel/2/midi_event  args:  [2, 8, 0, 63, 0, 163838229]
[OSC] INFO: sending  /channel/2/midi_event  args:  [2, 9, 0, 60, 100, 163957709]
[OSC] INFO: sending  /channel/2/midi_event  args:  [2, 8, 0, 62, 0, 163987803]
[OSC] INFO: sending  /channel/2/midi_event  args:  [2, 9, 0, 62, 100, 164147459]
[OSC] INFO: sending  /channel/2/midi_event  args:  [2, 8, 0, 60, 0, 164167674]
[OSC] INFO: sending  /channel/2/midi_event  args:  [2, 9, 0, 63, 100, 164697164]
[OSC] INFO: sending  /channel/2/midi_event  args:  [2, 8, 0, 62, 0, 164737730]
[OSC] INFO: sending  /channel/2/midi_event  args:  [2, 9, 0, 65, 100, 164987574]
[OSC] INFO: sending  /channel/2/midi_event  args:  [2, 8, 0, 63, 0, 165037770]
[OSC] INFO: sending  /channel/2/midi_event  args:  [2, 8, 0, 65, 0, 165577741]
[OSC] INFO: sending  /channel/2/midi_event  args:  [2, 9, 0, 67, 100, 166877630]
[OSC] INFO: sending  /channel/2/midi_event  args:  [2, 8, 0, 67, 0, 167796953]
[OSC] INFO: sending  /channel/2/midi_event  args:  [2, 9, 0, 60, 100, 168216988]
[OSC] INFO: sending  /channel/3/volume  args:  [-5.10504445754269]
[OSC] INFO: sending  /channel/3/volume  args:  [-5.72810073191697]
[OSC] INFO: sending  /channel/3/volume  args:  [-6.0457443344826]
[OSC] INFO: sending  /channel/3/volume  args:  [-6.36764261726649]
[OSC] INFO: sending  /channel/3/volume  args:  [-6.69393770150457]
[OSC] INFO: sending  /channel/3/volume  args:  [-7.02477941429555]
[OSC] INFO: sending  /channel/3/volume  args:  [-7.36032587343762]
[OSC] INFO: sending  /channel/3/volume  args:  [-8.04621087468383]
[OSC] INFO: sending  /channel/3/volume  args:  [-8.39691321895585]
[OSC] INFO: sending  /channel/3/volume  args:  [-8.75304955534956]
[OSC] INFO: sending  /channel/3/volume  args:  [-9.11483051249629]
[OSC] INFO: sending  /channel/3/volume  args:  [-9.48248001432911]
[OSC] INFO: sending  /channel/3/volume  args:  [-9.85623645878863]
[OSC] INFO: sending  /channel/3/volume  args:  [-10.6231041817337]
[OSC] INFO: sending  /channel/3/volume  args:  [-11.0167772602608]
[OSC] INFO: sending  /channel/3/volume  args:  [-11.4176843849647]
[OSC] INFO: sending  /channel/3/volume  args:  [-11.8261595272842]
[OSC] INFO: sending  /channel/3/volume  args:  [-12.2425618807372]
[OSC] INFO: sending  /channel/3/volume  args:  [-13.1007276090258]
[OSC] INFO: sending  /channel/3/volume  args:  [-13.543361614283]
[OSC] INFO: sending  /channel/3/volume  args:  [-13.9956716178759]
[OSC] INFO: sending  /channel/3/volume  args:  [-14.4581918115628]
[OSC] INFO: sending  /channel/3/volume  args:  [-14.9315048993374]
[OSC] INFO: sending  /channel/3/volume  args:  [-15.4162483514826]
[OSC] INFO: sending  /channel/3/volume  args:  [-16.422895245833]
[OSC] INFO: sending  /channel/3/volume  args:  [-15.4162483514826]
[OSC] INFO: sending  /channel/2/midi_event  args:  [2, 8, 0, 60, 0, 170737084]
[OSC] INFO: sending  /channel/2/midi_event  args:  [2, 9, 0, 67, 100, 170977190]
[OSC] INFO: sending  /channel/2/midi_event  args:  [2, 9, 0, 63, 100, 171427346]
[OSC] INFO: sending  /channel/2/midi_event  args:  [2, 8, 0, 67, 0, 171467651]
[OSC] INFO: sending  /channel/2/midi_event  args:  [2, 9, 0, 62, 100, 171737905]
[OSC] INFO: sending  /channel/2/midi_event  args:  [2, 8, 0, 63, 0, 171787028]
[OSC] INFO: sending  /channel/2/midi_event  args:  [2, 9, 0, 65, 100, 172037791]
[OSC] INFO: sending  /channel/2/midi_event  args:  [2, 8, 0, 62, 0, 172047518]
[OSC] INFO: sending  /channel/2/midi_event  args:  [2, 8, 0, 65, 0, 172667904]
[OSC] INFO: sending  /channel/2/midi_event  args:  [2, 9, 0, 60, 100, 190377268]
[OSC] INFO: sending  /channel/2/midi_event  args:  [2, 8, 0, 60, 0, 190377560]
[OSC] INFO: sending  /channel/2/midi_event  args:  [2, 9, 0, 60, 100, 190986587]
[OSC] INFO: sending  /channel/2/midi_event  args:  [2, 8, 0, 60, 0, 191346563]
[OSC] INFO: sending  /channel/2/midi_event  args:  [2, 9, 0, 67, 100, 191387245]
[OSC] INFO: sending  /channel/2/midi_event  args:  [2, 9, 0, 63, 100, 191717352]
[OSC] INFO: sending  /channel/2/midi_event  args:  [2, 8, 0, 67, 0, 191777253]
[OSC] INFO: sending  /channel/2/midi_event  args:  [2, 9, 0, 62, 100, 191987216]
[OSC] INFO: sending  /channel/2/midi_event  args:  [2, 8, 0, 63, 0, 191987667]
[OSC] INFO: sending  /channel/2/midi_event  args:  [2, 9, 0, 63, 100, 192216692]
[OSC] INFO: sending  /channel/2/midi_event  args:  [2, 8, 0, 62, 0, 192217084]
[OSC] INFO: sending  /channel/2/midi_event  args:  [2, 9, 0, 65, 100, 192467536]
[OSC] INFO: sending  /channel/2/midi_event  args:  [2, 8, 0, 63, 0, 192476895]
[OSC] INFO: sending  /channel/2/midi_event  args:  [2, 9, 0, 63, 100, 192837022]
[OSC] INFO: sending  /channel/2/midi_event  args:  [2, 8, 0, 65, 0, 192857185]
[OSC] INFO: sending  /channel/2/midi_event  args:  [2, 9, 0, 62, 100, 192997534]
[OSC] INFO: sending  /channel/2/midi_event  args:  [2, 8, 0, 63, 0, 193076938]
[OSC] INFO: sending  /channel/2/midi_event  args:  [2, 9, 0, 60, 100, 193136959]
[OSC] INFO: sending  /channel/2/midi_event  args:  [2, 8, 0, 62, 0, 193187374]
[OSC] INFO: sending  /channel/2/midi_event  args:  [2, 9, 0, 62, 100, 193367581]
[OSC] INFO: sending  /channel/2/midi_event  args:  [2, 8, 0, 60, 0, 193427356]
[OSC] INFO: sending  /channel/2/midi_event  args:  [2, 9, 0, 63, 100, 193607333]
[OSC] INFO: sending  /channel/2/midi_event  args:  [2, 8, 0, 62, 0, 193626840]
[OSC] INFO: sending  /channel/2/midi_event  args:  [2, 9, 0, 65, 100, 193776724]
[OSC] INFO: sending  /channel/2/midi_event  args:  [2, 8, 0, 63, 0, 193787424]
[OSC] INFO: sending  /channel/2/midi_event  args:  [2, 9, 0, 63, 100, 194387925]
[OSC] INFO: sending  /channel/2/midi_event  args:  [2, 8, 0, 65, 0, 194417264]
[OSC] INFO: sending  /channel/2/midi_event  args:  [2, 9, 0, 65, 100, 194517009]
[OSC] INFO: sending  /channel/2/midi_event  args:  [2, 8, 0, 63, 0, 194526720]
[OSC] INFO: sending  /channel/2/midi_event  args:  [2, 9, 0, 63, 100, 194616801]
[OSC] INFO: sending  /channel/2/midi_event  args:  [2, 8, 0, 65, 0, 194657271]
[OSC] INFO: sending  /channel/2/midi_event  args:  [2, 9, 0, 62, 100, 194696933]
[OSC] INFO: sending  /channel/2/midi_event  args:  [2, 8, 0, 63, 0, 194777270]
[OSC] INFO: sending  /channel/2/midi_event  args:  [2, 8, 0, 62, 0, 195287701]
[OSC] INFO: sending  /transport/seek  args:  [240]
[OSC] INFO: sending  /transport/seek  args:  [240]
[OSC] INFO: sending  /transport/seek  args:  [240]
[OSC] INFO: sending  /transport/seek  args:  [240]
[OSC] INFO: sending  /transport/seek  args:  [240]
[OSC] INFO: sending  /clip/create  args:  ["clip_1789142280_db1f650c", "midi", "Violas-Accent 1"]
[OSC] INFO: sending  /track/0/add_instance  args:  ["inst_1789142280_e58f309f", "clip_1789142280_db1f650c", 240, 3840]
[ClipEditor] INFO: Clips selected: 1 clips, multi_track=false
[ClipEditor] INFO:   - Selection tracks: [Violas-Accent]
[OSC] INFO: sending  /track/0/instance/inst_1789142280_e58f309f/set_position  args:  [0, 3840, 0]
[ClipEditor] INFO: Clips selected: 1 clips, multi_track=false
[ClipEditor] INFO:   - Selection tracks: [Violas-Accent]
[ClipEditor] INFO: _bind_pending_clips called
[ClipEditor] INFO:   - UI mode: CLIP, left_panel=false, toggle_disabled=false
[ClipEditor] INFO:   - Selected tracks: [Violas-Accent]
[ClipEditor] INFO:   - Binding 1 clips, track_mode=false, tracks=1
[ClipEditor] INFO:   - Entering CLIP-MODE
[ClipEditor] INFO:   - UI mode: CLIP, left_panel=false, toggle_disabled=false
[ClipEditor] INFO:   - Binding to clip instance:  inst_1789142280_e58f309f
[ClipEditor] INFO:   - Clip's track: 'Violas-Accent'
[NoteContainer] INFO: bind called (single-clip mode)
[NoteContainer] INFO:   - clip_instance:  <RefCounted#-9223365068421298540>
[NoteContainer] INFO:   - clip_id:  clip_1789142280_db1f650c
[NoteContainer] INFO: _load_clip_notes called
[NoteContainer] INFO: Loaded 0 notes from clip 'Violas-Accent 1'
[NoteContainer] INFO: update_container_width: multi=false rightmost_tick=0 min_px=2048.0 scroll=0.0 viewport=0.0 content_px=1024.0 required_px=2048.0
[NoteContainer] INFO: update_container_width: multi=false rightmost_tick=0 min_px=2048.0 scroll=0.0 viewport=0.0 content_px=1024.0 required_px=2048.0
[OSC] INFO: sending  /clip/clip_1789142280_db1f650c/add_note  args:  [1, 60, 0, 240, 100]
[NoteContainer] INFO: update_container_width: multi=false rightmost_tick=240 min_px=2048.0 scroll=0.0 viewport=865.0 content_px=1040.0 required_px=2048.0
[NoteContainer] INFO: Reactively added visual note 1
[NoteContainer] INFO: update_container_width: multi=false rightmost_tick=240 min_px=2048.0 scroll=0.0 viewport=865.0 content_px=1040.0 required_px=2048.0
[OSC] INFO: sending  /clip/clip_1789142280_db1f650c/remove_note  args:  [1]
[NoteContainer] INFO: update_container_width: multi=false rightmost_tick=240 min_px=2048.0 scroll=0.0 viewport=865.0 content_px=1040.0 required_px=2048.0
[NoteContainer] INFO: Reactively removed visual note 1
[OSC] INFO: sending  /clip/clip_1789142280_db1f650c/add_note  args:  [2, 67, 240, 240, 100]
[NoteContainer] INFO: update_container_width: multi=false rightmost_tick=480 min_px=2048.0 scroll=0.0 viewport=865.0 content_px=1056.0 required_px=2048.0
[NoteContainer] INFO: Reactively added visual note 2
[NoteContainer] INFO: update_container_width: multi=false rightmost_tick=480 min_px=2048.0 scroll=0.0 viewport=865.0 content_px=1056.0 required_px=2048.0
[OSC] INFO: sending  /clip/clip_1789142280_db1f650c/update_note  args:  [2, 67, 0, 240, 100]
[NoteContainer] INFO: update_container_width: multi=false rightmost_tick=240 min_px=2048.0 scroll=0.0 viewport=865.0 content_px=1040.0 required_px=2048.0
[NoteContainer] INFO: Reactively updated visual note 2
[NoteContainer] INFO: update_container_width: multi=false rightmost_tick=240 min_px=2048.0 scroll=0.0 viewport=865.0 content_px=1040.0 required_px=2048.0
[OSC] INFO: sending  /transport/play  args:  []
[OSC] WARN: Unhandled message:  /status/sample_position  =  [43127808]
[OSC] INFO: sending  /transport/pause  args:  []
[OSC] INFO: sending  /transport/seek  args:  [0]
[OSC] INFO: sending  /transport/play  args:  []
[OSC] WARN: Unhandled message:  /status/sample_position  =  [43149312]
[OSC] INFO: sending  /transport/pause  args:  []
[OSC] INFO: sending  /transport/seek  args:  [0]
[OSC] INFO: sending  /clip/clip_1789142280_db1f650c/update_note  args:  [2, 67, 0, 960, 100]
[NoteContainer] INFO: update_container_width: multi=false rightmost_tick=960 min_px=2048.0 scroll=0.0 viewport=865.0 content_px=1088.0 required_px=2048.0
[NoteContainer] INFO: Reactively updated visual note 2
[NoteContainer] INFO: update_container_width: multi=false rightmost_tick=960 min_px=2048.0 scroll=0.0 viewport=865.0 content_px=1088.0 required_px=2048.0
[OSC] INFO: sending  /clip/clip_1789142280_db1f650c/add_note  args:  [3, 69, 960, 960, 100]
[NoteContainer] INFO: update_container_width: multi=false rightmost_tick=1920 min_px=2048.0 scroll=0.0 viewport=865.0 content_px=1152.0 required_px=2048.0
[NoteContainer] INFO: Reactively added visual note 3
[NoteContainer] INFO: update_container_width: multi=false rightmost_tick=1920 min_px=2048.0 scroll=0.0 viewport=865.0 content_px=1152.0 required_px=2048.0
[OSC] INFO: sending  /clip/clip_1789142280_db1f650c/add_note  args:  [4, 70, 1920, 960, 100]
[NoteContainer] INFO: update_container_width: multi=false rightmost_tick=2880 min_px=2048.0 scroll=0.0 viewport=865.0 content_px=1216.0 required_px=2048.0
[NoteContainer] INFO: Reactively added visual note 4
[NoteContainer] INFO: update_container_width: multi=false rightmost_tick=2880 min_px=2048.0 scroll=0.0 viewport=865.0 content_px=1216.0 required_px=2048.0
[OSC] INFO: sending  /clip/clip_1789142280_db1f650c/add_note  args:  [5, 72, 2880, 960, 100]
[NoteContainer] INFO: update_container_width: multi=false rightmost_tick=3840 min_px=2048.0 scroll=0.0 viewport=865.0 content_px=1280.0 required_px=2048.0
[NoteContainer] INFO: Reactively added visual note 5
[NoteContainer] INFO: update_container_width: multi=false rightmost_tick=3840 min_px=2048.0 scroll=0.0 viewport=865.0 content_px=1280.0 required_px=2048.0
[OSC] INFO: sending  /track/0/add_instance  args:  ["inst_1789142297_a4145495", "clip_1789142280_db1f650c", 3840, 3840]
[ClipEditor] INFO: Clips selected: 1 clips, multi_track=false
[ClipEditor] INFO:   - Selection tracks: [Violas-Accent]
[ClipEditor] INFO: Clips selected: 1 clips, multi_track=false
[ClipEditor] INFO:   - Selection tracks: [Violas-Accent]
[OSC] INFO: sending  /track/0/add_instance  args:  ["inst_1789142300_00b5e947", "clip_1789142280_db1f650c", 7680, 3840]
[ClipEditor] INFO: Clips selected: 1 clips, multi_track=false
[ClipEditor] INFO:   - Selection tracks: [Violas-Accent]
[ClipEditor] INFO: Clips selected: 1 clips, multi_track=false
[ClipEditor] INFO:   - Selection tracks: [Violas-Accent]
[OSC] INFO: sending  /track/0/add_instance  args:  ["inst_1789142300_6832308b", "clip_1789142280_db1f650c", 11520, 3840]
[ClipEditor] INFO: Clips selected: 1 clips, multi_track=false
[ClipEditor] INFO:   - Selection tracks: [Violas-Accent]
[ClipEditor] INFO: Clips selected: 1 clips, multi_track=false
[ClipEditor] INFO:   - Selection tracks: [Violas-Accent]
[OSC] INFO: sending  /transport/play  args:  []
[OSC] WARN: Unhandled message:  /status/sample_position  =  [43819008]
[OSC] WARN: Unhandled message:  /status/sample_position  =  [43843584]
[OSC] INFO: sending  /track/0/add_instance  args:  ["inst_1789142303_e2c0350c", "clip_1789142280_db1f650c", 15360, 3840]
[ClipEditor] INFO: Clips selected: 1 clips, multi_track=false
[ClipEditor] INFO:   - Selection tracks: [Violas-Accent]
[ClipEditor] INFO: Clips selected: 1 clips, multi_track=false
[ClipEditor] INFO:   - Selection tracks: [Violas-Accent]
[OSC] INFO: sending  /track/0/add_instance  args:  ["inst_1789142303_f621b799", "clip_1789142280_db1f650c", 19200, 3840]
[ClipEditor] INFO: Clips selected: 1 clips, multi_track=false
[ClipEditor] INFO:   - Selection tracks: [Violas-Accent]
[ClipEditor] INFO: Clips selected: 1 clips, multi_track=false
[ClipEditor] INFO:   - Selection tracks: [Violas-Accent]
[OSC] INFO: sending  /track/0/add_instance  args:  ["inst_1789142303_77c1593d", "clip_1789142280_db1f650c", 23040, 3840]
[ClipEditor] INFO: Clips selected: 1 clips, multi_track=false
[ClipEditor] INFO:   - Selection tracks: [Violas-Accent]
[ClipEditor] INFO: Clips selected: 1 clips, multi_track=false
[ClipEditor] INFO:   - Selection tracks: [Violas-Accent]
[OSC] INFO: sending  /track/0/add_instance  args:  ["inst_1789142303_5b75b9b1", "clip_1789142280_db1f650c", 26880, 3840]
[ClipEditor] INFO: Clips selected: 1 clips, multi_track=false
[ClipEditor] INFO:   - Selection tracks: [Violas-Accent]
[ClipEditor] INFO: Clips selected: 1 clips, multi_track=false
[ClipEditor] INFO:   - Selection tracks: [Violas-Accent]
[OSC] INFO: sending  /track/0/add_instance  args:  ["inst_1789142303_49fe6f71", "clip_1789142280_db1f650c", 30720, 3840]
[ClipEditor] INFO: Clips selected: 1 clips, multi_track=false
[ClipEditor] INFO:   - Selection tracks: [Violas-Accent]
[ClipEditor] INFO: Clips selected: 1 clips, multi_track=false
[ClipEditor] INFO:   - Selection tracks: [Violas-Accent]
[OSC] INFO: sending  /track/0/add_instance  args:  ["inst_1789142303_ab53db6a", "clip_1789142280_db1f650c", 34560, 3840]
[ClipEditor] INFO: Clips selected: 1 clips, multi_track=false
[ClipEditor] INFO:   - Selection tracks: [Violas-Accent]
[ClipEditor] INFO: Clips selected: 1 clips, multi_track=false
[ClipEditor] INFO:   - Selection tracks: [Violas-Accent]
[OSC] WARN: Unhandled message:  /status/sample_position  =  [43920384]
[OSC] INFO: sending  /track/0/add_instance  args:  ["inst_1789142304_d49b5cd0", "clip_1789142280_db1f650c", 38400, 3840]
[ClipEditor] INFO: Clips selected: 1 clips, multi_track=false
[ClipEditor] INFO:   - Selection tracks: [Violas-Accent]
[ClipEditor] INFO: Clips selected: 1 clips, multi_track=false
[ClipEditor] INFO:   - Selection tracks: [Violas-Accent]
[OSC] INFO: sending  /track/0/add_instance  args:  ["inst_1789142304_bc209698", "clip_1789142280_db1f650c", 42240, 3840]
[ClipEditor] INFO: Clips selected: 1 clips, multi_track=false
[ClipEditor] INFO:   - Selection tracks: [Violas-Accent]
[ClipEditor] INFO: Clips selected: 1 clips, multi_track=false
[ClipEditor] INFO:   - Selection tracks: [Violas-Accent]
[OSC] INFO: sending  /track/0/add_instance  args:  ["inst_1789142304_7971e0e4", "clip_1789142280_db1f650c", 46080, 3840]
[ClipEditor] INFO: Clips selected: 1 clips, multi_track=false
[ClipEditor] INFO:   - Selection tracks: [Violas-Accent]
[ClipEditor] INFO: Clips selected: 1 clips, multi_track=false
[ClipEditor] INFO:   - Selection tracks: [Violas-Accent]
[OSC] INFO: sending  /track/0/add_instance  args:  ["inst_1789142304_e2bcf2f3", "clip_1789142280_db1f650c", 49920, 3840]
[ClipEditor] INFO: Clips selected: 1 clips, multi_track=false
[ClipEditor] INFO:   - Selection tracks: [Violas-Accent]
[ClipEditor] INFO: Clips selected: 1 clips, multi_track=false
[ClipEditor] INFO:   - Selection tracks: [Violas-Accent]
[OSC] INFO: sending  /track/0/add_instance  args:  ["inst_1789142304_150121f2", "clip_1789142280_db1f650c", 53760, 3840]
[ClipEditor] INFO: Clips selected: 1 clips, multi_track=false
[ClipEditor] INFO:   - Selection tracks: [Violas-Accent]
[ClipEditor] INFO: Clips selected: 1 clips, multi_track=false
[ClipEditor] INFO:   - Selection tracks: [Violas-Accent]
[OSC] INFO: sending  /track/0/add_instance  args:  ["inst_1789142305_b088c4cd", "clip_1789142280_db1f650c", 57600, 3840]
[ClipEditor] INFO: Clips selected: 1 clips, multi_track=false
[ClipEditor] INFO:   - Selection tracks: [Violas-Accent]
[ClipEditor] INFO: Clips selected: 1 clips, multi_track=false
[ClipEditor] INFO:   - Selection tracks: [Violas-Accent]
[OSC] INFO: sending  /track/0/add_instance  args:  ["inst_1789142305_c0e8e02d", "clip_1789142280_db1f650c", 61440, 3840]
[ClipEditor] INFO: Clips selected: 1 clips, multi_track=false
[ClipEditor] INFO:   - Selection tracks: [Violas-Accent]
[ClipEditor] INFO: Clips selected: 1 clips, multi_track=false
[ClipEditor] INFO:   - Selection tracks: [Violas-Accent]
[OSC] INFO: sending  /track/0/add_instance  args:  ["inst_1789142306_fa338743", "clip_1789142280_db1f650c", 65280, 3840]
[ClipEditor] INFO: Clips selected: 1 clips, multi_track=false
[ClipEditor] INFO:   - Selection tracks: [Violas-Accent]
[ClipEditor] INFO: Clips selected: 1 clips, multi_track=false
[ClipEditor] INFO:   - Selection tracks: [Violas-Accent]
[OSC] INFO: sending  /track/0/add_instance  args:  ["inst_1789142306_2616df0c", "clip_1789142280_db1f650c", 69120, 3840]
[ClipEditor] INFO: Clips selected: 1 clips, multi_track=false
[ClipEditor] INFO:   - Selection tracks: [Violas-Accent]
[ClipEditor] INFO: Clips selected: 1 clips, multi_track=false
[ClipEditor] INFO:   - Selection tracks: [Violas-Accent]
[OSC] INFO: sending  /track/0/add_instance  args:  ["inst_1789142306_b57b0a54", "clip_1789142280_db1f650c", 72960, 3840]
[ClipEditor] INFO: Clips selected: 1 clips, multi_track=false
[ClipEditor] INFO:   - Selection tracks: [Violas-Accent]
[ClipEditor] INFO: Clips selected: 1 clips, multi_track=false
[ClipEditor] INFO:   - Selection tracks: [Violas-Accent]
[OSC] INFO: sending  /track/0/add_instance  args:  ["inst_1789142306_b01655a0", "clip_1789142280_db1f650c", 76800, 3840]
[ClipEditor] INFO: Clips selected: 1 clips, multi_track=false
[ClipEditor] INFO:   - Selection tracks: [Violas-Accent]
[ClipEditor] INFO: Clips selected: 1 clips, multi_track=false
[ClipEditor] INFO:   - Selection tracks: [Violas-Accent]
[OSC] WARN: Unhandled message:  /status/sample_position  =  [44058624]
[OSC] WARN: Unhandled message:  /status/sample_position  =  [44064768]
[OSC] WARN: Unhandled message:  /status/sample_position  =  [44184576]
[OSC] WARN: Unhandled message:  /status/sample_position  =  [44270592]
[OSC] INFO: Registered listener for  /channel/4/peak
[OSC] INFO: sending  /channel/4/create  args:  ["Audio"]
[OSC] INFO: sending  /channel/4/volume  args:  [-6.0]
[OSC] INFO: sending  /channel/4/pan  args:  [0.0]
[OSC] INFO: sending  /channel/4/mute  args:  [0]
[OSC] INFO: sending  /channel/4/solo  args:  [0]
[OSC] INFO: sending  /channel/4/midi_input_device  args:  [-2]
[OSC] INFO: sending  /channel/4/record_armed  args:  [0]
[OSC] INFO: sending  /channel/4/route  args:  [1]
[OSC] INFO: sending  /channel/4/mute  args:  [0]
[OSC] INFO: sending  /channel/4/solo  args:  [0]
[OSC] INFO: sending  /track/1/create  args:  [4]
[OSC] WARN: Unhandled message:  /status/sample_position  =  [44353536]
[OSC] INFO: sending  /clip/create  args:  ["clip_1789142313_a7ece2ac", "audio", "This Moment(2)"]
[OSC] INFO: sending  /clip/clip_1789142313_a7ece2ac/load_audio_file  args:  ["/home/peter/Music/songs/ai_projects/Focus/This Moment(2).mp3", 0, 0]
[OSC] INFO: sending  /track/1/add_instance  args:  ["inst_1789142313_ba8c81a9", "clip_1789142313_a7ece2ac", 0, 3840]
[OSC] INFO: recv  /audiofile/progress  args= ["clip:clip_1789142313_a7ece2ac:1789142313896913768", 0.5]
[OSC] INFO: recv  /audiofile/progress  args= ["clip:clip_1789142313_a7ece2ac:1789142313896913768", 0.5]
[OSC] INFO: recv  /audiofile/progress  args= ["clip:clip_1789142313_a7ece2ac:1789142313896913768", 0.5]
[OSC] INFO: recv  /audiofile/progress  args= ["clip:clip_1789142313_a7ece2ac:1789142313896913768", 0.5]
[OSC] INFO: recv  /audiofile/progress  args= ["clip:clip_1789142313_a7ece2ac:1789142313896913768", 0.5]
[OSC] INFO: recv  /audiofile/progress  args= ["clip:clip_1789142313_a7ece2ac:1789142313896913768", 0.5]
[OSC] INFO: recv  /audiofile/progress  args= ["clip:clip_1789142313_a7ece2ac:1789142313896913768", 0.5]
[OSC] INFO: recv  /audiofile/progress  args= ["clip:clip_1789142313_a7ece2ac:1789142313896913768", 0.5]
[OSC] INFO: recv  /audiofile/progress  args= ["clip:clip_1789142313_a7ece2ac:1789142313896913768", 0.5]
[OSC] INFO: recv  /audiofile/progress  args= ["clip:clip_1789142313_a7ece2ac:1789142313896913768", 0.5]
[OSC] INFO: recv  /audiofile/progress  args= ["clip:clip_1789142313_a7ece2ac:1789142313896913768", 0.5]
[OSC] INFO: recv  /audiofile/progress  args= ["clip:clip_1789142313_a7ece2ac:1789142313896913768", 0.5]
[OSC] INFO: recv  /audiofile/progress  args= ["clip:clip_1789142313_a7ece2ac:1789142313896913768", 0.5]
[OSC] INFO: recv  /audiofile/progress  args= ["clip:clip_1789142313_a7ece2ac:1789142313896913768", 0.5]
[OSC] INFO: recv  /audiofile/progress  args= ["clip:clip_1789142313_a7ece2ac:1789142313896913768", 0.5]
[OSC] INFO: recv  /audiofile/progress  args= ["clip:clip_1789142313_a7ece2ac:1789142313896913768", 0.5]
[OSC] INFO: recv  /audiofile/progress  args= ["clip:clip_1789142313_a7ece2ac:1789142313896913768", 0.5]
[OSC] INFO: recv  /audiofile/progress  args= ["clip:clip_1789142313_a7ece2ac:1789142313896913768", 0.5]
[OSC] INFO: recv  /audiofile/progress  args= ["clip:clip_1789142313_a7ece2ac:1789142313896913768", 0.5]
[OSC] INFO: recv  /audiofile/progress  args= ["clip:clip_1789142313_a7ece2ac:1789142313896913768", 0.5]
[OSC] INFO: recv  /audiofile/progress  args= ["clip:clip_1789142313_a7ece2ac:1789142313896913768", 0.5]
[OSC] INFO: recv  /audiofile/progress  args= ["clip:clip_1789142313_a7ece2ac:1789142313896913768", 0.5]
[OSC] INFO: recv  /audiofile/progress  args= ["clip:clip_1789142313_a7ece2ac:1789142313896913768", 0.5]
[OSC] INFO: recv  /audiofile/progress  args= ["clip:clip_1789142313_a7ece2ac:1789142313896913768", 0.5]
[OSC] INFO: recv  /audiofile/progress  args= ["clip:clip_1789142313_a7ece2ac:1789142313896913768", 0.5]
[OSC] INFO: recv  /audiofile/progress  args= ["clip:clip_1789142313_a7ece2ac:1789142313896913768", 0.5]
[OSC] INFO: recv  /audiofile/progress  args= ["clip:clip_1789142313_a7ece2ac:1789142313896913768", 0.5]
[OSC] INFO: recv  /audiofile/progress  args= ["clip:clip_1789142313_a7ece2ac:1789142313896913768", 0.5]
[OSC] INFO: recv  /audiofile/progress  args= ["clip:clip_1789142313_a7ece2ac:1789142313896913768", 0.5]
[OSC] INFO: recv  /audiofile/progress  args= ["clip:clip_1789142313_a7ece2ac:1789142313896913768", 0.5]
[OSC] INFO: recv  /audiofile/progress  args= ["clip:clip_1789142313_a7ece2ac:1789142313896913768", 0.5]
[OSC] INFO: recv  /audiofile/progress  args= ["clip:clip_1789142313_a7ece2ac:1789142313896913768", 0.5]
[OSC] INFO: recv  /audiofile/progress  args= ["clip:clip_1789142313_a7ece2ac:1789142313896913768", 0.5]
[OSC] INFO: recv  /audiofile/progress  args= ["clip:clip_1789142313_a7ece2ac:1789142313896913768", 0.5]
[OSC] INFO: recv  /audiofile/progress  args= ["clip:clip_1789142313_a7ece2ac:1789142313896913768", 0.5]
[OSC] INFO: recv  /audiofile/progress  args= ["clip:clip_1789142313_a7ece2ac:1789142313896913768", 0.5]
[OSC] INFO: recv  /audiofile/progress  args= ["clip:clip_1789142313_a7ece2ac:1789142313896913768", 0.5]
[OSC] INFO: recv  /audiofile/progress  args= ["clip:clip_1789142313_a7ece2ac:1789142313896913768", 0.5]
[OSC] INFO: recv  /audiofile/progress  args= ["clip:clip_1789142313_a7ece2ac:1789142313896913768", 0.5]
[OSC] INFO: recv  /audiofile/progress  args= ["clip:clip_1789142313_a7ece2ac:1789142313896913768", 0.5]
[OSC] INFO: recv  /audiofile/progress  args= ["clip:clip_1789142313_a7ece2ac:1789142313896913768", 0.5]
[OSC] INFO: recv  /audiofile/progress  args= ["clip:clip_1789142313_a7ece2ac:1789142313896913768", 0.5]
[OSC] INFO: recv  /audiofile/progress  args= ["clip:clip_1789142313_a7ece2ac:1789142313896913768", 0.5]
[OSC] INFO: recv  /audiofile/progress  args= ["clip:clip_1789142313_a7ece2ac:1789142313896913768", 0.5]
[OSC] INFO: recv  /audiofile/progress  args= ["clip:clip_1789142313_a7ece2ac:1789142313896913768", 0.5]
[OSC] INFO: recv  /audiofile/progress  args= ["clip:clip_1789142313_a7ece2ac:1789142313896913768", 0.5]
[OSC] INFO: recv  /audiofile/progress  args= ["clip:clip_1789142313_a7ece2ac:1789142313896913768", 0.5]
[OSC] INFO: recv  /audiofile/progress  args= ["clip:clip_1789142313_a7ece2ac:1789142313896913768", 0.5]
[OSC] INFO: recv  /audiofile/progress  args= ["clip:clip_1789142313_a7ece2ac:1789142313896913768", 0.5]
[OSC] INFO: recv  /audiofile/progress  args= ["clip:clip_1789142313_a7ece2ac:1789142313896913768", 0.5]
[OSC] INFO: recv  /audiofile/progress  args= ["clip:clip_1789142313_a7ece2ac:1789142313896913768", 0.5]
[OSC] INFO: recv  /audiofile/progress  args= ["clip:clip_1789142313_a7ece2ac:1789142313896913768", 0.5]
[OSC] INFO: recv  /audiofile/progress  args= ["clip:clip_1789142313_a7ece2ac:1789142313896913768", 0.5]
[OSC] INFO: recv  /audiofile/progress  args= ["clip:clip_1789142313_a7ece2ac:1789142313896913768", 0.5]
[OSC] INFO: recv  /audiofile/progress  args= ["clip:clip_1789142313_a7ece2ac:1789142313896913768", 0.5]
[OSC] INFO: recv  /audiofile/progress  args= ["clip:clip_1789142313_a7ece2ac:1789142313896913768", 0.5]
[OSC] INFO: recv  /audiofile/progress  args= ["clip:clip_1789142313_a7ece2ac:1789142313896913768", 0.5]
[OSC] INFO: recv  /audiofile/progress  args= ["clip:clip_1789142313_a7ece2ac:1789142313896913768", 0.5]
[OSC] INFO: recv  /audiofile/progress  args= ["clip:clip_1789142313_a7ece2ac:1789142313896913768", 0.5]
[OSC] INFO: recv  /audiofile/progress  args= ["clip:clip_1789142313_a7ece2ac:1789142313896913768", 0.5]
[OSC] INFO: recv  /audiofile/progress  args= ["clip:clip_1789142313_a7ece2ac:1789142313896913768", 0.5]
[OSC] INFO: recv  /audiofile/progress  args= ["clip:clip_1789142313_a7ece2ac:1789142313896913768", 0.5]
[OSC] INFO: recv  /audiofile/progress  args= ["clip:clip_1789142313_a7ece2ac:1789142313896913768", 0.5]
[OSC] INFO: recv  /audiofile/progress  args= ["clip:clip_1789142313_a7ece2ac:1789142313896913768", 0.5]
[OSC] INFO: recv  /audiofile/progress  args= ["clip:clip_1789142313_a7ece2ac:1789142313896913768", 0.5]
[OSC] INFO: recv  /audiofile/progress  args= ["clip:clip_1789142313_a7ece2ac:1789142313896913768", 0.5]
[OSC] INFO: recv  /audiofile/progress  args= ["clip:clip_1789142313_a7ece2ac:1789142313896913768", 0.5]
[OSC] INFO: recv  /audiofile/progress  args= ["clip:clip_1789142313_a7ece2ac:1789142313896913768", 0.5]
[OSC] INFO: recv  /audiofile/progress  args= ["clip:clip_1789142313_a7ece2ac:1789142313896913768", 0.5]
[OSC] INFO: recv  /audiofile/progress  args= ["clip:clip_1789142313_a7ece2ac:1789142313896913768", 0.5]
[OSC] INFO: recv  /audiofile/progress  args= ["clip:clip_1789142313_a7ece2ac:1789142313896913768", 0.5]
[OSC] INFO: recv  /audiofile/progress  args= ["clip:clip_1789142313_a7ece2ac:1789142313896913768", 0.5]
[OSC] INFO: recv  /audiofile/progress  args= ["clip:clip_1789142313_a7ece2ac:1789142313896913768", 0.5]
[OSC] INFO: recv  /audiofile/progress  args= ["clip:clip_1789142313_a7ece2ac:1789142313896913768", 0.5]
[OSC] INFO: recv  /audiofile/progress  args= ["clip:clip_1789142313_a7ece2ac:1789142313896913768", 0.5]
[OSC] INFO: recv  /audiofile/progress  args= ["clip:clip_1789142313_a7ece2ac:1789142313896913768", 0.5]
[OSC] INFO: recv  /audiofile/progress  args= ["clip:clip_1789142313_a7ece2ac:1789142313896913768", 0.5]
[OSC] INFO: recv  /audiofile/progress  args= ["clip:clip_1789142313_a7ece2ac:1789142313896913768", 0.5]
[OSC] INFO: recv  /audiofile/progress  args= ["clip:clip_1789142313_a7ece2ac:1789142313896913768", 0.5]
[OSC] INFO: recv  /audiofile/progress  args= ["clip:clip_1789142313_a7ece2ac:1789142313896913768", 0.5]
[OSC] INFO: recv  /audiofile/progress  args= ["clip:clip_1789142313_a7ece2ac:1789142313896913768", 0.5]
[OSC] INFO: recv  /audiofile/progress  args= ["clip:clip_1789142313_a7ece2ac:1789142313896913768", 0.5]
[OSC] INFO: recv  /audiofile/progress  args= ["clip:clip_1789142313_a7ece2ac:1789142313896913768", 0.5]
[OSC] INFO: recv  /audiofile/progress  args= ["clip:clip_1789142313_a7ece2ac:1789142313896913768", 0.5]
[OSC] INFO: recv  /audiofile/progress  args= ["clip:clip_1789142313_a7ece2ac:1789142313896913768", 0.5]
[OSC] INFO: recv  /audiofile/progress  args= ["clip:clip_1789142313_a7ece2ac:1789142313896913768", 0.5]
[OSC] INFO: recv  /audiofile/progress  args= ["clip:clip_1789142313_a7ece2ac:1789142313896913768", 0.5]
[OSC] INFO: recv  /audiofile/progress  args= ["clip:clip_1789142313_a7ece2ac:1789142313896913768", 0.5]
[OSC] INFO: recv  /audiofile/progress  args= ["clip:clip_1789142313_a7ece2ac:1789142313896913768", 0.5]
[OSC] INFO: recv  /audiofile/progress  args= ["clip:clip_1789142313_a7ece2ac:1789142313896913768", 0.5]
[OSC] INFO: recv  /audiofile/progress  args= ["clip:clip_1789142313_a7ece2ac:1789142313896913768", 0.5]
[OSC] INFO: recv  /audiofile/progress  args= ["clip:clip_1789142313_a7ece2ac:1789142313896913768", 0.5]
[OSC] INFO: recv  /audiofile/progress  args= ["clip:clip_1789142313_a7ece2ac:1789142313896913768", 0.5]
[OSC] INFO: recv  /audiofile/progress  args= ["clip:clip_1789142313_a7ece2ac:1789142313896913768", 0.5]
[OSC] INFO: recv  /audiofile/progress  args= ["clip:clip_1789142313_a7ece2ac:1789142313896913768", 0.5]
[OSC] INFO: recv  /audiofile/progress  args= ["clip:clip_1789142313_a7ece2ac:1789142313896913768", 0.5]
[OSC] INFO: recv  /audiofile/progress  args= ["clip:clip_1789142313_a7ece2ac:1789142313896913768", 0.5]
[OSC] INFO: recv  /audiofile/progress  args= ["clip:clip_1789142313_a7ece2ac:1789142313896913768", 0.5]
[OSC] INFO: recv  /audiofile/progress  args= ["clip:clip_1789142313_a7ece2ac:1789142313896913768", 0.5]
[OSC] INFO: recv  /audiofile/progress  args= ["clip:clip_1789142313_a7ece2ac:1789142313896913768", 0.5]
[OSC] INFO: recv  /audiofile/progress  args= ["clip:clip_1789142313_a7ece2ac:1789142313896913768", 0.5]
[OSC] INFO: recv  /audiofile/progress  args= ["clip:clip_1789142313_a7ece2ac:1789142313896913768", 0.5]
[OSC] INFO: recv  /audiofile/progress  args= ["clip:clip_1789142313_a7ece2ac:1789142313896913768", 0.5]
[OSC] INFO: recv  /audiofile/progress  args= ["clip:clip_1789142313_a7ece2ac:1789142313896913768", 0.5]
[OSC] INFO: recv  /audiofile/progress  args= ["clip:clip_1789142313_a7ece2ac:1789142313896913768", 0.5]
[OSC] INFO: recv  /audiofile/progress  args= ["clip:clip_1789142313_a7ece2ac:1789142313896913768", 0.5]
[OSC] INFO: recv  /audiofile/progress  args= ["clip:clip_1789142313_a7ece2ac:1789142313896913768", 0.5]
[OSC] INFO: recv  /audiofile/progress  args= ["clip:clip_1789142313_a7ece2ac:1789142313896913768", 0.5]
[OSC] INFO: recv  /audiofile/progress  args= ["clip:clip_1789142313_a7ece2ac:1789142313896913768", 0.5]
[OSC] INFO: recv  /audiofile/progress  args= ["clip:clip_1789142313_a7ece2ac:1789142313896913768", 0.5]
[OSC] INFO: recv  /audiofile/progress  args= ["clip:clip_1789142313_a7ece2ac:1789142313896913768", 0.5]
[OSC] INFO: recv  /audiofile/progress  args= ["clip:clip_1789142313_a7ece2ac:1789142313896913768", 0.5]
[OSC] INFO: recv  /audiofile/progress  args= ["clip:clip_1789142313_a7ece2ac:1789142313896913768", 0.5]
[OSC] INFO: recv  /audiofile/progress  args= ["clip:clip_1789142313_a7ece2ac:1789142313896913768", 0.5]
[OSC] INFO: recv  /audiofile/progress  args= ["clip:clip_1789142313_a7ece2ac:1789142313896913768", 0.5]
[OSC] INFO: recv  /audiofile/progress  args= ["clip:clip_1789142313_a7ece2ac:1789142313896913768", 0.5]
[OSC] INFO: recv  /audiofile/progress  args= ["clip:clip_1789142313_a7ece2ac:1789142313896913768", 0.5]
[OSC] INFO: recv  /audiofile/progress  args= ["clip:clip_1789142313_a7ece2ac:1789142313896913768", 0.5]
[OSC] INFO: recv  /audiofile/progress  args= ["clip:clip_1789142313_a7ece2ac:1789142313896913768", 0.5]
[OSC] INFO: recv  /audiofile/progress  args= ["clip:clip_1789142313_a7ece2ac:1789142313896913768", 0.5]
[OSC] INFO: recv  /audiofile/progress  args= ["clip:clip_1789142313_a7ece2ac:1789142313896913768", 0.5]
[OSC] INFO: recv  /audiofile/progress  args= ["clip:clip_1789142313_a7ece2ac:1789142313896913768", 0.5]
[OSC] INFO: recv  /audiofile/progress  args= ["clip:clip_1789142313_a7ece2ac:1789142313896913768", 0.5]
[OSC] INFO: recv  /audiofile/progress  args= ["clip:clip_1789142313_a7ece2ac:1789142313896913768", 0.5]
[OSC] INFO: recv  /audiofile/progress  args= ["clip:clip_1789142313_a7ece2ac:1789142313896913768", 0.5]
[OSC] INFO: recv  /audiofile/progress  args= ["clip:clip_1789142313_a7ece2ac:1789142313896913768", 0.5]
[OSC] INFO: recv  /audiofile/progress  args= ["clip:clip_1789142313_a7ece2ac:1789142313896913768", 0.5]
[OSC] INFO: recv  /audiofile/progress  args= ["clip:clip_1789142313_a7ece2ac:1789142313896913768", 0.5]
[OSC] INFO: recv  /audiofile/progress  args= ["clip:clip_1789142313_a7ece2ac:1789142313896913768", 0.5]
[OSC] INFO: recv  /audiofile/progress  args= ["clip:clip_1789142313_a7ece2ac:1789142313896913768", 0.5]
[OSC] INFO: recv  /audiofile/progress  args= ["clip:clip_1789142313_a7ece2ac:1789142313896913768", 0.5]
[OSC] INFO: recv  /audiofile/progress  args= ["clip:clip_1789142313_a7ece2ac:1789142313896913768", 0.5]
[OSC] INFO: recv  /audiofile/progress  args= ["clip:clip_1789142313_a7ece2ac:1789142313896913768", 0.5]
[OSC] INFO: recv  /audiofile/progress  args= ["clip:clip_1789142313_a7ece2ac:1789142313896913768", 0.5]
[OSC] INFO: recv  /audiofile/progress  args= ["clip:clip_1789142313_a7ece2ac:1789142313896913768", 0.5]
[OSC] INFO: recv  /audiofile/progress  args= ["clip:clip_1789142313_a7ece2ac:1789142313896913768", 0.5]
[OSC] INFO: recv  /audiofile/progress  args= ["clip:clip_1789142313_a7ece2ac:1789142313896913768", 0.5]
[OSC] INFO: recv  /audiofile/progress  args= ["clip:clip_1789142313_a7ece2ac:1789142313896913768", 0.5]
[OSC] INFO: recv  /audiofile/progress  args= ["clip:clip_1789142313_a7ece2ac:1789142313896913768", 0.5]
[OSC] INFO: recv  /audiofile/progress  args= ["clip:clip_1789142313_a7ece2ac:1789142313896913768", 0.5]
[OSC] INFO: recv  /audiofile/progress  args= ["clip:clip_1789142313_a7ece2ac:1789142313896913768", 0.5]
[OSC] INFO: recv  /audiofile/progress  args= ["clip:clip_1789142313_a7ece2ac:1789142313896913768", 0.5]
[OSC] INFO: recv  /audiofile/progress  args= ["clip:clip_1789142313_a7ece2ac:1789142313896913768", 0.5]
[OSC] INFO: recv  /audiofile/progress  args= ["clip:clip_1789142313_a7ece2ac:1789142313896913768", 0.5]
[OSC] INFO: recv  /audiofile/progress  args= ["clip:clip_1789142313_a7ece2ac:1789142313896913768", 0.5]
[OSC] INFO: recv  /audiofile/progress  args= ["clip:clip_1789142313_a7ece2ac:1789142313896913768", 0.5]
[OSC] INFO: recv  /audiofile/progress  args= ["clip:clip_1789142313_a7ece2ac:1789142313896913768", 0.5]
[OSC] INFO: recv  /audiofile/progress  args= ["clip:clip_1789142313_a7ece2ac:1789142313896913768", 0.5]
[OSC] INFO: recv  /audiofile/progress  args= ["clip:clip_1789142313_a7ece2ac:1789142313896913768", 0.5]
[OSC] INFO: recv  /audiofile/progress  args= ["clip:clip_1789142313_a7ece2ac:1789142313896913768", 0.5]
[OSC] INFO: recv  /audiofile/progress  args= ["clip:clip_1789142313_a7ece2ac:1789142313896913768", 0.5]
[OSC] INFO: recv  /audiofile/progress  args= ["clip:clip_1789142313_a7ece2ac:1789142313896913768", 0.5]
[OSC] INFO: recv  /audiofile/progress  args= ["clip:clip_1789142313_a7ece2ac:1789142313896913768", 0.5]
[OSC] INFO: recv  /audiofile/progress  args= ["clip:clip_1789142313_a7ece2ac:1789142313896913768", 0.5]
[OSC] INFO: recv  /audiofile/progress  args= ["clip:clip_1789142313_a7ece2ac:1789142313896913768", 0.5]
[OSC] INFO: recv  /audiofile/progress  args= ["clip:clip_1789142313_a7ece2ac:1789142313896913768", 0.5]
[OSC] INFO: recv  /audiofile/progress  args= ["clip:clip_1789142313_a7ece2ac:1789142313896913768", 0.5]
[OSC] INFO: recv  /audiofile/progress  args= ["clip:clip_1789142313_a7ece2ac:1789142313896913768", 0.5]
[OSC] INFO: recv  /audiofile/progress  args= ["clip:clip_1789142313_a7ece2ac:1789142313896913768", 0.5]
[OSC] INFO: recv  /audiofile/progress  args= ["clip:clip_1789142313_a7ece2ac:1789142313896913768", 0.5]
[OSC] INFO: recv  /audiofile/progress  args= ["clip:clip_1789142313_a7ece2ac:1789142313896913768", 0.5]
[OSC] INFO: recv  /audiofile/progress  args= ["clip:clip_1789142313_a7ece2ac:1789142313896913768", 0.5]
[OSC] INFO: recv  /audiofile/progress  args= ["clip:clip_1789142313_a7ece2ac:1789142313896913768", 0.5]
[OSC] INFO: recv  /audiofile/progress  args= ["clip:clip_1789142313_a7ece2ac:1789142313896913768", 0.5]
[OSC] INFO: recv  /audiofile/progress  args= ["clip:clip_1789142313_a7ece2ac:1789142313896913768", 0.5]
[OSC] INFO: recv  /audiofile/progress  args= ["clip:clip_1789142313_a7ece2ac:1789142313896913768", 0.5]
[OSC] INFO: recv  /audiofile/progress  args= ["clip:clip_1789142313_a7ece2ac:1789142313896913768", 0.5]
[OSC] INFO: recv  /audiofile/progress  args= ["clip:clip_1789142313_a7ece2ac:1789142313896913768", 0.5]
[OSC] INFO: recv  /audiofile/progress  args= ["clip:clip_1789142313_a7ece2ac:1789142313896913768", 0.5]
[OSC] INFO: recv  /audiofile/progress  args= ["clip:clip_1789142313_a7ece2ac:1789142313896913768", 0.5]
[OSC] INFO: recv  /audiofile/progress  args= ["clip:clip_1789142313_a7ece2ac:1789142313896913768", 0.5]
[OSC] INFO: recv  /audiofile/progress  args= ["clip:clip_1789142313_a7ece2ac:1789142313896913768", 0.5]
[OSC] INFO: recv  /audiofile/progress  args= ["clip:clip_1789142313_a7ece2ac:1789142313896913768", 0.5]
[OSC] INFO: recv  /audiofile/progress  args= ["clip:clip_1789142313_a7ece2ac:1789142313896913768", 0.5]
[OSC] INFO: recv  /audiofile/progress  args= ["clip:clip_1789142313_a7ece2ac:1789142313896913768", 0.5]
[OSC] INFO: recv  /audiofile/progress  args= ["clip:clip_1789142313_a7ece2ac:1789142313896913768", 0.5]
[OSC] INFO: recv  /audiofile/progress  args= ["clip:clip_1789142313_a7ece2ac:1789142313896913768", 0.5]
[OSC] INFO: recv  /audiofile/progress  args= ["clip:clip_1789142313_a7ece2ac:1789142313896913768", 0.5]
[OSC] INFO: recv  /audiofile/progress  args= ["clip:clip_1789142313_a7ece2ac:1789142313896913768", 0.5]
[OSC] INFO: recv  /audiofile/progress  args= ["clip:clip_1789142313_a7ece2ac:1789142313896913768", 0.5]
[OSC] INFO: recv  /audiofile/progress  args= ["clip:clip_1789142313_a7ece2ac:1789142313896913768", 0.5]
[OSC] INFO: recv  /audiofile/progress  args= ["clip:clip_1789142313_a7ece2ac:1789142313896913768", 0.5]
[OSC] INFO: recv  /audiofile/progress  args= ["clip:clip_1789142313_a7ece2ac:1789142313896913768", 0.5]
[OSC] INFO: recv  /audiofile/progress  args= ["clip:clip_1789142313_a7ece2ac:1789142313896913768", 0.5]
[OSC] INFO: recv  /audiofile/progress  args= ["clip:clip_1789142313_a7ece2ac:1789142313896913768", 0.5]
[OSC] INFO: recv  /audiofile/progress  args= ["clip:clip_1789142313_a7ece2ac:1789142313896913768", 0.5]
[OSC] INFO: recv  /audiofile/progress  args= ["clip:clip_1789142313_a7ece2ac:1789142313896913768", 0.5]
[OSC] INFO: recv  /audiofile/progress  args= ["clip:clip_1789142313_a7ece2ac:1789142313896913768", 0.5]
[OSC] INFO: recv  /audiofile/progress  args= ["clip:clip_1789142313_a7ece2ac:1789142313896913768", 0.5]
[OSC] INFO: recv  /audiofile/progress  args= ["clip:clip_1789142313_a7ece2ac:1789142313896913768", 0.5]
[OSC] INFO: recv  /audiofile/progress  args= ["clip:clip_1789142313_a7ece2ac:1789142313896913768", 0.5]
[OSC] INFO: recv  /audiofile/progress  args= ["clip:clip_1789142313_a7ece2ac:1789142313896913768", 0.5]
[OSC] INFO: recv  /audiofile/progress  args= ["clip:clip_1789142313_a7ece2ac:1789142313896913768", 0.5]
[OSC] INFO: recv  /audiofile/progress  args= ["clip:clip_1789142313_a7ece2ac:1789142313896913768", 0.5]
[OSC] INFO: recv  /audiofile/progress  args= ["clip:clip_1789142313_a7ece2ac:1789142313896913768", 0.5]
[OSC] INFO: recv  /audiofile/progress  args= ["clip:clip_1789142313_a7ece2ac:1789142313896913768", 0.5]
[OSC] INFO: recv  /audiofile/progress  args= ["clip:clip_1789142313_a7ece2ac:1789142313896913768", 0.5]
[OSC] INFO: recv  /audiofile/progress  args= ["clip:clip_1789142313_a7ece2ac:1789142313896913768", 0.5]
[OSC] INFO: recv  /audiofile/progress  args= ["clip:clip_1789142313_a7ece2ac:1789142313896913768", 0.5]
[OSC] INFO: recv  /audiofile/progress  args= ["clip:clip_1789142313_a7ece2ac:1789142313896913768", 0.5]
[OSC] INFO: recv  /audiofile/progress  args= ["clip:clip_1789142313_a7ece2ac:1789142313896913768", 0.5]
[OSC] INFO: recv  /audiofile/progress  args= ["clip:clip_1789142313_a7ece2ac:1789142313896913768", 0.5]
[OSC] INFO: recv  /audiofile/progress  args= ["clip:clip_1789142313_a7ece2ac:1789142313896913768", 0.5]
[OSC] INFO: recv  /audiofile/progress  args= ["clip:clip_1789142313_a7ece2ac:1789142313896913768", 0.5]
[OSC] INFO: recv  /audiofile/progress  args= ["clip:clip_1789142313_a7ece2ac:1789142313896913768", 0.5]
[OSC] INFO: recv  /audiofile/progress  args= ["clip:clip_1789142313_a7ece2ac:1789142313896913768", 0.5]
[OSC] INFO: recv  /audiofile/progress  args= ["clip:clip_1789142313_a7ece2ac:1789142313896913768", 0.5]
[OSC] INFO: recv  /audiofile/progress  args= ["clip:clip_1789142313_a7ece2ac:1789142313896913768", 0.5]
[OSC] INFO: recv  /audiofile/progress  args= ["clip:clip_1789142313_a7ece2ac:1789142313896913768", 0.5]
[OSC] INFO: recv  /audiofile/progress  args= ["clip:clip_1789142313_a7ece2ac:1789142313896913768", 0.5]
[OSC] INFO: recv  /audiofile/progress  args= ["clip:clip_1789142313_a7ece2ac:1789142313896913768", 0.5]
[OSC] INFO: recv  /audiofile/progress  args= ["clip:clip_1789142313_a7ece2ac:1789142313896913768", 0.5]
[OSC] INFO: recv  /audiofile/progress  args= ["clip:clip_1789142313_a7ece2ac:1789142313896913768", 0.5]
[OSC] INFO: recv  /audiofile/progress  args= ["clip:clip_1789142313_a7ece2ac:1789142313896913768", 0.5]
[OSC] INFO: recv  /audiofile/progress  args= ["clip:clip_1789142313_a7ece2ac:1789142313896913768", 0.5]
[OSC] INFO: recv  /audiofile/progress  args= ["clip:clip_1789142313_a7ece2ac:1789142313896913768", 0.5]
[OSC] INFO: recv  /audiofile/progress  args= ["clip:clip_1789142313_a7ece2ac:1789142313896913768", 0.5]
[OSC] INFO: recv  /audiofile/progress  args= ["clip:clip_1789142313_a7ece2ac:1789142313896913768", 0.5]
[OSC] INFO: recv  /audiofile/progress  args= ["clip:clip_1789142313_a7ece2ac:1789142313896913768", 0.5]
[OSC] INFO: recv  /audiofile/progress  args= ["clip:clip_1789142313_a7ece2ac:1789142313896913768", 0.5]
[OSC] INFO: recv  /audiofile/progress  args= ["clip:clip_1789142313_a7ece2ac:1789142313896913768", 0.5]
[OSC] INFO: recv  /audiofile/progress  args= ["clip:clip_1789142313_a7ece2ac:1789142313896913768", 0.5]
[OSC] INFO: recv  /audiofile/progress  args= ["clip:clip_1789142313_a7ece2ac:1789142313896913768", 0.5]
[OSC] INFO: recv  /audiofile/progress  args= ["clip:clip_1789142313_a7ece2ac:1789142313896913768", 0.5]
[OSC] INFO: recv  /audiofile/progress  args= ["clip:clip_1789142313_a7ece2ac:1789142313896913768", 0.5]
[OSC] INFO: recv  /audiofile/progress  args= ["clip:clip_1789142313_a7ece2ac:1789142313896913768", 0.5]
[OSC] INFO: recv  /audiofile/progress  args= ["clip:clip_1789142313_a7ece2ac:1789142313896913768", 0.5]
[OSC] INFO: recv  /audiofile/progress  args= ["clip:clip_1789142313_a7ece2ac:1789142313896913768", 0.5]
[OSC] INFO: recv  /audiofile/progress  args= ["clip:clip_1789142313_a7ece2ac:1789142313896913768", 0.5]
[OSC] INFO: recv  /audiofile/progress  args= ["clip:clip_1789142313_a7ece2ac:1789142313896913768", 0.5]
[OSC] INFO: recv  /audiofile/progress  args= ["clip:clip_1789142313_a7ece2ac:1789142313896913768", 0.5]
[OSC] INFO: recv  /audiofile/progress  args= ["clip:clip_1789142313_a7ece2ac:1789142313896913768", 0.5]
[OSC] INFO: recv  /audiofile/progress  args= ["clip:clip_1789142313_a7ece2ac:1789142313896913768", 0.5]
[OSC] INFO: recv  /audiofile/progress  args= ["clip:clip_1789142313_a7ece2ac:1789142313896913768", 0.5]
[OSC] INFO: recv  /audiofile/progress  args= ["clip:clip_1789142313_a7ece2ac:1789142313896913768", 0.5]
[OSC] INFO: recv  /audiofile/progress  args= ["clip:clip_1789142313_a7ece2ac:1789142313896913768", 0.5]
[OSC] INFO: recv  /audiofile/progress  args= ["clip:clip_1789142313_a7ece2ac:1789142313896913768", 0.5]
[OSC] INFO: recv  /audiofile/progress  args= ["clip:clip_1789142313_a7ece2ac:1789142313896913768", 0.5]
[OSC] INFO: recv  /audiofile/progress  args= ["clip:clip_1789142313_a7ece2ac:1789142313896913768", 0.5]
[OSC] INFO: recv  /audiofile/progress  args= ["clip:clip_1789142313_a7ece2ac:1789142313896913768", 0.5]
[OSC] INFO: recv  /audiofile/progress  args= ["clip:clip_1789142313_a7ece2ac:1789142313896913768", 0.5]
[OSC] INFO: recv  /audiofile/progress  args= ["clip:clip_1789142313_a7ece2ac:1789142313896913768", 0.5]
[OSC] INFO: recv  /audiofile/progress  args= ["clip:clip_1789142313_a7ece2ac:1789142313896913768", 0.5]
[OSC] INFO: recv  /audiofile/progress  args= ["clip:clip_1789142313_a7ece2ac:1789142313896913768", 0.5]
[OSC] INFO: recv  /audiofile/progress  args= ["clip:clip_1789142313_a7ece2ac:1789142313896913768", 0.5]
[OSC] INFO: recv  /audiofile/progress  args= ["clip:clip_1789142313_a7ece2ac:1789142313896913768", 0.5]
[OSC] INFO: recv  /audiofile/progress  args= ["clip:clip_1789142313_a7ece2ac:1789142313896913768", 0.5]
[OSC] INFO: recv  /audiofile/progress  args= ["clip:clip_1789142313_a7ece2ac:1789142313896913768", 0.5]
[OSC] INFO: recv  /audiofile/progress  args= ["clip:clip_1789142313_a7ece2ac:1789142313896913768", 0.5]
[OSC] INFO: recv  /audiofile/progress  args= ["clip:clip_1789142313_a7ece2ac:1789142313896913768", 0.5]
[OSC] INFO: recv  /audiofile/progress  args= ["clip:clip_1789142313_a7ece2ac:1789142313896913768", 0.5]
[OSC] INFO: recv  /audiofile/progress  args= ["clip:clip_1789142313_a7ece2ac:1789142313896913768", 0.5]
[OSC] INFO: recv  /audiofile/progress  args= ["clip:clip_1789142313_a7ece2ac:1789142313896913768", 0.5]
[OSC] INFO: recv  /audiofile/progress  args= ["clip:clip_1789142313_a7ece2ac:1789142313896913768", 0.5]
[OSC] INFO: recv  /audiofile/progress  args= ["clip:clip_1789142313_a7ece2ac:1789142313896913768", 0.5]
[OSC] INFO: recv  /audiofile/progress  args= ["clip:clip_1789142313_a7ece2ac:1789142313896913768", 0.5]
[OSC] INFO: recv  /audiofile/progress  args= ["clip:clip_1789142313_a7ece2ac:1789142313896913768", 0.5]
[OSC] INFO: recv  /audiofile/progress  args= ["clip:clip_1789142313_a7ece2ac:1789142313896913768", 0.5]
[OSC] INFO: recv  /audiofile/progress  args= ["clip:clip_1789142313_a7ece2ac:1789142313896913768", 0.5]
[OSC] INFO: recv  /audiofile/progress  args= ["clip:clip_1789142313_a7ece2ac:1789142313896913768", 0.5]
[OSC] INFO: recv  /audiofile/progress  args= ["clip:clip_1789142313_a7ece2ac:1789142313896913768", 0.5]
[OSC] INFO: recv  /audiofile/progress  args= ["clip:clip_1789142313_a7ece2ac:1789142313896913768", 0.5]
[OSC] INFO: recv  /audiofile/progress  args= ["clip:clip_1789142313_a7ece2ac:1789142313896913768", 0.5]
[OSC] INFO: recv  /audiofile/progress  args= ["clip:clip_1789142313_a7ece2ac:1789142313896913768", 0.5]
[OSC] INFO: recv  /audiofile/progress  args= ["clip:clip_1789142313_a7ece2ac:1789142313896913768", 0.5]
[OSC] INFO: recv  /audiofile/progress  args= ["clip:clip_1789142313_a7ece2ac:1789142313896913768", 0.5]
[OSC] INFO: recv  /audiofile/progress  args= ["clip:clip_1789142313_a7ece2ac:1789142313896913768", 0.5]
[OSC] INFO: recv  /audiofile/progress  args= ["clip:clip_1789142313_a7ece2ac:1789142313896913768", 0.5]
[OSC] INFO: recv  /audiofile/progress  args= ["clip:clip_1789142313_a7ece2ac:1789142313896913768", 0.5]
[OSC] INFO: recv  /audiofile/progress  args= ["clip:clip_1789142313_a7ece2ac:1789142313896913768", 0.5]
[OSC] INFO: recv  /audiofile/progress  args= ["clip:clip_1789142313_a7ece2ac:1789142313896913768", 0.5]
[OSC] INFO: recv  /audiofile/progress  args= ["clip:clip_1789142313_a7ece2ac:1789142313896913768", 0.5]
[OSC] INFO: recv  /audiofile/progress  args= ["clip:clip_1789142313_a7ece2ac:1789142313896913768", 0.5]
[OSC] INFO: recv  /audiofile/progress  args= ["clip:clip_1789142313_a7ece2ac:1789142313896913768", 0.5]
[OSC] INFO: recv  /audiofile/progress  args= ["clip:clip_1789142313_a7ece2ac:1789142313896913768", 0.5]
[OSC] INFO: recv  /audiofile/progress  args= ["clip:clip_1789142313_a7ece2ac:1789142313896913768", 0.5]
[OSC] INFO: recv  /audiofile/progress  args= ["clip:clip_1789142313_a7ece2ac:1789142313896913768", 0.5]
[OSC] INFO: recv  /audiofile/progress  args= ["clip:clip_1789142313_a7ece2ac:1789142313896913768", 0.5]
[OSC] INFO: recv  /audiofile/progress  args= ["clip:clip_1789142313_a7ece2ac:1789142313896913768", 0.5]
[OSC] INFO: recv  /audiofile/progress  args= ["clip:clip_1789142313_a7ece2ac:1789142313896913768", 0.5]
[OSC] INFO: recv  /audiofile/progress  args= ["clip:clip_1789142313_a7ece2ac:1789142313896913768", 0.5]
[OSC] INFO: recv  /audiofile/progress  args= ["clip:clip_1789142313_a7ece2ac:1789142313896913768", 0.5]
[OSC] INFO: recv  /audiofile/progress  args= ["clip:clip_1789142313_a7ece2ac:1789142313896913768", 0.5]
[OSC] INFO: recv  /audiofile/progress  args= ["clip:clip_1789142313_a7ece2ac:1789142313896913768", 0.5]
[OSC] INFO: recv  /audiofile/progress  args= ["clip:clip_1789142313_a7ece2ac:1789142313896913768", 0.5]
[OSC] INFO: recv  /audiofile/progress  args= ["clip:clip_1789142313_a7ece2ac:1789142313896913768", 0.5]
[OSC] INFO: recv  /audiofile/progress  args= ["clip:clip_1789142313_a7ece2ac:1789142313896913768", 0.5]
[OSC] INFO: recv  /audiofile/progress  args= ["clip:clip_1789142313_a7ece2ac:1789142313896913768", 0.5]
[OSC] INFO: recv  /audiofile/progress  args= ["clip:clip_1789142313_a7ece2ac:1789142313896913768", 0.5]
[OSC] INFO: recv  /audiofile/progress  args= ["clip:clip_1789142313_a7ece2ac:1789142313896913768", 0.5]
[OSC] INFO: recv  /audiofile/progress  args= ["clip:clip_1789142313_a7ece2ac:1789142313896913768", 0.5]
[OSC] INFO: recv  /audiofile/progress  args= ["clip:clip_1789142313_a7ece2ac:1789142313896913768", 0.5]
[OSC] INFO: recv  /audiofile/progress  args= ["clip:clip_1789142313_a7ece2ac:1789142313896913768", 0.5]
[OSC] INFO: recv  /audiofile/progress  args= ["clip:clip_1789142313_a7ece2ac:1789142313896913768", 0.5]
[OSC] INFO: recv  /audiofile/progress  args= ["clip:clip_1789142313_a7ece2ac:1789142313896913768", 0.5]
[OSC] INFO: recv  /audiofile/progress  args= ["clip:clip_1789142313_a7ece2ac:1789142313896913768", 0.5]
[OSC] INFO: recv  /audiofile/progress  args= ["clip:clip_1789142313_a7ece2ac:1789142313896913768", 0.5]
[OSC] INFO: recv  /audiofile/progress  args= ["clip:clip_1789142313_a7ece2ac:1789142313896913768", 0.5]
[OSC] INFO: recv  /audiofile/progress  args= ["clip:clip_1789142313_a7ece2ac:1789142313896913768", 0.5]
[OSC] INFO: recv  /audiofile/progress  args= ["clip:clip_1789142313_a7ece2ac:1789142313896913768", 0.5]
[OSC] INFO: recv  /audiofile/progress  args= ["clip:clip_1789142313_a7ece2ac:1789142313896913768", 0.5]
[OSC] INFO: recv  /audiofile/progress  args= ["clip:clip_1789142313_a7ece2ac:1789142313896913768", 0.5]
[OSC] INFO: recv  /audiofile/progress  args= ["clip:clip_1789142313_a7ece2ac:1789142313896913768", 0.5]
[OSC] INFO: recv  /audiofile/progress  args= ["clip:clip_1789142313_a7ece2ac:1789142313896913768", 0.5]
[OSC] INFO: recv  /audiofile/progress  args= ["clip:clip_1789142313_a7ece2ac:1789142313896913768", 0.5]
[OSC] INFO: recv  /audiofile/progress  args= ["clip:clip_1789142313_a7ece2ac:1789142313896913768", 0.5]
[OSC] INFO: recv  /audiofile/progress  args= ["clip:clip_1789142313_a7ece2ac:1789142313896913768", 0.5]
[OSC] INFO: recv  /audiofile/progress  args= ["clip:clip_1789142313_a7ece2ac:1789142313896913768", 0.5]
[OSC] INFO: recv  /audiofile/progress  args= ["clip:clip_1789142313_a7ece2ac:1789142313896913768", 0.5]
[OSC] INFO: recv  /audiofile/progress  args= ["clip:clip_1789142313_a7ece2ac:1789142313896913768", 0.5]
[OSC] INFO: recv  /audiofile/progress  args= ["clip:clip_1789142313_a7ece2ac:1789142313896913768", 0.5]
[OSC] INFO: recv  /audiofile/progress  args= ["clip:clip_1789142313_a7ece2ac:1789142313896913768", 0.5]
[OSC] INFO: recv  /audiofile/progress  args= ["clip:clip_1789142313_a7ece2ac:1789142313896913768", 0.5]
[OSC] INFO: recv  /audiofile/progress  args= ["clip:clip_1789142313_a7ece2ac:1789142313896913768", 0.5]
[OSC] INFO: recv  /audiofile/progress  args= ["clip:clip_1789142313_a7ece2ac:1789142313896913768", 0.5]
[OSC] INFO: recv  /audiofile/progress  args= ["clip:clip_1789142313_a7ece2ac:1789142313896913768", 0.5]
[OSC] INFO: recv  /audiofile/progress  args= ["clip:clip_1789142313_a7ece2ac:1789142313896913768", 0.5]
[OSC] INFO: recv  /audiofile/progress  args= ["clip:clip_1789142313_a7ece2ac:1789142313896913768", 0.5]
[OSC] INFO: recv  /audiofile/progress  args= ["clip:clip_1789142313_a7ece2ac:1789142313896913768", 0.5]
[OSC] INFO: recv  /audiofile/progress  args= ["clip:clip_1789142313_a7ece2ac:1789142313896913768", 0.5]
[OSC] INFO: recv  /audiofile/progress  args= ["clip:clip_1789142313_a7ece2ac:1789142313896913768", 0.5]
[OSC] INFO: recv  /audiofile/progress  args= ["clip:clip_1789142313_a7ece2ac:1789142313896913768", 0.5]
[OSC] INFO: recv  /audiofile/progress  args= ["clip:clip_1789142313_a7ece2ac:1789142313896913768", 0.5]
[OSC] INFO: recv  /audiofile/progress  args= ["clip:clip_1789142313_a7ece2ac:1789142313896913768", 0.5]
[OSC] INFO: recv  /audiofile/progress  args= ["clip:clip_1789142313_a7ece2ac:1789142313896913768", 0.5]
[OSC] INFO: recv  /audiofile/progress  args= ["clip:clip_1789142313_a7ece2ac:1789142313896913768", 0.5]
[OSC] INFO: recv  /audiofile/progress  args= ["clip:clip_1789142313_a7ece2ac:1789142313896913768", 0.5]
[OSC] INFO: recv  /audiofile/progress  args= ["clip:clip_1789142313_a7ece2ac:1789142313896913768", 0.5]
[OSC] INFO: recv  /audiofile/progress  args= ["clip:clip_1789142313_a7ece2ac:1789142313896913768", 0.5]
[OSC] INFO: recv  /audiofile/progress  args= ["clip:clip_1789142313_a7ece2ac:1789142313896913768", 0.5]
[OSC] INFO: recv  /audiofile/progress  args= ["clip:clip_1789142313_a7ece2ac:1789142313896913768", 0.5]
[OSC] INFO: recv  /audiofile/progress  args= ["clip:clip_1789142313_a7ece2ac:1789142313896913768", 0.5]
[OSC] INFO: recv  /audiofile/progress  args= ["clip:clip_1789142313_a7ece2ac:1789142313896913768", 0.5]
[OSC] INFO: recv  /audiofile/progress  args= ["clip:clip_1789142313_a7ece2ac:1789142313896913768", 0.5]
[OSC] INFO: recv  /audiofile/progress  args= ["clip:clip_1789142313_a7ece2ac:1789142313896913768", 0.5]
[OSC] INFO: recv  /audiofile/progress  args= ["clip:clip_1789142313_a7ece2ac:1789142313896913768", 0.5]
[OSC] INFO: recv  /audiofile/progress  args= ["clip:clip_1789142313_a7ece2ac:1789142313896913768", 0.5]
[OSC] INFO: recv  /audiofile/progress  args= ["clip:clip_1789142313_a7ece2ac:1789142313896913768", 0.5]
[OSC] INFO: recv  /audiofile/progress  args= ["clip:clip_1789142313_a7ece2ac:1789142313896913768", 0.5]
[OSC] INFO: recv  /audiofile/progress  args= ["clip:clip_1789142313_a7ece2ac:1789142313896913768", 0.5]
[OSC] INFO: recv  /audiofile/progress  args= ["clip:clip_1789142313_a7ece2ac:1789142313896913768", 0.5]
[OSC] INFO: recv  /audiofile/progress  args= ["clip:clip_1789142313_a7ece2ac:1789142313896913768", 0.5]
[OSC] INFO: recv  /audiofile/progress  args= ["clip:clip_1789142313_a7ece2ac:1789142313896913768", 0.5]
[OSC] INFO: recv  /audiofile/progress  args= ["clip:clip_1789142313_a7ece2ac:1789142313896913768", 0.5]
[OSC] INFO: recv  /audiofile/progress  args= ["clip:clip_1789142313_a7ece2ac:1789142313896913768", 0.5]
[OSC] INFO: recv  /audiofile/progress  args= ["clip:clip_1789142313_a7ece2ac:1789142313896913768", 0.5]
[OSC] INFO: recv  /audiofile/progress  args= ["clip:clip_1789142313_a7ece2ac:1789142313896913768", 0.5]
[OSC] INFO: recv  /audiofile/progress  args= ["clip:clip_1789142313_a7ece2ac:1789142313896913768", 0.5]
[OSC] INFO: recv  /audiofile/progress  args= ["clip:clip_1789142313_a7ece2ac:1789142313896913768", 0.5]
[OSC] INFO: recv  /audiofile/progress  args= ["clip:clip_1789142313_a7ece2ac:1789142313896913768", 0.5]
[OSC] INFO: recv  /audiofile/progress  args= ["clip:clip_1789142313_a7ece2ac:1789142313896913768", 0.5]
[OSC] INFO: recv  /audiofile/progress  args= ["clip:clip_1789142313_a7ece2ac:1789142313896913768", 0.5]
[OSC] INFO: recv  /audiofile/progress  args= ["clip:clip_1789142313_a7ece2ac:1789142313896913768", 0.5]
[OSC] INFO: recv  /audiofile/progress  args= ["clip:clip_1789142313_a7ece2ac:1789142313896913768", 0.5]
[OSC] INFO: recv  /audiofile/progress  args= ["clip:clip_1789142313_a7ece2ac:1789142313896913768", 0.5]
[OSC] INFO: recv  /audiofile/progress  args= ["clip:clip_1789142313_a7ece2ac:1789142313896913768", 0.5]
[OSC] INFO: recv  /audiofile/progress  args= ["clip:clip_1789142313_a7ece2ac:1789142313896913768", 0.5]
[OSC] INFO: recv  /audiofile/progress  args= ["clip:clip_1789142313_a7ece2ac:1789142313896913768", 0.5]
[OSC] INFO: recv  /audiofile/progress  args= ["clip:clip_1789142313_a7ece2ac:1789142313896913768", 0.5]
[OSC] INFO: recv  /audiofile/progress  args= ["clip:clip_1789142313_a7ece2ac:1789142313896913768", 0.5]
[OSC] INFO: recv  /audiofile/progress  args= ["clip:clip_1789142313_a7ece2ac:1789142313896913768", 0.5]
[OSC] INFO: recv  /audiofile/progress  args= ["clip:clip_1789142313_a7ece2ac:1789142313896913768", 0.5]
[OSC] INFO: recv  /audiofile/progress  args= ["clip:clip_1789142313_a7ece2ac:1789142313896913768", 0.5]
[OSC] INFO: recv  /audiofile/progress  args= ["clip:clip_1789142313_a7ece2ac:1789142313896913768", 0.5]
[OSC] INFO: recv  /audiofile/progress  args= ["clip:clip_1789142313_a7ece2ac:1789142313896913768", 0.5]
[OSC] INFO: recv  /audiofile/progress  args= ["clip:clip_1789142313_a7ece2ac:1789142313896913768", 0.5]
[OSC] INFO: recv  /audiofile/progress  args= ["clip:clip_1789142313_a7ece2ac:1789142313896913768", 0.5]
[OSC] INFO: recv  /audiofile/progress  args= ["clip:clip_1789142313_a7ece2ac:1789142313896913768", 0.5]
[OSC] INFO: recv  /audiofile/progress  args= ["clip:clip_1789142313_a7ece2ac:1789142313896913768", 0.5]
[OSC] INFO: recv  /audiofile/progress  args= ["clip:clip_1789142313_a7ece2ac:1789142313896913768", 0.5]
[OSC] INFO: recv  /audiofile/progress  args= ["clip:clip_1789142313_a7ece2ac:1789142313896913768", 0.5]
[OSC] INFO: recv  /audiofile/progress  args= ["clip:clip_1789142313_a7ece2ac:1789142313896913768", 0.5]
[OSC] INFO: recv  /audiofile/progress  args= ["clip:clip_1789142313_a7ece2ac:1789142313896913768", 0.5]
[OSC] INFO: recv  /audiofile/progress  args= ["clip:clip_1789142313_a7ece2ac:1789142313896913768", 0.5]
[OSC] INFO: recv  /audiofile/progress  args= ["clip:clip_1789142313_a7ece2ac:1789142313896913768", 0.5]
[OSC] INFO: recv  /audiofile/progress  args= ["clip:clip_1789142313_a7ece2ac:1789142313896913768", 0.5]
[OSC] INFO: recv  /audiofile/progress  args= ["clip:clip_1789142313_a7ece2ac:1789142313896913768", 0.5]
[OSC] INFO: recv  /audiofile/progress  args= ["clip:clip_1789142313_a7ece2ac:1789142313896913768", 0.5]
[OSC] INFO: recv  /audiofile/progress  args= ["clip:clip_1789142313_a7ece2ac:1789142313896913768", 0.5]
[OSC] INFO: recv  /audiofile/progress  args= ["clip:clip_1789142313_a7ece2ac:1789142313896913768", 0.5]
[OSC] INFO: recv  /audiofile/progress  args= ["clip:clip_1789142313_a7ece2ac:1789142313896913768", 0.5]
[OSC] INFO: recv  /audiofile/progress  args= ["clip:clip_1789142313_a7ece2ac:1789142313896913768", 0.5]
[OSC] INFO: recv  /audiofile/progress  args= ["clip:clip_1789142313_a7ece2ac:1789142313896913768", 0.5]
[OSC] INFO: recv  /audiofile/progress  args= ["clip:clip_1789142313_a7ece2ac:1789142313896913768", 0.5]
[OSC] INFO: recv  /audiofile/progress  args= ["clip:clip_1789142313_a7ece2ac:1789142313896913768", 0.5]
[OSC] INFO: recv  /audiofile/progress  args= ["clip:clip_1789142313_a7ece2ac:1789142313896913768", 0.5]
[OSC] INFO: recv  /audiofile/progress  args= ["clip:clip_1789142313_a7ece2ac:1789142313896913768", 0.5]
[OSC] INFO: recv  /audiofile/progress  args= ["clip:clip_1789142313_a7ece2ac:1789142313896913768", 0.5]
[OSC] INFO: recv  /audiofile/progress  args= ["clip:clip_1789142313_a7ece2ac:1789142313896913768", 0.5]
[OSC] INFO: recv  /audiofile/progress  args= ["clip:clip_1789142313_a7ece2ac:1789142313896913768", 0.5]
[OSC] INFO: recv  /audiofile/progress  args= ["clip:clip_1789142313_a7ece2ac:1789142313896913768", 0.5]
[OSC] INFO: recv  /audiofile/progress  args= ["clip:clip_1789142313_a7ece2ac:1789142313896913768", 0.5]
[OSC] INFO: recv  /audiofile/progress  args= ["clip:clip_1789142313_a7ece2ac:1789142313896913768", 0.5]
[OSC] INFO: recv  /audiofile/progress  args= ["clip:clip_1789142313_a7ece2ac:1789142313896913768", 0.5]
[OSC] INFO: recv  /audiofile/progress  args= ["clip:clip_1789142313_a7ece2ac:1789142313896913768", 0.5]
[OSC] INFO: recv  /audiofile/progress  args= ["clip:clip_1789142313_a7ece2ac:1789142313896913768", 0.5]
[OSC] INFO: recv  /audiofile/progress  args= ["clip:clip_1789142313_a7ece2ac:1789142313896913768", 0.5]
[OSC] INFO: recv  /audiofile/progress  args= ["clip:clip_1789142313_a7ece2ac:1789142313896913768", 0.5]
[OSC] INFO: recv  /audiofile/progress  args= ["clip:clip_1789142313_a7ece2ac:1789142313896913768", 0.5]
[OSC] INFO: recv  /audiofile/progress  args= ["clip:clip_1789142313_a7ece2ac:1789142313896913768", 0.5]
[OSC] INFO: recv  /audiofile/progress  args= ["clip:clip_1789142313_a7ece2ac:1789142313896913768", 0.5]
[OSC] INFO: recv  /audiofile/progress  args= ["clip:clip_1789142313_a7ece2ac:1789142313896913768", 0.5]
[OSC] INFO: recv  /audiofile/progress  args= ["clip:clip_1789142313_a7ece2ac:1789142313896913768", 0.5]
[OSC] INFO: recv  /audiofile/progress  args= ["clip:clip_1789142313_a7ece2ac:1789142313896913768", 0.5]
[OSC] INFO: recv  /audiofile/progress  args= ["clip:clip_1789142313_a7ece2ac:1789142313896913768", 0.5]
[OSC] INFO: recv  /audiofile/progress  args= ["clip:clip_1789142313_a7ece2ac:1789142313896913768", 0.5]
[OSC] INFO: recv  /audiofile/progress  args= ["clip:clip_1789142313_a7ece2ac:1789142313896913768", 0.5]
[OSC] INFO: recv  /audiofile/progress  args= ["clip:clip_1789142313_a7ece2ac:1789142313896913768", 0.5]
[OSC] INFO: recv  /audiofile/progress  args= ["clip:clip_1789142313_a7ece2ac:1789142313896913768", 0.5]
[OSC] INFO: recv  /audiofile/progress  args= ["clip:clip_1789142313_a7ece2ac:1789142313896913768", 0.5]
[OSC] INFO: recv  /audiofile/progress  args= ["clip:clip_1789142313_a7ece2ac:1789142313896913768", 0.5]
[OSC] INFO: recv  /audiofile/progress  args= ["clip:clip_1789142313_a7ece2ac:1789142313896913768", 0.5]
[OSC] INFO: recv  /audiofile/progress  args= ["clip:clip_1789142313_a7ece2ac:1789142313896913768", 0.5]
[OSC] INFO: recv  /audiofile/progress  args= ["clip:clip_1789142313_a7ece2ac:1789142313896913768", 0.5]
[OSC] INFO: recv  /audiofile/progress  args= ["clip:clip_1789142313_a7ece2ac:1789142313896913768", 0.5]
[OSC] INFO: recv  /audiofile/progress  args= ["clip:clip_1789142313_a7ece2ac:1789142313896913768", 0.5]
[OSC] INFO: recv  /audiofile/progress  args= ["clip:clip_1789142313_a7ece2ac:1789142313896913768", 0.5]
[OSC] INFO: recv  /audiofile/progress  args= ["clip:clip_1789142313_a7ece2ac:1789142313896913768", 0.5]
[OSC] INFO: recv  /audiofile/progress  args= ["clip:clip_1789142313_a7ece2ac:1789142313896913768", 0.5]
[OSC] INFO: recv  /audiofile/progress  args= ["clip:clip_1789142313_a7ece2ac:1789142313896913768", 0.5]
[OSC] INFO: recv  /audiofile/progress  args= ["clip:clip_1789142313_a7ece2ac:1789142313896913768", 0.5]
[OSC] INFO: recv  /audiofile/progress  args= ["clip:clip_1789142313_a7ece2ac:1789142313896913768", 0.5]
[OSC] INFO: recv  /audiofile/progress  args= ["clip:clip_1789142313_a7ece2ac:1789142313896913768", 0.5]
[OSC] INFO: recv  /audiofile/progress  args= ["clip:clip_1789142313_a7ece2ac:1789142313896913768", 0.5]
[OSC] INFO: recv  /audiofile/progress  args= ["clip:clip_1789142313_a7ece2ac:1789142313896913768", 0.5]
[OSC] INFO: recv  /audiofile/progress  args= ["clip:clip_1789142313_a7ece2ac:1789142313896913768", 0.5]
[OSC] INFO: recv  /audiofile/progress  args= ["clip:clip_1789142313_a7ece2ac:1789142313896913768", 0.5]
[OSC] INFO: recv  /audiofile/progress  args= ["clip:clip_1789142313_a7ece2ac:1789142313896913768", 0.5]
[OSC] INFO: recv  /audiofile/progress  args= ["clip:clip_1789142313_a7ece2ac:1789142313896913768", 0.5]
[OSC] INFO: recv  /audiofile/progress  args= ["clip:clip_1789142313_a7ece2ac:1789142313896913768", 0.5]
[OSC] INFO: recv  /audiofile/progress  args= ["clip:clip_1789142313_a7ece2ac:1789142313896913768", 0.5]
[OSC] INFO: recv  /audiofile/progress  args= ["clip:clip_1789142313_a7ece2ac:1789142313896913768", 0.5]
[OSC] INFO: recv  /audiofile/progress  args= ["clip:clip_1789142313_a7ece2ac:1789142313896913768", 0.5]
[OSC] INFO: recv  /audiofile/progress  args= ["clip:clip_1789142313_a7ece2ac:1789142313896913768", 0.5]
[OSC] INFO: recv  /audiofile/progress  args= ["clip:clip_1789142313_a7ece2ac:1789142313896913768", 0.5]
[OSC] INFO: recv  /audiofile/progress  args= ["clip:clip_1789142313_a7ece2ac:1789142313896913768", 0.5]
[OSC] INFO: recv  /audiofile/progress  args= ["clip:clip_1789142313_a7ece2ac:1789142313896913768", 0.5]
[OSC] INFO: recv  /audiofile/progress  args= ["clip:clip_1789142313_a7ece2ac:1789142313896913768", 0.5]
[OSC] INFO: recv  /audiofile/progress  args= ["clip:clip_1789142313_a7ece2ac:1789142313896913768", 0.5]
[OSC] INFO: recv  /audiofile/progress  args= ["clip:clip_1789142313_a7ece2ac:1789142313896913768", 0.5]
[OSC] INFO: recv  /audiofile/progress  args= ["clip:clip_1789142313_a7ece2ac:1789142313896913768", 0.5]
[OSC] INFO: recv  /audiofile/progress  args= ["clip:clip_1789142313_a7ece2ac:1789142313896913768", 0.5]
[OSC] INFO: recv  /audiofile/progress  args= ["clip:clip_1789142313_a7ece2ac:1789142313896913768", 0.5]
[OSC] INFO: recv  /audiofile/progress  args= ["clip:clip_1789142313_a7ece2ac:1789142313896913768", 0.5]
[OSC] INFO: recv  /audiofile/progress  args= ["clip:clip_1789142313_a7ece2ac:1789142313896913768", 0.5]
[OSC] INFO: recv  /audiofile/progress  args= ["clip:clip_1789142313_a7ece2ac:1789142313896913768", 0.5]
[OSC] INFO: recv  /audiofile/progress  args= ["clip:clip_1789142313_a7ece2ac:1789142313896913768", 0.5]
[OSC] INFO: recv  /audiofile/progress  args= ["clip:clip_1789142313_a7ece2ac:1789142313896913768", 0.5]
[OSC] INFO: recv  /audiofile/progress  args= ["clip:clip_1789142313_a7ece2ac:1789142313896913768", 0.5]
[OSC] INFO: recv  /audiofile/progress  args= ["clip:clip_1789142313_a7ece2ac:1789142313896913768", 0.5]
[OSC] INFO: recv  /audiofile/progress  args= ["clip:clip_1789142313_a7ece2ac:1789142313896913768", 0.5]
[OSC] INFO: recv  /audiofile/progress  args= ["clip:clip_1789142313_a7ece2ac:1789142313896913768", 0.5]
[OSC] INFO: recv  /audiofile/progress  args= ["clip:clip_1789142313_a7ece2ac:1789142313896913768", 0.5]
[OSC] INFO: recv  /audiofile/progress  args= ["clip:clip_1789142313_a7ece2ac:1789142313896913768", 0.5]
[OSC] INFO: recv  /audiofile/progress  args= ["clip:clip_1789142313_a7ece2ac:1789142313896913768", 0.5]
[OSC] INFO: recv  /audiofile/progress  args= ["clip:clip_1789142313_a7ece2ac:1789142313896913768", 0.5]
[OSC] INFO: recv  /audiofile/progress  args= ["clip:clip_1789142313_a7ece2ac:1789142313896913768", 0.5]
[OSC] INFO: recv  /audiofile/progress  args= ["clip:clip_1789142313_a7ece2ac:1789142313896913768", 0.5]
[OSC] INFO: recv  /audiofile/progress  args= ["clip:clip_1789142313_a7ece2ac:1789142313896913768", 0.5]
[OSC] INFO: recv  /audiofile/progress  args= ["clip:clip_1789142313_a7ece2ac:1789142313896913768", 0.5]
[OSC] INFO: recv  /audiofile/progress  args= ["clip:clip_1789142313_a7ece2ac:1789142313896913768", 0.5]
[OSC] INFO: recv  /audiofile/progress  args= ["clip:clip_1789142313_a7ece2ac:1789142313896913768", 0.5]
[OSC] INFO: recv  /audiofile/progress  args= ["clip:clip_1789142313_a7ece2ac:1789142313896913768", 0.5]
[OSC] INFO: recv  /audiofile/progress  args= ["clip:clip_1789142313_a7ece2ac:1789142313896913768", 0.5]
[OSC] INFO: recv  /audiofile/progress  args= ["clip:clip_1789142313_a7ece2ac:1789142313896913768", 0.5]
[OSC] INFO: recv  /audiofile/progress  args= ["clip:clip_1789142313_a7ece2ac:1789142313896913768", 0.5]
[OSC] INFO: recv  /audiofile/progress  args= ["clip:clip_1789142313_a7ece2ac:1789142313896913768", 0.5]
[OSC] INFO: recv  /audiofile/progress  args= ["clip:clip_1789142313_a7ece2ac:1789142313896913768", 0.5]
[OSC] INFO: recv  /audiofile/progress  args= ["clip:clip_1789142313_a7ece2ac:1789142313896913768", 0.5]
[OSC] INFO: recv  /audiofile/progress  args= ["clip:clip_1789142313_a7ece2ac:1789142313896913768", 0.5]
[OSC] INFO: recv  /audiofile/progress  args= ["clip:clip_1789142313_a7ece2ac:1789142313896913768", 0.5]
[OSC] INFO: recv  /audiofile/progress  args= ["clip:clip_1789142313_a7ece2ac:1789142313896913768", 0.5]
[OSC] INFO: recv  /audiofile/progress  args= ["clip:clip_1789142313_a7ece2ac:1789142313896913768", 0.5]
[OSC] INFO: recv  /audiofile/progress  args= ["clip:clip_1789142313_a7ece2ac:1789142313896913768", 0.5]
[OSC] INFO: recv  /audiofile/progress  args= ["clip:clip_1789142313_a7ece2ac:1789142313896913768", 0.5]
[OSC] INFO: recv  /audiofile/progress  args= ["clip:clip_1789142313_a7ece2ac:1789142313896913768", 0.5]
[OSC] INFO: recv  /audiofile/progress  args= ["clip:clip_1789142313_a7ece2ac:1789142313896913768", 0.5]
[OSC] INFO: recv  /audiofile/progress  args= ["clip:clip_1789142313_a7ece2ac:1789142313896913768", 0.5]
[OSC] INFO: recv  /audiofile/progress  args= ["clip:clip_1789142313_a7ece2ac:1789142313896913768", 0.5]
[OSC] INFO: recv  /audiofile/progress  args= ["clip:clip_1789142313_a7ece2ac:1789142313896913768", 0.5]
[OSC] INFO: recv  /audiofile/progress  args= ["clip:clip_1789142313_a7ece2ac:1789142313896913768", 0.5]
[OSC] INFO: recv  /audiofile/progress  args= ["clip:clip_1789142313_a7ece2ac:1789142313896913768", 0.5]
[OSC] INFO: recv  /audiofile/progress  args= ["clip:clip_1789142313_a7ece2ac:1789142313896913768", 0.5]
[OSC] INFO: recv  /audiofile/progress  args= ["clip:clip_1789142313_a7ece2ac:1789142313896913768", 0.5]
[OSC] INFO: recv  /audiofile/progress  args= ["clip:clip_1789142313_a7ece2ac:1789142313896913768", 0.5]
[OSC] INFO: recv  /audiofile/progress  args= ["clip:clip_1789142313_a7ece2ac:1789142313896913768", 0.5]
[OSC] INFO: recv  /audiofile/progress  args= ["clip:clip_1789142313_a7ece2ac:1789142313896913768", 0.5]
[OSC] INFO: recv  /audiofile/progress  args= ["clip:clip_1789142313_a7ece2ac:1789142313896913768", 0.5]
[OSC] INFO: recv  /audiofile/progress  args= ["clip:clip_1789142313_a7ece2ac:1789142313896913768", 0.5]
[OSC] INFO: recv  /audiofile/progress  args= ["clip:clip_1789142313_a7ece2ac:1789142313896913768", 0.5]
[OSC] INFO: recv  /audiofile/progress  args= ["clip:clip_1789142313_a7ece2ac:1789142313896913768", 0.5]
[OSC] INFO: recv  /audiofile/progress  args= ["clip:clip_1789142313_a7ece2ac:1789142313896913768", 0.5]
[OSC] INFO: recv  /audiofile/progress  args= ["clip:clip_1789142313_a7ece2ac:1789142313896913768", 0.5]
[OSC] INFO: recv  /audiofile/progress  args= ["clip:clip_1789142313_a7ece2ac:1789142313896913768", 0.5]
[OSC] INFO: recv  /audiofile/progress  args= ["clip:clip_1789142313_a7ece2ac:1789142313896913768", 0.5]
[OSC] INFO: recv  /audiofile/progress  args= ["clip:clip_1789142313_a7ece2ac:1789142313896913768", 0.5]
[OSC] INFO: recv  /audiofile/progress  args= ["clip:clip_1789142313_a7ece2ac:1789142313896913768", 0.5]
[OSC] INFO: recv  /audiofile/progress  args= ["clip:clip_1789142313_a7ece2ac:1789142313896913768", 0.5]
[OSC] INFO: recv  /audiofile/progress  args= ["clip:clip_1789142313_a7ece2ac:1789142313896913768", 0.5]
[OSC] INFO: recv  /audiofile/progress  args= ["clip:clip_1789142313_a7ece2ac:1789142313896913768", 0.5]
[OSC] INFO: recv  /audiofile/progress  args= ["clip:clip_1789142313_a7ece2ac:1789142313896913768", 0.5]
[OSC] INFO: recv  /audiofile/progress  args= ["clip:clip_1789142313_a7ece2ac:1789142313896913768", 0.5]
[OSC] INFO: recv  /audiofile/progress  args= ["clip:clip_1789142313_a7ece2ac:1789142313896913768", 0.5]
[OSC] INFO: recv  /audiofile/progress  args= ["clip:clip_1789142313_a7ece2ac:1789142313896913768", 0.5]
[OSC] INFO: recv  /audiofile/progress  args= ["clip:clip_1789142313_a7ece2ac:1789142313896913768", 0.5]
[OSC] INFO: recv  /audiofile/progress  args= ["clip:clip_1789142313_a7ece2ac:1789142313896913768", 0.5]
[OSC] INFO: recv  /audiofile/progress  args= ["clip:clip_1789142313_a7ece2ac:1789142313896913768", 0.5]
[OSC] INFO: recv  /audiofile/progress  args= ["clip:clip_1789142313_a7ece2ac:1789142313896913768", 0.5]
[OSC] INFO: recv  /audiofile/progress  args= ["clip:clip_1789142313_a7ece2ac:1789142313896913768", 0.5]
[OSC] INFO: recv  /audiofile/progress  args= ["clip:clip_1789142313_a7ece2ac:1789142313896913768", 0.5]
[OSC] INFO: recv  /audiofile/progress  args= ["clip:clip_1789142313_a7ece2ac:1789142313896913768", 0.5]
[OSC] INFO: recv  /audiofile/progress  args= ["clip:clip_1789142313_a7ece2ac:1789142313896913768", 0.5]
[OSC] INFO: recv  /audiofile/progress  args= ["clip:clip_1789142313_a7ece2ac:1789142313896913768", 0.5]
[OSC] INFO: recv  /audiofile/progress  args= ["clip:clip_1789142313_a7ece2ac:1789142313896913768", 0.5]
[OSC] INFO: recv  /audiofile/progress  args= ["clip:clip_1789142313_a7ece2ac:1789142313896913768", 0.5]
[OSC] INFO: recv  /audiofile/progress  args= ["clip:clip_1789142313_a7ece2ac:1789142313896913768", 0.5]
[OSC] INFO: recv  /audiofile/progress  args= ["clip:clip_1789142313_a7ece2ac:1789142313896913768", 0.5]
[OSC] INFO: recv  /audiofile/progress  args= ["clip:clip_1789142313_a7ece2ac:1789142313896913768", 0.5]
[OSC] INFO: recv  /audiofile/progress  args= ["clip:clip_1789142313_a7ece2ac:1789142313896913768", 0.5]
[OSC] INFO: recv  /audiofile/progress  args= ["clip:clip_1789142313_a7ece2ac:1789142313896913768", 0.5]
[OSC] INFO: recv  /audiofile/progress  args= ["clip:clip_1789142313_a7ece2ac:1789142313896913768", 0.5]
[OSC] INFO: recv  /audiofile/progress  args= ["clip:clip_1789142313_a7ece2ac:1789142313896913768", 0.5]
[OSC] INFO: recv  /audiofile/progress  args= ["clip:clip_1789142313_a7ece2ac:1789142313896913768", 0.5]
[OSC] INFO: recv  /audiofile/progress  args= ["clip:clip_1789142313_a7ece2ac:1789142313896913768", 0.5]
[OSC] INFO: recv  /audiofile/progress  args= ["clip:clip_1789142313_a7ece2ac:1789142313896913768", 0.5]
[OSC] INFO: recv  /audiofile/progress  args= ["clip:clip_1789142313_a7ece2ac:1789142313896913768", 0.5]
[OSC] INFO: recv  /audiofile/progress  args= ["clip:clip_1789142313_a7ece2ac:1789142313896913768", 0.5]
[OSC] INFO: recv  /audiofile/progress  args= ["clip:clip_1789142313_a7ece2ac:1789142313896913768", 0.5]
[OSC] INFO: recv  /audiofile/progress  args= ["clip:clip_1789142313_a7ece2ac:1789142313896913768", 0.5]
[OSC] INFO: recv  /audiofile/progress  args= ["clip:clip_1789142313_a7ece2ac:1789142313896913768", 0.5]
[OSC] INFO: recv  /audiofile/progress  args= ["clip:clip_1789142313_a7ece2ac:1789142313896913768", 0.5]
[OSC] INFO: recv  /audiofile/progress  args= ["clip:clip_1789142313_a7ece2ac:1789142313896913768", 0.5]
[OSC] INFO: recv  /audiofile/progress  args= ["clip:clip_1789142313_a7ece2ac:1789142313896913768", 0.5]
[OSC] INFO: recv  /audiofile/progress  args= ["clip:clip_1789142313_a7ece2ac:1789142313896913768", 0.5]
[OSC] INFO: recv  /audiofile/progress  args= ["clip:clip_1789142313_a7ece2ac:1789142313896913768", 0.5]
[OSC] INFO: recv  /audiofile/progress  args= ["clip:clip_1789142313_a7ece2ac:1789142313896913768", 0.5]
[OSC] INFO: recv  /audiofile/progress  args= ["clip:clip_1789142313_a7ece2ac:1789142313896913768", 0.5]
[OSC] INFO: recv  /audiofile/progress  args= ["clip:clip_1789142313_a7ece2ac:1789142313896913768", 0.5]
[OSC] INFO: recv  /audiofile/progress  args= ["clip:clip_1789142313_a7ece2ac:1789142313896913768", 0.5]
[OSC] INFO: recv  /audiofile/progress  args= ["clip:clip_1789142313_a7ece2ac:1789142313896913768", 0.5]
[OSC] INFO: recv  /audiofile/progress  args= ["clip:clip_1789142313_a7ece2ac:1789142313896913768", 0.5]
[OSC] INFO: recv  /audiofile/progress  args= ["clip:clip_1789142313_a7ece2ac:1789142313896913768", 0.5]
[OSC] INFO: recv  /audiofile/progress  args= ["clip:clip_1789142313_a7ece2ac:1789142313896913768", 0.5]
[OSC] INFO: recv  /audiofile/progress  args= ["clip:clip_1789142313_a7ece2ac:1789142313896913768", 0.5]
[OSC] INFO: recv  /audiofile/progress  args= ["clip:clip_1789142313_a7ece2ac:1789142313896913768", 0.5]
[OSC] INFO: recv  /audiofile/progress  args= ["clip:clip_1789142313_a7ece2ac:1789142313896913768", 0.5]
[OSC] INFO: recv  /audiofile/progress  args= ["clip:clip_1789142313_a7ece2ac:1789142313896913768", 0.5]
[OSC] INFO: recv  /audiofile/progress  args= ["clip:clip_1789142313_a7ece2ac:1789142313896913768", 0.5]
[OSC] INFO: recv  /audiofile/progress  args= ["clip:clip_1789142313_a7ece2ac:1789142313896913768", 0.5]
[OSC] INFO: recv  /audiofile/progress  args= ["clip:clip_1789142313_a7ece2ac:1789142313896913768", 0.5]
[OSC] INFO: recv  /audiofile/progress  args= ["clip:clip_1789142313_a7ece2ac:1789142313896913768", 0.5]
[OSC] INFO: recv  /audiofile/progress  args= ["clip:clip_1789142313_a7ece2ac:1789142313896913768", 0.5]
[OSC] INFO: recv  /audiofile/progress  args= ["clip:clip_1789142313_a7ece2ac:1789142313896913768", 0.5]
[OSC] INFO: recv  /audiofile/progress  args= ["clip:clip_1789142313_a7ece2ac:1789142313896913768", 0.5]
[OSC] INFO: recv  /audiofile/progress  args= ["clip:clip_1789142313_a7ece2ac:1789142313896913768", 0.5]
[OSC] INFO: recv  /audiofile/progress  args= ["clip:clip_1789142313_a7ece2ac:1789142313896913768", 0.5]
[OSC] INFO: recv  /audiofile/progress  args= ["clip:clip_1789142313_a7ece2ac:1789142313896913768", 0.5]
[OSC] INFO: recv  /audiofile/progress  args= ["clip:clip_1789142313_a7ece2ac:1789142313896913768", 0.5]
[OSC] INFO: recv  /audiofile/progress  args= ["clip:clip_1789142313_a7ece2ac:1789142313896913768", 0.5]
[OSC] INFO: recv  /audiofile/progress  args= ["clip:clip_1789142313_a7ece2ac:1789142313896913768", 0.5]
[OSC] INFO: recv  /audiofile/progress  args= ["clip:clip_1789142313_a7ece2ac:1789142313896913768", 0.5]
[OSC] INFO: recv  /audiofile/progress  args= ["clip:clip_1789142313_a7ece2ac:1789142313896913768", 0.5]
[OSC] INFO: recv  /audiofile/progress  args= ["clip:clip_1789142313_a7ece2ac:1789142313896913768", 0.5]
[OSC] INFO: recv  /audiofile/progress  args= ["clip:clip_1789142313_a7ece2ac:1789142313896913768", 0.5]
[OSC] INFO: recv  /audiofile/progress  args= ["clip:clip_1789142313_a7ece2ac:1789142313896913768", 0.5]
[OSC] INFO: recv  /audiofile/progress  args= ["clip:clip_1789142313_a7ece2ac:1789142313896913768", 0.5]
[OSC] INFO: recv  /audiofile/progress  args= ["clip:clip_1789142313_a7ece2ac:1789142313896913768", 0.5]
[OSC] INFO: recv  /audiofile/progress  args= ["clip:clip_1789142313_a7ece2ac:1789142313896913768", 0.5]
[OSC] INFO: recv  /audiofile/progress  args= ["clip:clip_1789142313_a7ece2ac:1789142313896913768", 0.5]
[OSC] INFO: recv  /audiofile/progress  args= ["clip:clip_1789142313_a7ece2ac:1789142313896913768", 0.5]
[OSC] INFO: recv  /audiofile/progress  args= ["clip:clip_1789142313_a7ece2ac:1789142313896913768", 0.5]
[OSC] INFO: recv  /audiofile/progress  args= ["clip:clip_1789142313_a7ece2ac:1789142313896913768", 0.5]
[OSC] INFO: recv  /audiofile/progress  args= ["clip:clip_1789142313_a7ece2ac:1789142313896913768", 0.5]
[OSC] INFO: recv  /audiofile/progress  args= ["clip:clip_1789142313_a7ece2ac:1789142313896913768", 0.5]
[OSC] INFO: recv  /audiofile/progress  args= ["clip:clip_1789142313_a7ece2ac:1789142313896913768", 0.5]
[OSC] INFO: recv  /audiofile/progress  args= ["clip:clip_1789142313_a7ece2ac:1789142313896913768", 0.5]
[OSC] INFO: recv  /audiofile/progress  args= ["clip:clip_1789142313_a7ece2ac:1789142313896913768", 0.5]
[OSC] INFO: recv  /audiofile/progress  args= ["clip:clip_1789142313_a7ece2ac:1789142313896913768", 0.5]
[OSC] INFO: recv  /audiofile/progress  args= ["clip:clip_1789142313_a7ece2ac:1789142313896913768", 0.5]
[OSC] INFO: recv  /audiofile/progress  args= ["clip:clip_1789142313_a7ece2ac:1789142313896913768", 0.5]
[OSC] INFO: recv  /audiofile/progress  args= ["clip:clip_1789142313_a7ece2ac:1789142313896913768", 0.5]
[OSC] INFO: recv  /audiofile/progress  args= ["clip:clip_1789142313_a7ece2ac:1789142313896913768", 0.5]
[OSC] INFO: recv  /audiofile/progress  args= ["clip:clip_1789142313_a7ece2ac:1789142313896913768", 0.5]
[OSC] INFO: recv  /audiofile/progress  args= ["clip:clip_1789142313_a7ece2ac:1789142313896913768", 0.5]
[OSC] INFO: recv  /audiofile/progress  args= ["clip:clip_1789142313_a7ece2ac:1789142313896913768", 0.5]
[OSC] INFO: recv  /audiofile/progress  args= ["clip:clip_1789142313_a7ece2ac:1789142313896913768", 0.5]
[OSC] INFO: recv  /audiofile/progress  args= ["clip:clip_1789142313_a7ece2ac:1789142313896913768", 0.5]
[OSC] INFO: recv  /audiofile/progress  args= ["clip:clip_1789142313_a7ece2ac:1789142313896913768", 0.5]
[OSC] INFO: recv  /audiofile/progress  args= ["clip:clip_1789142313_a7ece2ac:1789142313896913768", 0.5]
[OSC] INFO: recv  /audiofile/progress  args= ["clip:clip_1789142313_a7ece2ac:1789142313896913768", 0.5]
[OSC] INFO: recv  /audiofile/progress  args= ["clip:clip_1789142313_a7ece2ac:1789142313896913768", 0.5]
[OSC] INFO: recv  /audiofile/progress  args= ["clip:clip_1789142313_a7ece2ac:1789142313896913768", 0.5]
[OSC] INFO: recv  /audiofile/progress  args= ["clip:clip_1789142313_a7ece2ac:1789142313896913768", 0.5]
[OSC] INFO: recv  /audiofile/progress  args= ["clip:clip_1789142313_a7ece2ac:1789142313896913768", 0.5]
[OSC] INFO: recv  /audiofile/progress  args= ["clip:clip_1789142313_a7ece2ac:1789142313896913768", 0.5]
[OSC] INFO: recv  /audiofile/progress  args= ["clip:clip_1789142313_a7ece2ac:1789142313896913768", 0.5]
[OSC] INFO: recv  /audiofile/progress  args= ["clip:clip_1789142313_a7ece2ac:1789142313896913768", 0.5]
[OSC] INFO: recv  /audiofile/progress  args= ["clip:clip_1789142313_a7ece2ac:1789142313896913768", 0.5]
[OSC] INFO: recv  /audiofile/progress  args= ["clip:clip_1789142313_a7ece2ac:1789142313896913768", 0.5]
[OSC] INFO: recv  /audiofile/progress  args= ["clip:clip_1789142313_a7ece2ac:1789142313896913768", 0.5]
[OSC] INFO: recv  /audiofile/progress  args= ["clip:clip_1789142313_a7ece2ac:1789142313896913768", 0.5]
[OSC] INFO: recv  /audiofile/progress  args= ["clip:clip_1789142313_a7ece2ac:1789142313896913768", 0.5]
[OSC] INFO: recv  /audiofile/progress  args= ["clip:clip_1789142313_a7ece2ac:1789142313896913768", 0.5]
[OSC] INFO: recv  /audiofile/progress  args= ["clip:clip_1789142313_a7ece2ac:1789142313896913768", 0.5]
[OSC] INFO: recv  /audiofile/progress  args= ["clip:clip_1789142313_a7ece2ac:1789142313896913768", 0.5]
[OSC] INFO: recv  /audiofile/progress  args= ["clip:clip_1789142313_a7ece2ac:1789142313896913768", 0.5]
[OSC] INFO: recv  /audiofile/progress  args= ["clip:clip_1789142313_a7ece2ac:1789142313896913768", 0.5]
[OSC] INFO: recv  /audiofile/progress  args= ["clip:clip_1789142313_a7ece2ac:1789142313896913768", 0.5]
[OSC] INFO: recv  /audiofile/progress  args= ["clip:clip_1789142313_a7ece2ac:1789142313896913768", 0.5]
[OSC] INFO: recv  /audiofile/progress  args= ["clip:clip_1789142313_a7ece2ac:1789142313896913768", 0.5]
[OSC] INFO: recv  /audiofile/progress  args= ["clip:clip_1789142313_a7ece2ac:1789142313896913768", 0.5]
[OSC] INFO: recv  /audiofile/progress  args= ["clip:clip_1789142313_a7ece2ac:1789142313896913768", 0.5]
[OSC] INFO: recv  /audiofile/progress  args= ["clip:clip_1789142313_a7ece2ac:1789142313896913768", 0.5]
[OSC] INFO: recv  /audiofile/progress  args= ["clip:clip_1789142313_a7ece2ac:1789142313896913768", 0.5]
[OSC] INFO: recv  /audiofile/progress  args= ["clip:clip_1789142313_a7ece2ac:1789142313896913768", 0.5]
[OSC] INFO: recv  /audiofile/progress  args= ["clip:clip_1789142313_a7ece2ac:1789142313896913768", 0.5]
[OSC] INFO: recv  /audiofile/progress  args= ["clip:clip_1789142313_a7ece2ac:1789142313896913768", 0.5]
[OSC] INFO: recv  /audiofile/progress  args= ["clip:clip_1789142313_a7ece2ac:1789142313896913768", 0.5]
[OSC] INFO: recv  /audiofile/progress  args= ["clip:clip_1789142313_a7ece2ac:1789142313896913768", 0.5]
[OSC] INFO: recv  /audiofile/progress  args= ["clip:clip_1789142313_a7ece2ac:1789142313896913768", 0.5]
[OSC] INFO: recv  /audiofile/progress  args= ["clip:clip_1789142313_a7ece2ac:1789142313896913768", 0.5]
[OSC] INFO: recv  /audiofile/progress  args= ["clip:clip_1789142313_a7ece2ac:1789142313896913768", 0.5]
[OSC] INFO: recv  /audiofile/progress  args= ["clip:clip_1789142313_a7ece2ac:1789142313896913768", 0.5]
[OSC] INFO: recv  /audiofile/progress  args= ["clip:clip_1789142313_a7ece2ac:1789142313896913768", 0.5]
[OSC] INFO: recv  /audiofile/progress  args= ["clip:clip_1789142313_a7ece2ac:1789142313896913768", 0.5]
[OSC] INFO: recv  /audiofile/progress  args= ["clip:clip_1789142313_a7ece2ac:1789142313896913768", 0.5]
[OSC] INFO: recv  /audiofile/progress  args= ["clip:clip_1789142313_a7ece2ac:1789142313896913768", 0.5]
[OSC] INFO: recv  /audiofile/progress  args= ["clip:clip_1789142313_a7ece2ac:1789142313896913768", 0.5]
[OSC] INFO: recv  /audiofile/progress  args= ["clip:clip_1789142313_a7ece2ac:1789142313896913768", 0.5]
[OSC] INFO: recv  /audiofile/progress  args= ["clip:clip_1789142313_a7ece2ac:1789142313896913768", 0.5]
[OSC] INFO: recv  /audiofile/progress  args= ["clip:clip_1789142313_a7ece2ac:1789142313896913768", 0.5]
[OSC] INFO: recv  /audiofile/progress  args= ["clip:clip_1789142313_a7ece2ac:1789142313896913768", 0.5]
[OSC] INFO: recv  /audiofile/progress  args= ["clip:clip_1789142313_a7ece2ac:1789142313896913768", 0.5]
[OSC] INFO: recv  /audiofile/progress  args= ["clip:clip_1789142313_a7ece2ac:1789142313896913768", 0.5]
[OSC] INFO: recv  /audiofile/progress  args= ["clip:clip_1789142313_a7ece2ac:1789142313896913768", 0.5]
[OSC] INFO: recv  /audiofile/progress  args= ["clip:clip_1789142313_a7ece2ac:1789142313896913768", 0.5]
[OSC] INFO: recv  /audiofile/progress  args= ["clip:clip_1789142313_a7ece2ac:1789142313896913768", 0.5]
[OSC] INFO: recv  /audiofile/progress  args= ["clip:clip_1789142313_a7ece2ac:1789142313896913768", 0.5]
[OSC] INFO: recv  /audiofile/progress  args= ["clip:clip_1789142313_a7ece2ac:1789142313896913768", 0.5]
[OSC] INFO: recv  /audiofile/progress  args= ["clip:clip_1789142313_a7ece2ac:1789142313896913768", 0.5]
[OSC] INFO: recv  /audiofile/progress  args= ["clip:clip_1789142313_a7ece2ac:1789142313896913768", 0.5]
[OSC] INFO: recv  /audiofile/progress  args= ["clip:clip_1789142313_a7ece2ac:1789142313896913768", 0.5]
[OSC] INFO: recv  /audiofile/progress  args= ["clip:clip_1789142313_a7ece2ac:1789142313896913768", 0.5]
[OSC] INFO: recv  /audiofile/progress  args= ["clip:clip_1789142313_a7ece2ac:1789142313896913768", 0.5]
[OSC] INFO: recv  /audiofile/progress  args= ["clip:clip_1789142313_a7ece2ac:1789142313896913768", 0.5]
[OSC] INFO: recv  /audiofile/progress  args= ["clip:clip_1789142313_a7ece2ac:1789142313896913768", 0.5]
[OSC] INFO: recv  /audiofile/progress  args= ["clip:clip_1789142313_a7ece2ac:1789142313896913768", 0.5]
[OSC] INFO: recv  /audiofile/progress  args= ["clip:clip_1789142313_a7ece2ac:1789142313896913768", 0.5]
[OSC] INFO: recv  /audiofile/progress  args= ["clip:clip_1789142313_a7ece2ac:1789142313896913768", 0.5]
[OSC] INFO: recv  /audiofile/progress  args= ["clip:clip_1789142313_a7ece2ac:1789142313896913768", 0.5]
[OSC] INFO: recv  /audiofile/progress  args= ["clip:clip_1789142313_a7ece2ac:1789142313896913768", 0.5]
[OSC] INFO: recv  /audiofile/progress  args= ["clip:clip_1789142313_a7ece2ac:1789142313896913768", 0.5]
[OSC] INFO: recv  /audiofile/progress  args= ["clip:clip_1789142313_a7ece2ac:1789142313896913768", 0.5]
[OSC] INFO: recv  /audiofile/progress  args= ["clip:clip_1789142313_a7ece2ac:1789142313896913768", 0.5]
[OSC] INFO: recv  /audiofile/progress  args= ["clip:clip_1789142313_a7ece2ac:1789142313896913768", 0.5]
[OSC] INFO: recv  /audiofile/progress  args= ["clip:clip_1789142313_a7ece2ac:1789142313896913768", 0.5]
[OSC] INFO: recv  /audiofile/progress  args= ["clip:clip_1789142313_a7ece2ac:1789142313896913768", 0.5]
[OSC] INFO: recv  /audiofile/progress  args= ["clip:clip_1789142313_a7ece2ac:1789142313896913768", 0.5]
[OSC] INFO: recv  /audiofile/progress  args= ["clip:clip_1789142313_a7ece2ac:1789142313896913768", 0.5]
[OSC] INFO: recv  /audiofile/progress  args= ["clip:clip_1789142313_a7ece2ac:1789142313896913768", 0.5]
[OSC] INFO: recv  /audiofile/progress  args= ["clip:clip_1789142313_a7ece2ac:1789142313896913768", 0.5]
[OSC] INFO: recv  /audiofile/progress  args= ["clip:clip_1789142313_a7ece2ac:1789142313896913768", 0.5]
[OSC] INFO: recv  /audiofile/progress  args= ["clip:clip_1789142313_a7ece2ac:1789142313896913768", 0.5]
[OSC] INFO: recv  /audiofile/progress  args= ["clip:clip_1789142313_a7ece2ac:1789142313896913768", 0.5]
[OSC] INFO: recv  /audiofile/progress  args= ["clip:clip_1789142313_a7ece2ac:1789142313896913768", 0.5]
[OSC] INFO: recv  /audiofile/progress  args= ["clip:clip_1789142313_a7ece2ac:1789142313896913768", 0.5]
[OSC] INFO: recv  /audiofile/progress  args= ["clip:clip_1789142313_a7ece2ac:1789142313896913768", 0.5]
[OSC] INFO: recv  /audiofile/progress  args= ["clip:clip_1789142313_a7ece2ac:1789142313896913768", 0.5]
[OSC] INFO: recv  /audiofile/progress  args= ["clip:clip_1789142313_a7ece2ac:1789142313896913768", 0.5]
[OSC] INFO: recv  /audiofile/progress  args= ["clip:clip_1789142313_a7ece2ac:1789142313896913768", 0.5]
[OSC] INFO: recv  /audiofile/progress  args= ["clip:clip_1789142313_a7ece2ac:1789142313896913768", 0.5]
[OSC] INFO: recv  /audiofile/progress  args= ["clip:clip_1789142313_a7ece2ac:1789142313896913768", 0.5]
[OSC] INFO: recv  /audiofile/progress  args= ["clip:clip_1789142313_a7ece2ac:1789142313896913768", 0.5]
[OSC] INFO: recv  /audiofile/progress  args= ["clip:clip_1789142313_a7ece2ac:1789142313896913768", 0.5]
[OSC] INFO: recv  /audiofile/progress  args= ["clip:clip_1789142313_a7ece2ac:1789142313896913768", 0.5]
[OSC] INFO: recv  /audiofile/progress  args= ["clip:clip_1789142313_a7ece2ac:1789142313896913768", 0.5]
[OSC] INFO: recv  /audiofile/progress  args= ["clip:clip_1789142313_a7ece2ac:1789142313896913768", 0.5]
[OSC] INFO: recv  /audiofile/progress  args= ["clip:clip_1789142313_a7ece2ac:1789142313896913768", 0.5]
[OSC] INFO: recv  /audiofile/progress  args= ["clip:clip_1789142313_a7ece2ac:1789142313896913768", 0.5]
[OSC] INFO: recv  /audiofile/progress  args= ["clip:clip_1789142313_a7ece2ac:1789142313896913768", 0.5]
[OSC] INFO: recv  /audiofile/progress  args= ["clip:clip_1789142313_a7ece2ac:1789142313896913768", 0.5]
[OSC] INFO: recv  /audiofile/progress  args= ["clip:clip_1789142313_a7ece2ac:1789142313896913768", 0.5]
[OSC] INFO: recv  /audiofile/progress  args= ["clip:clip_1789142313_a7ece2ac:1789142313896913768", 0.5]
[OSC] INFO: recv  /audiofile/progress  args= ["clip:clip_1789142313_a7ece2ac:1789142313896913768", 0.5]
[OSC] INFO: recv  /audiofile/progress  args= ["clip:clip_1789142313_a7ece2ac:1789142313896913768", 0.5]
[OSC] INFO: recv  /audiofile/progress  args= ["clip:clip_1789142313_a7ece2ac:1789142313896913768", 0.5]
[OSC] INFO: recv  /audiofile/progress  args= ["clip:clip_1789142313_a7ece2ac:1789142313896913768", 0.5]
[OSC] INFO: recv  /audiofile/progress  args= ["clip:clip_1789142313_a7ece2ac:1789142313896913768", 0.5]
[OSC] INFO: recv  /audiofile/progress  args= ["clip:clip_1789142313_a7ece2ac:1789142313896913768", 0.5]
[OSC] INFO: recv  /audiofile/progress  args= ["clip:clip_1789142313_a7ece2ac:1789142313896913768", 0.5]
[OSC] INFO: recv  /audiofile/progress  args= ["clip:clip_1789142313_a7ece2ac:1789142313896913768", 0.5]
[OSC] INFO: recv  /audiofile/progress  args= ["clip:clip_1789142313_a7ece2ac:1789142313896913768", 0.5]
[OSC] INFO: recv  /audiofile/progress  args= ["clip:clip_1789142313_a7ece2ac:1789142313896913768", 0.5]
[OSC] INFO: recv  /audiofile/progress  args= ["clip:clip_1789142313_a7ece2ac:1789142313896913768", 0.5]
[OSC] INFO: recv  /audiofile/progress  args= ["clip:clip_1789142313_a7ece2ac:1789142313896913768", 0.5]
[OSC] INFO: recv  /audiofile/progress  args= ["clip:clip_1789142313_a7ece2ac:1789142313896913768", 0.5]
[OSC] INFO: recv  /audiofile/progress  args= ["clip:clip_1789142313_a7ece2ac:1789142313896913768", 0.5]
[OSC] INFO: recv  /audiofile/progress  args= ["clip:clip_1789142313_a7ece2ac:1789142313896913768", 0.5]
[OSC] INFO: recv  /audiofile/progress  args= ["clip:clip_1789142313_a7ece2ac:1789142313896913768", 0.5]
[OSC] INFO: recv  /audiofile/progress  args= ["clip:clip_1789142313_a7ece2ac:1789142313896913768", 0.5]
[OSC] INFO: recv  /audiofile/progress  args= ["clip:clip_1789142313_a7ece2ac:1789142313896913768", 0.5]
[OSC] INFO: recv  /audiofile/progress  args= ["clip:clip_1789142313_a7ece2ac:1789142313896913768", 0.5]
[OSC] INFO: recv  /audiofile/progress  args= ["clip:clip_1789142313_a7ece2ac:1789142313896913768", 0.5]
[OSC] INFO: recv  /audiofile/progress  args= ["clip:clip_1789142313_a7ece2ac:1789142313896913768", 0.5]
[OSC] INFO: recv  /audiofile/progress  args= ["clip:clip_1789142313_a7ece2ac:1789142313896913768", 0.5]
[OSC] INFO: recv  /audiofile/progress  args= ["clip:clip_1789142313_a7ece2ac:1789142313896913768", 0.5]
[OSC] INFO: recv  /audiofile/progress  args= ["clip:clip_1789142313_a7ece2ac:1789142313896913768", 0.5]
[OSC] INFO: recv  /audiofile/progress  args= ["clip:clip_1789142313_a7ece2ac:1789142313896913768", 0.5]
[OSC] INFO: recv  /audiofile/progress  args= ["clip:clip_1789142313_a7ece2ac:1789142313896913768", 0.5]
[OSC] INFO: recv  /audiofile/progress  args= ["clip:clip_1789142313_a7ece2ac:1789142313896913768", 0.5]
[OSC] INFO: recv  /audiofile/progress  args= ["clip:clip_1789142313_a7ece2ac:1789142313896913768", 0.5]
[OSC] INFO: recv  /audiofile/progress  args= ["clip:clip_1789142313_a7ece2ac:1789142313896913768", 0.5]
[OSC] INFO: recv  /audiofile/progress  args= ["clip:clip_1789142313_a7ece2ac:1789142313896913768", 0.5]
[OSC] INFO: recv  /audiofile/progress  args= ["clip:clip_1789142313_a7ece2ac:1789142313896913768", 0.5]
[OSC] INFO: recv  /audiofile/progress  args= ["clip:clip_1789142313_a7ece2ac:1789142313896913768", 0.5]
[OSC] INFO: recv  /audiofile/progress  args= ["clip:clip_1789142313_a7ece2ac:1789142313896913768", 0.5]
[OSC] INFO: recv  /audiofile/progress  args= ["clip:clip_1789142313_a7ece2ac:1789142313896913768", 0.5]
[OSC] INFO: recv  /audiofile/progress  args= ["clip:clip_1789142313_a7ece2ac:1789142313896913768", 0.5]
[OSC] INFO: recv  /audiofile/progress  args= ["clip:clip_1789142313_a7ece2ac:1789142313896913768", 0.5]
[OSC] INFO: recv  /audiofile/progress  args= ["clip:clip_1789142313_a7ece2ac:1789142313896913768", 0.5]
[OSC] INFO: recv  /audiofile/progress  args= ["clip:clip_1789142313_a7ece2ac:1789142313896913768", 0.5]
[OSC] INFO: recv  /audiofile/progress  args= ["clip:clip_1789142313_a7ece2ac:1789142313896913768", 0.5]
[OSC] INFO: recv  /audiofile/progress  args= ["clip:clip_1789142313_a7ece2ac:1789142313896913768", 0.5]
[OSC] INFO: recv  /audiofile/progress  args= ["clip:clip_1789142313_a7ece2ac:1789142313896913768", 0.5]
[OSC] INFO: recv  /audiofile/progress  args= ["clip:clip_1789142313_a7ece2ac:1789142313896913768", 0.5]
[OSC] INFO: recv  /audiofile/progress  args= ["clip:clip_1789142313_a7ece2ac:1789142313896913768", 0.5]
[OSC] INFO: recv  /audiofile/progress  args= ["clip:clip_1789142313_a7ece2ac:1789142313896913768", 0.5]
[OSC] INFO: recv  /audiofile/progress  args= ["clip:clip_1789142313_a7ece2ac:1789142313896913768", 0.5]
[OSC] INFO: recv  /audiofile/progress  args= ["clip:clip_1789142313_a7ece2ac:1789142313896913768", 0.5]
[OSC] INFO: recv  /audiofile/progress  args= ["clip:clip_1789142313_a7ece2ac:1789142313896913768", 0.5]
[OSC] INFO: recv  /audiofile/progress  args= ["clip:clip_1789142313_a7ece2ac:1789142313896913768", 0.5]
[OSC] INFO: recv  /audiofile/progress  args= ["clip:clip_1789142313_a7ece2ac:1789142313896913768", 0.5]
[OSC] INFO: recv  /audiofile/progress  args= ["clip:clip_1789142313_a7ece2ac:1789142313896913768", 0.5]
[OSC] INFO: recv  /audiofile/progress  args= ["clip:clip_1789142313_a7ece2ac:1789142313896913768", 0.5]
[OSC] INFO: recv  /audiofile/progress  args= ["clip:clip_1789142313_a7ece2ac:1789142313896913768", 0.5]
[OSC] INFO: recv  /audiofile/progress  args= ["clip:clip_1789142313_a7ece2ac:1789142313896913768", 0.5]
[OSC] INFO: recv  /audiofile/progress  args= ["clip:clip_1789142313_a7ece2ac:1789142313896913768", 0.5]
[OSC] INFO: recv  /audiofile/progress  args= ["clip:clip_1789142313_a7ece2ac:1789142313896913768", 0.5]
[OSC] INFO: recv  /audiofile/progress  args= ["clip:clip_1789142313_a7ece2ac:1789142313896913768", 0.5]
[OSC] INFO: recv  /audiofile/progress  args= ["clip:clip_1789142313_a7ece2ac:1789142313896913768", 0.5]
[OSC] INFO: recv  /audiofile/progress  args= ["clip:clip_1789142313_a7ece2ac:1789142313896913768", 0.5]
[OSC] INFO: recv  /audiofile/progress  args= ["clip:clip_1789142313_a7ece2ac:1789142313896913768", 0.5]
[OSC] INFO: recv  /audiofile/progress  args= ["clip:clip_1789142313_a7ece2ac:1789142313896913768", 0.5]
[OSC] INFO: recv  /audiofile/progress  args= ["clip:clip_1789142313_a7ece2ac:1789142313896913768", 0.5]
[OSC] INFO: recv  /audiofile/progress  args= ["clip:clip_1789142313_a7ece2ac:1789142313896913768", 0.5]
[OSC] INFO: recv  /audiofile/progress  args= ["clip:clip_1789142313_a7ece2ac:1789142313896913768", 0.5]
[OSC] INFO: recv  /audiofile/progress  args= ["clip:clip_1789142313_a7ece2ac:1789142313896913768", 0.5]
[OSC] INFO: recv  /audiofile/progress  args= ["clip:clip_1789142313_a7ece2ac:1789142313896913768", 0.5]
[OSC] INFO: recv  /audiofile/progress  args= ["clip:clip_1789142313_a7ece2ac:1789142313896913768", 0.5]
[OSC] INFO: recv  /audiofile/progress  args= ["clip:clip_1789142313_a7ece2ac:1789142313896913768", 0.5]
[OSC] INFO: recv  /audiofile/progress  args= ["clip:clip_1789142313_a7ece2ac:1789142313896913768", 0.5]
[OSC] INFO: recv  /audiofile/progress  args= ["clip:clip_1789142313_a7ece2ac:1789142313896913768", 0.5]
[OSC] INFO: recv  /audiofile/progress  args= ["clip:clip_1789142313_a7ece2ac:1789142313896913768", 0.5]
[OSC] INFO: recv  /audiofile/progress  args= ["clip:clip_1789142313_a7ece2ac:1789142313896913768", 0.5]
[OSC] INFO: recv  /audiofile/progress  args= ["clip:clip_1789142313_a7ece2ac:1789142313896913768", 0.5]
[OSC] INFO: recv  /audiofile/progress  args= ["clip:clip_1789142313_a7ece2ac:1789142313896913768", 0.5]
[OSC] INFO: recv  /audiofile/progress  args= ["clip:clip_1789142313_a7ece2ac:1789142313896913768", 0.5]
[OSC] INFO: recv  /audiofile/progress  args= ["clip:clip_1789142313_a7ece2ac:1789142313896913768", 0.5]
[OSC] INFO: recv  /audiofile/progress  args= ["clip:clip_1789142313_a7ece2ac:1789142313896913768", 0.5]
[OSC] INFO: recv  /audiofile/progress  args= ["clip:clip_1789142313_a7ece2ac:1789142313896913768", 0.5]
[OSC] INFO: recv  /audiofile/progress  args= ["clip:clip_1789142313_a7ece2ac:1789142313896913768", 0.5]
[OSC] INFO: recv  /audiofile/progress  args= ["clip:clip_1789142313_a7ece2ac:1789142313896913768", 0.5]
[OSC] INFO: recv  /audiofile/progress  args= ["clip:clip_1789142313_a7ece2ac:1789142313896913768", 0.5]
[OSC] INFO: recv  /audiofile/progress  args= ["clip:clip_1789142313_a7ece2ac:1789142313896913768", 0.5]
[OSC] INFO: recv  /audiofile/progress  args= ["clip:clip_1789142313_a7ece2ac:1789142313896913768", 0.5]
[OSC] INFO: recv  /audiofile/progress  args= ["clip:clip_1789142313_a7ece2ac:1789142313896913768", 0.5]
[OSC] INFO: recv  /audiofile/progress  args= ["clip:clip_1789142313_a7ece2ac:1789142313896913768", 0.5]
[OSC] INFO: recv  /audiofile/progress  args= ["clip:clip_1789142313_a7ece2ac:1789142313896913768", 0.5]
[OSC] INFO: recv  /audiofile/progress  args= ["clip:clip_1789142313_a7ece2ac:1789142313896913768", 0.5]
[OSC] INFO: recv  /audiofile/progress  args= ["clip:clip_1789142313_a7ece2ac:1789142313896913768", 0.5]
[OSC] INFO: recv  /audiofile/progress  args= ["clip:clip_1789142313_a7ece2ac:1789142313896913768", 0.5]
[OSC] INFO: recv  /audiofile/progress  args= ["clip:clip_1789142313_a7ece2ac:1789142313896913768", 0.5]
[OSC] INFO: recv  /audiofile/progress  args= ["clip:clip_1789142313_a7ece2ac:1789142313896913768", 0.5]
[OSC] INFO: recv  /audiofile/progress  args= ["clip:clip_1789142313_a7ece2ac:1789142313896913768", 0.5]
[OSC] INFO: recv  /audiofile/progress  args= ["clip:clip_1789142313_a7ece2ac:1789142313896913768", 0.5]
[OSC] INFO: recv  /audiofile/progress  args= ["clip:clip_1789142313_a7ece2ac:1789142313896913768", 0.5]
[OSC] INFO: recv  /audiofile/progress  args= ["clip:clip_1789142313_a7ece2ac:1789142313896913768", 0.5]
[OSC] INFO: recv  /audiofile/progress  args= ["clip:clip_1789142313_a7ece2ac:1789142313896913768", 0.5]
[OSC] INFO: recv  /audiofile/progress  args= ["clip:clip_1789142313_a7ece2ac:1789142313896913768", 0.5]
[OSC] INFO: recv  /audiofile/progress  args= ["clip:clip_1789142313_a7ece2ac:1789142313896913768", 0.5]
[OSC] INFO: recv  /audiofile/progress  args= ["clip:clip_1789142313_a7ece2ac:1789142313896913768", 0.5]
[OSC] INFO: recv  /audiofile/progress  args= ["clip:clip_1789142313_a7ece2ac:1789142313896913768", 0.5]
[OSC] INFO: recv  /audiofile/progress  args= ["clip:clip_1789142313_a7ece2ac:1789142313896913768", 0.5]
[OSC] INFO: recv  /audiofile/progress  args= ["clip:clip_1789142313_a7ece2ac:1789142313896913768", 0.5]
[OSC] INFO: recv  /audiofile/progress  args= ["clip:clip_1789142313_a7ece2ac:1789142313896913768", 0.5]
[OSC] INFO: recv  /audiofile/progress  args= ["clip:clip_1789142313_a7ece2ac:1789142313896913768", 0.5]
[OSC] INFO: recv  /audiofile/progress  args= ["clip:clip_1789142313_a7ece2ac:1789142313896913768", 0.5]
[OSC] INFO: recv  /audiofile/progress  args= ["clip:clip_1789142313_a7ece2ac:1789142313896913768", 0.5]
[OSC] INFO: recv  /audiofile/progress  args= ["clip:clip_1789142313_a7ece2ac:1789142313896913768", 0.5]
[OSC] INFO: recv  /audiofile/progress  args= ["clip:clip_1789142313_a7ece2ac:1789142313896913768", 0.5]
[OSC] INFO: recv  /audiofile/progress  args= ["clip:clip_1789142313_a7ece2ac:1789142313896913768", 0.5]
[OSC] INFO: recv  /audiofile/progress  args= ["clip:clip_1789142313_a7ece2ac:1789142313896913768", 0.5]
[OSC] INFO: recv  /audiofile/progress  args= ["clip:clip_1789142313_a7ece2ac:1789142313896913768", 0.5]
[OSC] INFO: recv  /audiofile/progress  args= ["clip:clip_1789142313_a7ece2ac:1789142313896913768", 0.5]
[OSC] INFO: recv  /audiofile/progress  args= ["clip:clip_1789142313_a7ece2ac:1789142313896913768", 0.5]
[OSC] INFO: recv  /audiofile/progress  args= ["clip:clip_1789142313_a7ece2ac:1789142313896913768", 0.5]
[OSC] INFO: recv  /audiofile/progress  args= ["clip:clip_1789142313_a7ece2ac:1789142313896913768", 0.5]
[OSC] INFO: recv  /audiofile/progress  args= ["clip:clip_1789142313_a7ece2ac:1789142313896913768", 0.5]
[OSC] INFO: recv  /audiofile/progress  args= ["clip:clip_1789142313_a7ece2ac:1789142313896913768", 0.5]
[OSC] INFO: recv  /audiofile/progress  args= ["clip:clip_1789142313_a7ece2ac:1789142313896913768", 0.5]
[OSC] INFO: recv  /audiofile/progress  args= ["clip:clip_1789142313_a7ece2ac:1789142313896913768", 0.5]
[OSC] INFO: recv  /audiofile/progress  args= ["clip:clip_1789142313_a7ece2ac:1789142313896913768", 0.5]
[OSC] INFO: recv  /audiofile/progress  args= ["clip:clip_1789142313_a7ece2ac:1789142313896913768", 0.5]
[OSC] INFO: recv  /audiofile/progress  args= ["clip:clip_1789142313_a7ece2ac:1789142313896913768", 0.5]
[OSC] INFO: recv  /audiofile/progress  args= ["clip:clip_1789142313_a7ece2ac:1789142313896913768", 0.5]
[OSC] INFO: recv  /audiofile/progress  args= ["clip:clip_1789142313_a7ece2ac:1789142313896913768", 0.5]
[OSC] INFO: recv  /audiofile/progress  args= ["clip:clip_1789142313_a7ece2ac:1789142313896913768", 0.5]
[OSC] INFO: recv  /audiofile/progress  args= ["clip:clip_1789142313_a7ece2ac:1789142313896913768", 0.5]
[OSC] INFO: recv  /audiofile/progress  args= ["clip:clip_1789142313_a7ece2ac:1789142313896913768", 0.5]
[OSC] INFO: recv  /audiofile/progress  args= ["clip:clip_1789142313_a7ece2ac:1789142313896913768", 0.5]
[OSC] INFO: recv  /audiofile/progress  args= ["clip:clip_1789142313_a7ece2ac:1789142313896913768", 0.5]
[OSC] INFO: recv  /audiofile/progress  args= ["clip:clip_1789142313_a7ece2ac:1789142313896913768", 0.5]
[OSC] INFO: recv  /audiofile/progress  args= ["clip:clip_1789142313_a7ece2ac:1789142313896913768", 0.5]
[OSC] INFO: recv  /audiofile/progress  args= ["clip:clip_1789142313_a7ece2ac:1789142313896913768", 0.5]
[OSC] INFO: recv  /audiofile/progress  args= ["clip:clip_1789142313_a7ece2ac:1789142313896913768", 0.5]
[OSC] INFO: recv  /audiofile/progress  args= ["clip:clip_1789142313_a7ece2ac:1789142313896913768", 0.5]
[OSC] INFO: recv  /audiofile/progress  args= ["clip:clip_1789142313_a7ece2ac:1789142313896913768", 0.5]
[OSC] INFO: recv  /audiofile/progress  args= ["clip:clip_1789142313_a7ece2ac:1789142313896913768", 0.5]
[OSC] INFO: recv  /audiofile/progress  args= ["clip:clip_1789142313_a7ece2ac:1789142313896913768", 0.5]
[OSC] INFO: recv  /audiofile/progress  args= ["clip:clip_1789142313_a7ece2ac:1789142313896913768", 0.5]
[OSC] INFO: recv  /audiofile/progress  args= ["clip:clip_1789142313_a7ece2ac:1789142313896913768", 0.5]
[OSC] INFO: recv  /audiofile/progress  args= ["clip:clip_1789142313_a7ece2ac:1789142313896913768", 0.5]
[OSC] INFO: recv  /audiofile/progress  args= ["clip:clip_1789142313_a7ece2ac:1789142313896913768", 0.5]
[OSC] INFO: recv  /audiofile/progress  args= ["clip:clip_1789142313_a7ece2ac:1789142313896913768", 0.5]
[OSC] INFO: recv  /audiofile/progress  args= ["clip:clip_1789142313_a7ece2ac:1789142313896913768", 0.5]
[OSC] INFO: recv  /audiofile/progress  args= ["clip:clip_1789142313_a7ece2ac:1789142313896913768", 0.5]
[OSC] INFO: recv  /audiofile/progress  args= ["clip:clip_1789142313_a7ece2ac:1789142313896913768", 0.5]
[OSC] INFO: recv  /audiofile/progress  args= ["clip:clip_1789142313_a7ece2ac:1789142313896913768", 0.5]
[OSC] INFO: recv  /audiofile/progress  args= ["clip:clip_1789142313_a7ece2ac:1789142313896913768", 0.5]
[OSC] INFO: recv  /audiofile/progress  args= ["clip:clip_1789142313_a7ece2ac:1789142313896913768", 0.5]
[OSC] INFO: recv  /audiofile/progress  args= ["clip:clip_1789142313_a7ece2ac:1789142313896913768", 0.5]
[OSC] INFO: recv  /audiofile/progress  args= ["clip:clip_1789142313_a7ece2ac:1789142313896913768", 0.5]
[OSC] INFO: recv  /audiofile/progress  args= ["clip:clip_1789142313_a7ece2ac:1789142313896913768", 0.5]
[OSC] INFO: recv  /audiofile/progress  args= ["clip:clip_1789142313_a7ece2ac:1789142313896913768", 0.5]
[OSC] INFO: recv  /audiofile/progress  args= ["clip:clip_1789142313_a7ece2ac:1789142313896913768", 0.5]
[OSC] INFO: recv  /audiofile/progress  args= ["clip:clip_1789142313_a7ece2ac:1789142313896913768", 0.5]
[OSC] INFO: recv  /audiofile/progress  args= ["clip:clip_1789142313_a7ece2ac:1789142313896913768", 0.5]
[OSC] INFO: recv  /audiofile/progress  args= ["clip:clip_1789142313_a7ece2ac:1789142313896913768", 0.5]
[OSC] INFO: recv  /audiofile/progress  args= ["clip:clip_1789142313_a7ece2ac:1789142313896913768", 0.5]
[OSC] INFO: recv  /audiofile/progress  args= ["clip:clip_1789142313_a7ece2ac:1789142313896913768", 0.5]
[OSC] INFO: recv  /audiofile/progress  args= ["clip:clip_1789142313_a7ece2ac:1789142313896913768", 0.5]
[OSC] INFO: recv  /audiofile/progress  args= ["clip:clip_1789142313_a7ece2ac:1789142313896913768", 0.5]
[OSC] INFO: recv  /audiofile/progress  args= ["clip:clip_1789142313_a7ece2ac:1789142313896913768", 0.5]
[OSC] INFO: recv  /audiofile/progress  args= ["clip:clip_1789142313_a7ece2ac:1789142313896913768", 0.5]
[OSC] INFO: recv  /audiofile/progress  args= ["clip:clip_1789142313_a7ece2ac:1789142313896913768", 0.5]
[OSC] INFO: recv  /audiofile/progress  args= ["clip:clip_1789142313_a7ece2ac:1789142313896913768", 0.5]
[OSC] INFO: recv  /audiofile/progress  args= ["clip:clip_1789142313_a7ece2ac:1789142313896913768", 0.5]
[OSC] INFO: recv  /audiofile/progress  args= ["clip:clip_1789142313_a7ece2ac:1789142313896913768", 0.5]
[OSC] INFO: recv  /audiofile/progress  args= ["clip:clip_1789142313_a7ece2ac:1789142313896913768", 0.5]
[OSC] INFO: recv  /audiofile/progress  args= ["clip:clip_1789142313_a7ece2ac:1789142313896913768", 0.5]
[OSC] INFO: recv  /audiofile/progress  args= ["clip:clip_1789142313_a7ece2ac:1789142313896913768", 0.5]
[OSC] INFO: recv  /audiofile/progress  args= ["clip:clip_1789142313_a7ece2ac:1789142313896913768", 0.5]
[OSC] INFO: recv  /audiofile/progress  args= ["clip:clip_1789142313_a7ece2ac:1789142313896913768", 0.5]
[OSC] INFO: recv  /audiofile/progress  args= ["clip:clip_1789142313_a7ece2ac:1789142313896913768", 0.5]
[OSC] INFO: recv  /audiofile/progress  args= ["clip:clip_1789142313_a7ece2ac:1789142313896913768", 0.5]
[OSC] INFO: recv  /audiofile/progress  args= ["clip:clip_1789142313_a7ece2ac:1789142313896913768", 0.5]
[OSC] INFO: recv  /audiofile/progress  args= ["clip:clip_1789142313_a7ece2ac:1789142313896913768", 0.5]
[OSC] INFO: recv  /audiofile/progress  args= ["clip:clip_1789142313_a7ece2ac:1789142313896913768", 0.5]
[OSC] INFO: recv  /audiofile/progress  args= ["clip:clip_1789142313_a7ece2ac:1789142313896913768", 0.5]
[OSC] INFO: recv  /audiofile/progress  args= ["clip:clip_1789142313_a7ece2ac:1789142313896913768", 0.5]
[OSC] INFO: recv  /audiofile/progress  args= ["clip:clip_1789142313_a7ece2ac:1789142313896913768", 0.5]
[OSC] INFO: recv  /audiofile/progress  args= ["clip:clip_1789142313_a7ece2ac:1789142313896913768", 0.5]
[OSC] INFO: recv  /audiofile/progress  args= ["clip:clip_1789142313_a7ece2ac:1789142313896913768", 0.5]
[OSC] INFO: recv  /audiofile/progress  args= ["clip:clip_1789142313_a7ece2ac:1789142313896913768", 0.5]
[OSC] INFO: recv  /audiofile/progress  args= ["clip:clip_1789142313_a7ece2ac:1789142313896913768", 0.5]
[OSC] INFO: recv  /audiofile/progress  args= ["clip:clip_1789142313_a7ece2ac:1789142313896913768", 0.5]
[OSC] INFO: recv  /audiofile/progress  args= ["clip:clip_1789142313_a7ece2ac:1789142313896913768", 0.5]
[OSC] INFO: recv  /audiofile/progress  args= ["clip:clip_1789142313_a7ece2ac:1789142313896913768", 0.5]
[OSC] INFO: recv  /audiofile/progress  args= ["clip:clip_1789142313_a7ece2ac:1789142313896913768", 0.5]
[OSC] INFO: recv  /audiofile/progress  args= ["clip:clip_1789142313_a7ece2ac:1789142313896913768", 0.5]
[OSC] INFO: recv  /audiofile/progress  args= ["clip:clip_1789142313_a7ece2ac:1789142313896913768", 0.5]
[OSC] INFO: recv  /audiofile/progress  args= ["clip:clip_1789142313_a7ece2ac:1789142313896913768", 0.5]
[OSC] INFO: recv  /audiofile/progress  args= ["clip:clip_1789142313_a7ece2ac:1789142313896913768", 0.5]
[OSC] INFO: recv  /audiofile/progress  args= ["clip:clip_1789142313_a7ece2ac:1789142313896913768", 0.5]
[OSC] INFO: recv  /audiofile/progress  args= ["clip:clip_1789142313_a7ece2ac:1789142313896913768", 0.5]
[OSC] INFO: recv  /audiofile/progress  args= ["clip:clip_1789142313_a7ece2ac:1789142313896913768", 0.5]
[OSC] INFO: recv  /audiofile/progress  args= ["clip:clip_1789142313_a7ece2ac:1789142313896913768", 0.5]
[OSC] INFO: recv  /audiofile/progress  args= ["clip:clip_1789142313_a7ece2ac:1789142313896913768", 0.5]
[OSC] INFO: recv  /audiofile/progress  args= ["clip:clip_1789142313_a7ece2ac:1789142313896913768", 0.5]
[OSC] INFO: recv  /audiofile/progress  args= ["clip:clip_1789142313_a7ece2ac:1789142313896913768", 0.5]
[OSC] INFO: recv  /audiofile/progress  args= ["clip:clip_1789142313_a7ece2ac:1789142313896913768", 0.5]
[OSC] INFO: recv  /audiofile/progress  args= ["clip:clip_1789142313_a7ece2ac:1789142313896913768", 0.5]
[OSC] INFO: recv  /audiofile/progress  args= ["clip:clip_1789142313_a7ece2ac:1789142313896913768", 0.5]
[OSC] INFO: recv  /audiofile/progress  args= ["clip:clip_1789142313_a7ece2ac:1789142313896913768", 0.5]
[OSC] INFO: recv  /audiofile/progress  args= ["clip:clip_1789142313_a7ece2ac:1789142313896913768", 0.5]
[OSC] INFO: recv  /audiofile/progress  args= ["clip:clip_1789142313_a7ece2ac:1789142313896913768", 0.5]
[OSC] INFO: recv  /audiofile/progress  args= ["clip:clip_1789142313_a7ece2ac:1789142313896913768", 0.5]
[OSC] INFO: recv  /audiofile/progress  args= ["clip:clip_1789142313_a7ece2ac:1789142313896913768", 0.5]
[OSC] INFO: recv  /audiofile/progress  args= ["clip:clip_1789142313_a7ece2ac:1789142313896913768", 0.5]
[OSC] INFO: recv  /audiofile/progress  args= ["clip:clip_1789142313_a7ece2ac:1789142313896913768", 0.5]
[OSC] INFO: recv  /audiofile/progress  args= ["clip:clip_1789142313_a7ece2ac:1789142313896913768", 0.5]
[OSC] INFO: recv  /audiofile/progress  args= ["clip:clip_1789142313_a7ece2ac:1789142313896913768", 0.5]
[OSC] INFO: recv  /audiofile/progress  args= ["clip:clip_1789142313_a7ece2ac:1789142313896913768", 0.5]
[OSC] INFO: recv  /audiofile/progress  args= ["clip:clip_1789142313_a7ece2ac:1789142313896913768", 0.5]
[OSC] INFO: recv  /audiofile/progress  args= ["clip:clip_1789142313_a7ece2ac:1789142313896913768", 0.5]
[OSC] INFO: recv  /audiofile/progress  args= ["clip:clip_1789142313_a7ece2ac:1789142313896913768", 0.5]
[OSC] INFO: recv  /audiofile/progress  args= ["clip:clip_1789142313_a7ece2ac:1789142313896913768", 0.5]
[OSC] INFO: recv  /audiofile/progress  args= ["clip:clip_1789142313_a7ece2ac:1789142313896913768", 0.5]
[OSC] INFO: recv  /audiofile/progress  args= ["clip:clip_1789142313_a7ece2ac:1789142313896913768", 0.5]
[OSC] INFO: recv  /audiofile/progress  args= ["clip:clip_1789142313_a7ece2ac:1789142313896913768", 0.5]
[OSC] INFO: recv  /audiofile/progress  args= ["clip:clip_1789142313_a7ece2ac:1789142313896913768", 0.5]
[OSC] INFO: recv  /audiofile/progress  args= ["clip:clip_1789142313_a7ece2ac:1789142313896913768", 0.5]
[OSC] INFO: recv  /audiofile/progress  args= ["clip:clip_1789142313_a7ece2ac:1789142313896913768", 0.5]
[OSC] INFO: recv  /audiofile/progress  args= ["clip:clip_1789142313_a7ece2ac:1789142313896913768", 0.5]
[OSC] INFO: recv  /audiofile/progress  args= ["clip:clip_1789142313_a7ece2ac:1789142313896913768", 0.5]
[OSC] INFO: recv  /audiofile/progress  args= ["clip:clip_1789142313_a7ece2ac:1789142313896913768", 0.5]
[OSC] INFO: recv  /audiofile/progress  args= ["clip:clip_1789142313_a7ece2ac:1789142313896913768", 0.5]
[OSC] INFO: recv  /audiofile/progress  args= ["clip:clip_1789142313_a7ece2ac:1789142313896913768", 0.5]
[OSC] INFO: recv  /audiofile/progress  args= ["clip:clip_1789142313_a7ece2ac:1789142313896913768", 0.5]
[OSC] INFO: recv  /audiofile/progress  args= ["clip:clip_1789142313_a7ece2ac:1789142313896913768", 0.5]
[OSC] INFO: recv  /audiofile/progress  args= ["clip:clip_1789142313_a7ece2ac:1789142313896913768", 0.5]
[OSC] INFO: recv  /audiofile/progress  args= ["clip:clip_1789142313_a7ece2ac:1789142313896913768", 0.5]
[OSC] INFO: recv  /audiofile/progress  args= ["clip:clip_1789142313_a7ece2ac:1789142313896913768", 0.5]
[OSC] INFO: recv  /audiofile/progress  args= ["clip:clip_1789142313_a7ece2ac:1789142313896913768", 0.5]
[OSC] INFO: recv  /audiofile/progress  args= ["clip:clip_1789142313_a7ece2ac:1789142313896913768", 0.5]
[OSC] INFO: recv  /audiofile/progress  args= ["clip:clip_1789142313_a7ece2ac:1789142313896913768", 0.5]
[OSC] INFO: recv  /audiofile/progress  args= ["clip:clip_1789142313_a7ece2ac:1789142313896913768", 0.5]
[OSC] INFO: recv  /audiofile/progress  args= ["clip:clip_1789142313_a7ece2ac:1789142313896913768", 0.5]
[OSC] INFO: recv  /audiofile/progress  args= ["clip:clip_1789142313_a7ece2ac:1789142313896913768", 0.5]
[OSC] INFO: recv  /audiofile/progress  args= ["clip:clip_1789142313_a7ece2ac:1789142313896913768", 0.5]
[OSC] INFO: recv  /audiofile/progress  args= ["clip:clip_1789142313_a7ece2ac:1789142313896913768", 0.5]
[OSC] INFO: recv  /audiofile/progress  args= ["clip:clip_1789142313_a7ece2ac:1789142313896913768", 0.5]
[OSC] INFO: recv  /audiofile/progress  args= ["clip:clip_1789142313_a7ece2ac:1789142313896913768", 0.5]
[OSC] INFO: recv  /audiofile/progress  args= ["clip:clip_1789142313_a7ece2ac:1789142313896913768", 0.5]
[OSC] INFO: recv  /audiofile/progress  args= ["clip:clip_1789142313_a7ece2ac:1789142313896913768", 0.5]
[OSC] INFO: recv  /audiofile/progress  args= ["clip:clip_1789142313_a7ece2ac:1789142313896913768", 0.5]
[OSC] INFO: recv  /audiofile/progress  args= ["clip:clip_1789142313_a7ece2ac:1789142313896913768", 0.5]
[OSC] INFO: recv  /audiofile/progress  args= ["clip:clip_1789142313_a7ece2ac:1789142313896913768", 0.5]
[OSC] INFO: recv  /audiofile/progress  args= ["clip:clip_1789142313_a7ece2ac:1789142313896913768", 0.5]
[OSC] INFO: recv  /audiofile/progress  args= ["clip:clip_1789142313_a7ece2ac:1789142313896913768", 0.5]
[OSC] INFO: recv  /audiofile/progress  args= ["clip:clip_1789142313_a7ece2ac:1789142313896913768", 0.5]
[OSC] INFO: recv  /audiofile/progress  args= ["clip:clip_1789142313_a7ece2ac:1789142313896913768", 0.5]
[OSC] INFO: recv  /audiofile/progress  args= ["clip:clip_1789142313_a7ece2ac:1789142313896913768", 0.5]
[OSC] INFO: recv  /audiofile/progress  args= ["clip:clip_1789142313_a7ece2ac:1789142313896913768", 0.5]
[OSC] INFO: recv  /audiofile/progress  args= ["clip:clip_1789142313_a7ece2ac:1789142313896913768", 0.5]
[OSC] INFO: recv  /audiofile/progress  args= ["clip:clip_1789142313_a7ece2ac:1789142313896913768", 0.5]
[OSC] INFO: recv  /audiofile/progress  args= ["clip:clip_1789142313_a7ece2ac:1789142313896913768", 0.5]
[OSC] INFO: recv  /audiofile/progress  args= ["clip:clip_1789142313_a7ece2ac:1789142313896913768", 0.5]
[OSC] INFO: recv  /audiofile/progress  args= ["clip:clip_1789142313_a7ece2ac:1789142313896913768", 0.5]
[OSC] INFO: recv  /audiofile/progress  args= ["clip:clip_1789142313_a7ece2ac:1789142313896913768", 0.5]
[OSC] INFO: recv  /audiofile/progress  args= ["clip:clip_1789142313_a7ece2ac:1789142313896913768", 0.5]
[OSC] INFO: recv  /audiofile/progress  args= ["clip:clip_1789142313_a7ece2ac:1789142313896913768", 0.5]
[OSC] INFO: recv  /audiofile/progress  args= ["clip:clip_1789142313_a7ece2ac:1789142313896913768", 0.5]
[OSC] INFO: recv  /audiofile/progress  args= ["clip:clip_1789142313_a7ece2ac:1789142313896913768", 0.5]
[OSC] INFO: recv  /audiofile/progress  args= ["clip:clip_1789142313_a7ece2ac:1789142313896913768", 0.5]
[OSC] INFO: recv  /audiofile/progress  args= ["clip:clip_1789142313_a7ece2ac:1789142313896913768", 0.5]
[OSC] INFO: recv  /audiofile/progress  args= ["clip:clip_1789142313_a7ece2ac:1789142313896913768", 0.5]
[OSC] INFO: recv  /audiofile/progress  args= ["clip:clip_1789142313_a7ece2ac:1789142313896913768", 0.5]
[OSC] INFO: recv  /audiofile/progress  args= ["clip:clip_1789142313_a7ece2ac:1789142313896913768", 0.5]
[OSC] INFO: recv  /audiofile/progress  args= ["clip:clip_1789142313_a7ece2ac:1789142313896913768", 0.5]
[OSC] INFO: recv  /audiofile/progress  args= ["clip:clip_1789142313_a7ece2ac:1789142313896913768", 0.5]
[OSC] INFO: recv  /audiofile/progress  args= ["clip:clip_1789142313_a7ece2ac:1789142313896913768", 0.5]
[OSC] INFO: recv  /audiofile/progress  args= ["clip:clip_1789142313_a7ece2ac:1789142313896913768", 0.5]
[OSC] INFO: recv  /audiofile/progress  args= ["clip:clip_1789142313_a7ece2ac:1789142313896913768", 0.5]
[OSC] INFO: recv  /audiofile/progress  args= ["clip:clip_1789142313_a7ece2ac:1789142313896913768", 0.5]
[OSC] INFO: recv  /audiofile/progress  args= ["clip:clip_1789142313_a7ece2ac:1789142313896913768", 0.5]
[OSC] INFO: recv  /audiofile/progress  args= ["clip:clip_1789142313_a7ece2ac:1789142313896913768", 0.5]
[OSC] INFO: recv  /audiofile/progress  args= ["clip:clip_1789142313_a7ece2ac:1789142313896913768", 0.5]
[OSC] INFO: recv  /audiofile/progress  args= ["clip:clip_1789142313_a7ece2ac:1789142313896913768", 0.5]
[OSC] INFO: recv  /audiofile/progress  args= ["clip:clip_1789142313_a7ece2ac:1789142313896913768", 0.5]
[OSC] INFO: recv  /audiofile/progress  args= ["clip:clip_1789142313_a7ece2ac:1789142313896913768", 0.5]
[OSC] INFO: recv  /audiofile/progress  args= ["clip:clip_1789142313_a7ece2ac:1789142313896913768", 0.5]
[OSC] INFO: recv  /audiofile/progress  args= ["clip:clip_1789142313_a7ece2ac:1789142313896913768", 0.5]
[OSC] INFO: recv  /audiofile/progress  args= ["clip:clip_1789142313_a7ece2ac:1789142313896913768", 0.5]
[OSC] INFO: recv  /audiofile/progress  args= ["clip:clip_1789142313_a7ece2ac:1789142313896913768", 0.5]
[OSC] INFO: recv  /audiofile/progress  args= ["clip:clip_1789142313_a7ece2ac:1789142313896913768", 0.5]
[OSC] INFO: recv  /audiofile/progress  args= ["clip:clip_1789142313_a7ece2ac:1789142313896913768", 0.5]
[OSC] INFO: recv  /audiofile/progress  args= ["clip:clip_1789142313_a7ece2ac:1789142313896913768", 0.5]
[OSC] INFO: recv  /audiofile/progress  args= ["clip:clip_1789142313_a7ece2ac:1789142313896913768", 0.5]
[OSC] INFO: recv  /audiofile/progress  args= ["clip:clip_1789142313_a7ece2ac:1789142313896913768", 0.5]
[OSC] INFO: recv  /audiofile/progress  args= ["clip:clip_1789142313_a7ece2ac:1789142313896913768", 0.5]
[OSC] INFO: recv  /audiofile/progress  args= ["clip:clip_1789142313_a7ece2ac:1789142313896913768", 0.5]
[OSC] INFO: recv  /audiofile/progress  args= ["clip:clip_1789142313_a7ece2ac:1789142313896913768", 0.5]
[OSC] INFO: recv  /audiofile/progress  args= ["clip:clip_1789142313_a7ece2ac:1789142313896913768", 0.5]
[OSC] INFO: recv  /audiofile/progress  args= ["clip:clip_1789142313_a7ece2ac:1789142313896913768", 0.5]
[OSC] INFO: recv  /audiofile/progress  args= ["clip:clip_1789142313_a7ece2ac:1789142313896913768", 0.5]
[OSC] INFO: recv  /audiofile/progress  args= ["clip:clip_1789142313_a7ece2ac:1789142313896913768", 0.5]
[OSC] INFO: recv  /audiofile/progress  args= ["clip:clip_1789142313_a7ece2ac:1789142313896913768", 0.5]
[OSC] INFO: recv  /audiofile/progress  args= ["clip:clip_1789142313_a7ece2ac:1789142313896913768", 0.5]
[OSC] INFO: recv  /audiofile/progress  args= ["clip:clip_1789142313_a7ece2ac:1789142313896913768", 0.5]
[OSC] INFO: recv  /audiofile/progress  args= ["clip:clip_1789142313_a7ece2ac:1789142313896913768", 0.5]
[OSC] INFO: recv  /audiofile/progress  args= ["clip:clip_1789142313_a7ece2ac:1789142313896913768", 0.5]
[OSC] INFO: recv  /audiofile/progress  args= ["clip:clip_1789142313_a7ece2ac:1789142313896913768", 0.5]
[OSC] INFO: recv  /audiofile/progress  args= ["clip:clip_1789142313_a7ece2ac:1789142313896913768", 0.5]
[OSC] INFO: recv  /audiofile/progress  args= ["clip:clip_1789142313_a7ece2ac:1789142313896913768", 0.5]
[OSC] INFO: recv  /audiofile/progress  args= ["clip:clip_1789142313_a7ece2ac:1789142313896913768", 0.5]
[OSC] INFO: recv  /audiofile/progress  args= ["clip:clip_1789142313_a7ece2ac:1789142313896913768", 0.5]
[OSC] INFO: recv  /audiofile/progress  args= ["clip:clip_1789142313_a7ece2ac:1789142313896913768", 0.5]
[OSC] INFO: recv  /audiofile/progress  args= ["clip:clip_1789142313_a7ece2ac:1789142313896913768", 0.5]
[OSC] INFO: recv  /audiofile/progress  args= ["clip:clip_1789142313_a7ece2ac:1789142313896913768", 0.5]
[OSC] INFO: recv  /audiofile/progress  args= ["clip:clip_1789142313_a7ece2ac:1789142313896913768", 0.5]
[OSC] INFO: recv  /audiofile/progress  args= ["clip:clip_1789142313_a7ece2ac:1789142313896913768", 0.5]
[OSC] INFO: recv  /audiofile/progress  args= ["clip:clip_1789142313_a7ece2ac:1789142313896913768", 0.5]
[OSC] INFO: recv  /audiofile/progress  args= ["clip:clip_1789142313_a7ece2ac:1789142313896913768", 0.5]
[OSC] INFO: recv  /audiofile/progress  args= ["clip:clip_1789142313_a7ece2ac:1789142313896913768", 0.5]
[OSC] INFO: recv  /audiofile/progress  args= ["clip:clip_1789142313_a7ece2ac:1789142313896913768", 0.5]
[OSC] INFO: recv  /audiofile/progress  args= ["clip:clip_1789142313_a7ece2ac:1789142313896913768", 0.5]
[OSC] INFO: recv  /audiofile/progress  args= ["clip:clip_1789142313_a7ece2ac:1789142313896913768", 0.5]
[OSC] INFO: recv  /audiofile/progress  args= ["clip:clip_1789142313_a7ece2ac:1789142313896913768", 0.5]
[OSC] INFO: recv  /audiofile/progress  args= ["clip:clip_1789142313_a7ece2ac:1789142313896913768", 0.5]
[OSC] INFO: recv  /audiofile/progress  args= ["clip:clip_1789142313_a7ece2ac:1789142313896913768", 0.5]
[OSC] INFO: recv  /audiofile/progress  args= ["clip:clip_1789142313_a7ece2ac:1789142313896913768", 0.5]
[OSC] INFO: recv  /audiofile/progress  args= ["clip:clip_1789142313_a7ece2ac:1789142313896913768", 0.5]
[OSC] INFO: recv  /audiofile/progress  args= ["clip:clip_1789142313_a7ece2ac:1789142313896913768", 0.5]
[OSC] INFO: recv  /audiofile/progress  args= ["clip:clip_1789142313_a7ece2ac:1789142313896913768", 0.5]
[OSC] INFO: recv  /audiofile/progress  args= ["clip:clip_1789142313_a7ece2ac:1789142313896913768", 0.5]
[OSC] INFO: recv  /audiofile/progress  args= ["clip:clip_1789142313_a7ece2ac:1789142313896913768", 0.5]
[OSC] INFO: recv  /audiofile/progress  args= ["clip:clip_1789142313_a7ece2ac:1789142313896913768", 0.5]
[OSC] INFO: recv  /audiofile/progress  args= ["clip:clip_1789142313_a7ece2ac:1789142313896913768", 0.5]
[OSC] INFO: recv  /audiofile/progress  args= ["clip:clip_1789142313_a7ece2ac:1789142313896913768", 0.5]
[OSC] INFO: recv  /audiofile/progress  args= ["clip:clip_1789142313_a7ece2ac:1789142313896913768", 0.5]
[OSC] INFO: recv  /audiofile/progress  args= ["clip:clip_1789142313_a7ece2ac:1789142313896913768", 0.5]
[OSC] INFO: recv  /audiofile/progress  args= ["clip:clip_1789142313_a7ece2ac:1789142313896913768", 0.5]
[OSC] INFO: recv  /audiofile/progress  args= ["clip:clip_1789142313_a7ece2ac:1789142313896913768", 0.5]
[OSC] INFO: recv  /audiofile/progress  args= ["clip:clip_1789142313_a7ece2ac:1789142313896913768", 0.5]
[OSC] INFO: recv  /audiofile/progress  args= ["clip:clip_1789142313_a7ece2ac:1789142313896913768", 0.5]
[OSC] INFO: recv  /audiofile/progress  args= ["clip:clip_1789142313_a7ece2ac:1789142313896913768", 0.5]
[OSC] INFO: recv  /audiofile/progress  args= ["clip:clip_1789142313_a7ece2ac:1789142313896913768", 0.5]
[OSC] INFO: recv  /audiofile/progress  args= ["clip:clip_1789142313_a7ece2ac:1789142313896913768", 0.5]
[OSC] INFO: recv  /audiofile/progress  args= ["clip:clip_1789142313_a7ece2ac:1789142313896913768", 0.5]
[OSC] INFO: recv  /audiofile/progress  args= ["clip:clip_1789142313_a7ece2ac:1789142313896913768", 0.5]
[OSC] INFO: recv  /audiofile/progress  args= ["clip:clip_1789142313_a7ece2ac:1789142313896913768", 0.5]
[OSC] INFO: recv  /audiofile/progress  args= ["clip:clip_1789142313_a7ece2ac:1789142313896913768", 0.5]
[OSC] INFO: recv  /audiofile/progress  args= ["clip:clip_1789142313_a7ece2ac:1789142313896913768", 0.5]
[OSC] INFO: recv  /audiofile/progress  args= ["clip:clip_1789142313_a7ece2ac:1789142313896913768", 0.5]
[OSC] INFO: recv  /audiofile/progress  args= ["clip:clip_1789142313_a7ece2ac:1789142313896913768", 0.5]
[OSC] INFO: recv  /audiofile/progress  args= ["clip:clip_1789142313_a7ece2ac:1789142313896913768", 0.5]
[OSC] INFO: recv  /audiofile/progress  args= ["clip:clip_1789142313_a7ece2ac:1789142313896913768", 0.5]
[OSC] INFO: recv  /audiofile/progress  args= ["clip:clip_1789142313_a7ece2ac:1789142313896913768", 0.5]
[OSC] INFO: recv  /audiofile/progress  args= ["clip:clip_1789142313_a7ece2ac:1789142313896913768", 0.5]
[OSC] INFO: recv  /audiofile/progress  args= ["clip:clip_1789142313_a7ece2ac:1789142313896913768", 0.5]
[OSC] INFO: recv  /audiofile/progress  args= ["clip:clip_1789142313_a7ece2ac:1789142313896913768", 0.5]
[OSC] INFO: recv  /audiofile/progress  args= ["clip:clip_1789142313_a7ece2ac:1789142313896913768", 0.5]
[OSC] INFO: recv  /audiofile/progress  args= ["clip:clip_1789142313_a7ece2ac:1789142313896913768", 0.5]
[OSC] INFO: recv  /audiofile/progress  args= ["clip:clip_1789142313_a7ece2ac:1789142313896913768", 0.5]
[OSC] INFO: recv  /audiofile/progress  args= ["clip:clip_1789142313_a7ece2ac:1789142313896913768", 0.5]
[OSC] INFO: recv  /audiofile/progress  args= ["clip:clip_1789142313_a7ece2ac:1789142313896913768", 0.5]
[OSC] INFO: recv  /audiofile/progress  args= ["clip:clip_1789142313_a7ece2ac:1789142313896913768", 0.5]
[OSC] INFO: recv  /audiofile/progress  args= ["clip:clip_1789142313_a7ece2ac:1789142313896913768", 0.5]
[OSC] INFO: recv  /audiofile/progress  args= ["clip:clip_1789142313_a7ece2ac:1789142313896913768", 0.5]
[OSC] INFO: recv  /audiofile/progress  args= ["clip:clip_1789142313_a7ece2ac:1789142313896913768", 0.5]
[OSC] INFO: recv  /audiofile/progress  args= ["clip:clip_1789142313_a7ece2ac:1789142313896913768", 0.5]
[OSC] INFO: recv  /audiofile/progress  args= ["clip:clip_1789142313_a7ece2ac:1789142313896913768", 0.5]
[OSC] INFO: recv  /audiofile/progress  args= ["clip:clip_1789142313_a7ece2ac:1789142313896913768", 0.5]
[OSC] INFO: recv  /audiofile/progress  args= ["clip:clip_1789142313_a7ece2ac:1789142313896913768", 0.5]
[OSC] INFO: recv  /audiofile/progress  args= ["clip:clip_1789142313_a7ece2ac:1789142313896913768", 0.5]
[OSC] INFO: recv  /audiofile/progress  args= ["clip:clip_1789142313_a7ece2ac:1789142313896913768", 0.5]
[OSC] INFO: recv  /audiofile/progress  args= ["clip:clip_1789142313_a7ece2ac:1789142313896913768", 0.5]
[OSC] INFO: recv  /audiofile/progress  args= ["clip:clip_1789142313_a7ece2ac:1789142313896913768", 0.5]
[OSC] INFO: recv  /audiofile/progress  args= ["clip:clip_1789142313_a7ece2ac:1789142313896913768", 0.5]
[OSC] INFO: recv  /audiofile/progress  args= ["clip:clip_1789142313_a7ece2ac:1789142313896913768", 0.5]
[OSC] INFO: recv  /audiofile/progress  args= ["clip:clip_1789142313_a7ece2ac:1789142313896913768", 0.5]
[OSC] INFO: recv  /audiofile/progress  args= ["clip:clip_1789142313_a7ece2ac:1789142313896913768", 0.5]
[OSC] INFO: recv  /audiofile/progress  args= ["clip:clip_1789142313_a7ece2ac:1789142313896913768", 0.5]
[OSC] INFO: recv  /audiofile/progress  args= ["clip:clip_1789142313_a7ece2ac:1789142313896913768", 0.5]
[OSC] INFO: recv  /audiofile/progress  args= ["clip:clip_1789142313_a7ece2ac:1789142313896913768", 0.5]
[OSC] INFO: recv  /audiofile/progress  args= ["clip:clip_1789142313_a7ece2ac:1789142313896913768", 0.5]
[OSC] INFO: recv  /audiofile/progress  args= ["clip:clip_1789142313_a7ece2ac:1789142313896913768", 0.5]
[OSC] INFO: recv  /audiofile/progress  args= ["clip:clip_1789142313_a7ece2ac:1789142313896913768", 0.5]
[OSC] INFO: recv  /audiofile/progress  args= ["clip:clip_1789142313_a7ece2ac:1789142313896913768", 0.5]
[OSC] INFO: recv  /audiofile/progress  args= ["clip:clip_1789142313_a7ece2ac:1789142313896913768", 0.5]
[OSC] INFO: recv  /audiofile/progress  args= ["clip:clip_1789142313_a7ece2ac:1789142313896913768", 0.5]
[OSC] INFO: recv  /audiofile/progress  args= ["clip:clip_1789142313_a7ece2ac:1789142313896913768", 0.5]
[OSC] INFO: recv  /audiofile/progress  args= ["clip:clip_1789142313_a7ece2ac:1789142313896913768", 0.5]
[OSC] INFO: recv  /audiofile/progress  args= ["clip:clip_1789142313_a7ece2ac:1789142313896913768", 0.5]
[OSC] INFO: recv  /audiofile/progress  args= ["clip:clip_1789142313_a7ece2ac:1789142313896913768", 0.5]
[OSC] INFO: recv  /audiofile/progress  args= ["clip:clip_1789142313_a7ece2ac:1789142313896913768", 0.5]
[OSC] INFO: recv  /audiofile/progress  args= ["clip:clip_1789142313_a7ece2ac:1789142313896913768", 0.5]
[OSC] INFO: recv  /audiofile/progress  args= ["clip:clip_1789142313_a7ece2ac:1789142313896913768", 0.5]
[OSC] INFO: recv  /audiofile/progress  args= ["clip:clip_1789142313_a7ece2ac:1789142313896913768", 0.5]
[OSC] INFO: recv  /audiofile/progress  args= ["clip:clip_1789142313_a7ece2ac:1789142313896913768", 0.5]
[OSC] INFO: recv  /audiofile/progress  args= ["clip:clip_1789142313_a7ece2ac:1789142313896913768", 0.5]
[OSC] INFO: recv  /audiofile/progress  args= ["clip:clip_1789142313_a7ece2ac:1789142313896913768", 0.5]
[OSC] INFO: recv  /audiofile/progress  args= ["clip:clip_1789142313_a7ece2ac:1789142313896913768", 0.5]
[OSC] INFO: recv  /audiofile/progress  args= ["clip:clip_1789142313_a7ece2ac:1789142313896913768", 0.5]
[OSC] INFO: recv  /audiofile/progress  args= ["clip:clip_1789142313_a7ece2ac:1789142313896913768", 0.5]
[OSC] INFO: recv  /audiofile/progress  args= ["clip:clip_1789142313_a7ece2ac:1789142313896913768", 0.5]
[OSC] INFO: recv  /audiofile/progress  args= ["clip:clip_1789142313_a7ece2ac:1789142313896913768", 0.5]
[OSC] INFO: recv  /audiofile/progress  args= ["clip:clip_1789142313_a7ece2ac:1789142313896913768", 0.5]
[OSC] INFO: recv  /audiofile/progress  args= ["clip:clip_1789142313_a7ece2ac:1789142313896913768", 0.5]
[OSC] INFO: recv  /audiofile/progress  args= ["clip:clip_1789142313_a7ece2ac:1789142313896913768", 0.5]
[OSC] INFO: recv  /audiofile/progress  args= ["clip:clip_1789142313_a7ece2ac:1789142313896913768", 0.5]
[OSC] INFO: recv  /audiofile/progress  args= ["clip:clip_1789142313_a7ece2ac:1789142313896913768", 0.5]
[OSC] INFO: recv  /audiofile/progress  args= ["clip:clip_1789142313_a7ece2ac:1789142313896913768", 0.5]
[OSC] INFO: recv  /audiofile/progress  args= ["clip:clip_1789142313_a7ece2ac:1789142313896913768", 0.5]
[OSC] INFO: recv  /audiofile/progress  args= ["clip:clip_1789142313_a7ece2ac:1789142313896913768", 0.5]
[OSC] INFO: recv  /audiofile/progress  args= ["clip:clip_1789142313_a7ece2ac:1789142313896913768", 0.5]
[OSC] INFO: recv  /audiofile/progress  args= ["clip:clip_1789142313_a7ece2ac:1789142313896913768", 0.5]
[OSC] INFO: recv  /audiofile/progress  args= ["clip:clip_1789142313_a7ece2ac:1789142313896913768", 0.5]
[OSC] INFO: recv  /audiofile/progress  args= ["clip:clip_1789142313_a7ece2ac:1789142313896913768", 0.5]
[OSC] INFO: recv  /audiofile/progress  args= ["clip:clip_1789142313_a7ece2ac:1789142313896913768", 0.5]
[OSC] INFO: recv  /audiofile/progress  args= ["clip:clip_1789142313_a7ece2ac:1789142313896913768", 0.5]
[OSC] INFO: recv  /audiofile/progress  args= ["clip:clip_1789142313_a7ece2ac:1789142313896913768", 0.5]
[OSC] INFO: recv  /audiofile/progress  args= ["clip:clip_1789142313_a7ece2ac:1789142313896913768", 0.5]
[OSC] INFO: recv  /audiofile/progress  args= ["clip:clip_1789142313_a7ece2ac:1789142313896913768", 0.5]
[OSC] INFO: recv  /audiofile/progress  args= ["clip:clip_1789142313_a7ece2ac:1789142313896913768", 0.5]
[OSC] INFO: recv  /audiofile/progress  args= ["clip:clip_1789142313_a7ece2ac:1789142313896913768", 0.5]
[OSC] INFO: recv  /audiofile/progress  args= ["clip:clip_1789142313_a7ece2ac:1789142313896913768", 0.5]
[OSC] INFO: recv  /audiofile/progress  args= ["clip:clip_1789142313_a7ece2ac:1789142313896913768", 0.5]
[OSC] INFO: recv  /audiofile/progress  args= ["clip:clip_1789142313_a7ece2ac:1789142313896913768", 0.5]
[OSC] INFO: recv  /audiofile/progress  args= ["clip:clip_1789142313_a7ece2ac:1789142313896913768", 0.5]
[OSC] INFO: recv  /audiofile/progress  args= ["clip:clip_1789142313_a7ece2ac:1789142313896913768", 0.5]
[OSC] INFO: recv  /audiofile/progress  args= ["clip:clip_1789142313_a7ece2ac:1789142313896913768", 0.5]
[OSC] INFO: recv  /audiofile/progress  args= ["clip:clip_1789142313_a7ece2ac:1789142313896913768", 0.5]
[OSC] INFO: recv  /audiofile/progress  args= ["clip:clip_1789142313_a7ece2ac:1789142313896913768", 0.5]
[OSC] INFO: recv  /audiofile/progress  args= ["clip:clip_1789142313_a7ece2ac:1789142313896913768", 0.5]
[OSC] INFO: recv  /audiofile/progress  args= ["clip:clip_1789142313_a7ece2ac:1789142313896913768", 0.5]
[OSC] INFO: recv  /audiofile/progress  args= ["clip:clip_1789142313_a7ece2ac:1789142313896913768", 0.5]
[OSC] INFO: recv  /audiofile/progress  args= ["clip:clip_1789142313_a7ece2ac:1789142313896913768", 0.5]
[OSC] INFO: recv  /audiofile/progress  args= ["clip:clip_1789142313_a7ece2ac:1789142313896913768", 0.5]
[OSC] INFO: recv  /audiofile/progress  args= ["clip:clip_1789142313_a7ece2ac:1789142313896913768", 0.5]
[OSC] INFO: recv  /audiofile/progress  args= ["clip:clip_1789142313_a7ece2ac:1789142313896913768", 0.5]
[OSC] INFO: recv  /audiofile/progress  args= ["clip:clip_1789142313_a7ece2ac:1789142313896913768", 0.5]
[OSC] INFO: recv  /audiofile/progress  args= ["clip:clip_1789142313_a7ece2ac:1789142313896913768", 0.5]
[OSC] INFO: recv  /audiofile/progress  args= ["clip:clip_1789142313_a7ece2ac:1789142313896913768", 0.5]
[OSC] INFO: recv  /audiofile/progress  args= ["clip:clip_1789142313_a7ece2ac:1789142313896913768", 0.5]
[OSC] INFO: recv  /audiofile/progress  args= ["clip:clip_1789142313_a7ece2ac:1789142313896913768", 0.5]
[OSC] INFO: recv  /audiofile/progress  args= ["clip:clip_1789142313_a7ece2ac:1789142313896913768", 0.5]
[OSC] INFO: recv  /audiofile/progress  args= ["clip:clip_1789142313_a7ece2ac:1789142313896913768", 0.5]
[OSC] INFO: recv  /audiofile/progress  args= ["clip:clip_1789142313_a7ece2ac:1789142313896913768", 0.5]
[OSC] INFO: recv  /audiofile/progress  args= ["clip:clip_1789142313_a7ece2ac:1789142313896913768", 0.5]
[OSC] INFO: recv  /audiofile/progress  args= ["clip:clip_1789142313_a7ece2ac:1789142313896913768", 0.5]
[OSC] INFO: recv  /audiofile/progress  args= ["clip:clip_1789142313_a7ece2ac:1789142313896913768", 0.5]
[OSC] INFO: recv  /audiofile/progress  args= ["clip:clip_1789142313_a7ece2ac:1789142313896913768", 0.5]
[OSC] INFO: recv  /audiofile/progress  args= ["clip:clip_1789142313_a7ece2ac:1789142313896913768", 0.5]
[OSC] INFO: recv  /audiofile/progress  args= ["clip:clip_1789142313_a7ece2ac:1789142313896913768", 0.5]
[OSC] INFO: recv  /audiofile/progress  args= ["clip:clip_1789142313_a7ece2ac:1789142313896913768", 0.5]
[OSC] INFO: recv  /audiofile/progress  args= ["clip:clip_1789142313_a7ece2ac:1789142313896913768", 0.5]
[OSC] INFO: recv  /audiofile/progress  args= ["clip:clip_1789142313_a7ece2ac:1789142313896913768", 0.5]
[OSC] INFO: recv  /audiofile/progress  args= ["clip:clip_1789142313_a7ece2ac:1789142313896913768", 0.5]
[OSC] INFO: recv  /audiofile/progress  args= ["clip:clip_1789142313_a7ece2ac:1789142313896913768", 0.5]
[OSC] INFO: recv  /audiofile/progress  args= ["clip:clip_1789142313_a7ece2ac:1789142313896913768", 0.5]
[OSC] INFO: recv  /audiofile/progress  args= ["clip:clip_1789142313_a7ece2ac:1789142313896913768", 0.5]
[OSC] INFO: recv  /audiofile/progress  args= ["clip:clip_1789142313_a7ece2ac:1789142313896913768", 0.5]
[OSC] INFO: recv  /audiofile/progress  args= ["clip:clip_1789142313_a7ece2ac:1789142313896913768", 0.5]
[OSC] INFO: recv  /audiofile/progress  args= ["clip:clip_1789142313_a7ece2ac:1789142313896913768", 0.5]
[OSC] INFO: recv  /audiofile/progress  args= ["clip:clip_1789142313_a7ece2ac:1789142313896913768", 0.5]
[OSC] INFO: recv  /audiofile/progress  args= ["clip:clip_1789142313_a7ece2ac:1789142313896913768", 0.5]
[OSC] INFO: recv  /audiofile/progress  args= ["clip:clip_1789142313_a7ece2ac:1789142313896913768", 0.5]
[OSC] INFO: recv  /audiofile/progress  args= ["clip:clip_1789142313_a7ece2ac:1789142313896913768", 0.5]
[OSC] INFO: recv  /audiofile/progress  args= ["clip:clip_1789142313_a7ece2ac:1789142313896913768", 0.5]
[OSC] INFO: recv  /audiofile/progress  args= ["clip:clip_1789142313_a7ece2ac:1789142313896913768", 0.5]
[OSC] INFO: recv  /audiofile/progress  args= ["clip:clip_1789142313_a7ece2ac:1789142313896913768", 0.5]
[OSC] INFO: recv  /audiofile/progress  args= ["clip:clip_1789142313_a7ece2ac:1789142313896913768", 0.5]
[OSC] INFO: recv  /audiofile/progress  args= ["clip:clip_1789142313_a7ece2ac:1789142313896913768", 0.5]
[OSC] INFO: recv  /audiofile/progress  args= ["clip:clip_1789142313_a7ece2ac:1789142313896913768", 0.5]
[OSC] INFO: recv  /audiofile/progress  args= ["clip:clip_1789142313_a7ece2ac:1789142313896913768", 0.5]
[OSC] INFO: recv  /audiofile/progress  args= ["clip:clip_1789142313_a7ece2ac:1789142313896913768", 0.5]
[OSC] INFO: recv  /audiofile/progress  args= ["clip:clip_1789142313_a7ece2ac:1789142313896913768", 0.5]
[OSC] INFO: recv  /audiofile/progress  args= ["clip:clip_1789142313_a7ece2ac:1789142313896913768", 0.5]
[OSC] INFO: recv  /audiofile/progress  args= ["clip:clip_1789142313_a7ece2ac:1789142313896913768", 0.5]
[OSC] INFO: recv  /audiofile/progress  args= ["clip:clip_1789142313_a7ece2ac:1789142313896913768", 0.5]
[OSC] INFO: recv  /audiofile/progress  args= ["clip:clip_1789142313_a7ece2ac:1789142313896913768", 0.5]
[OSC] INFO: recv  /audiofile/progress  args= ["clip:clip_1789142313_a7ece2ac:1789142313896913768", 0.5]
[OSC] INFO: recv  /audiofile/progress  args= ["clip:clip_1789142313_a7ece2ac:1789142313896913768", 0.5]
[OSC] INFO: recv  /audiofile/progress  args= ["clip:clip_1789142313_a7ece2ac:1789142313896913768", 0.5]
[OSC] INFO: recv  /audiofile/progress  args= ["clip:clip_1789142313_a7ece2ac:1789142313896913768", 0.5]
[OSC] INFO: recv  /audiofile/progress  args= ["clip:clip_1789142313_a7ece2ac:1789142313896913768", 0.5]
[OSC] INFO: recv  /audiofile/progress  args= ["clip:clip_1789142313_a7ece2ac:1789142313896913768", 0.5]
[OSC] INFO: recv  /audiofile/progress  args= ["clip:clip_1789142313_a7ece2ac:1789142313896913768", 0.5]
[OSC] INFO: recv  /audiofile/progress  args= ["clip:clip_1789142313_a7ece2ac:1789142313896913768", 0.5]
[OSC] INFO: recv  /audiofile/progress  args= ["clip:clip_1789142313_a7ece2ac:1789142313896913768", 0.5]
[OSC] INFO: recv  /audiofile/progress  args= ["clip:clip_1789142313_a7ece2ac:1789142313896913768", 0.5]
[OSC] INFO: recv  /audiofile/progress  args= ["clip:clip_1789142313_a7ece2ac:1789142313896913768", 0.5]
[OSC] INFO: recv  /audiofile/progress  args= ["clip:clip_1789142313_a7ece2ac:1789142313896913768", 0.5]
[OSC] INFO: recv  /audiofile/progress  args= ["clip:clip_1789142313_a7ece2ac:1789142313896913768", 0.5]
[OSC] INFO: recv  /audiofile/progress  args= ["clip:clip_1789142313_a7ece2ac:1789142313896913768", 0.5]
[OSC] INFO: recv  /audiofile/progress  args= ["clip:clip_1789142313_a7ece2ac:1789142313896913768", 0.5]
[OSC] INFO: recv  /audiofile/progress  args= ["clip:clip_1789142313_a7ece2ac:1789142313896913768", 0.5]
[OSC] INFO: recv  /audiofile/progress  args= ["clip:clip_1789142313_a7ece2ac:1789142313896913768", 0.5]
[OSC] INFO: recv  /audiofile/progress  args= ["clip:clip_1789142313_a7ece2ac:1789142313896913768", 0.5]
[OSC] INFO: recv  /audiofile/progress  args= ["clip:clip_1789142313_a7ece2ac:1789142313896913768", 0.5]
[OSC] INFO: recv  /audiofile/progress  args= ["clip:clip_1789142313_a7ece2ac:1789142313896913768", 0.5]
[OSC] INFO: recv  /audiofile/progress  args= ["clip:clip_1789142313_a7ece2ac:1789142313896913768", 0.5]
[OSC] INFO: recv  /audiofile/progress  args= ["clip:clip_1789142313_a7ece2ac:1789142313896913768", 0.5]
[OSC] INFO: recv  /audiofile/progress  args= ["clip:clip_1789142313_a7ece2ac:1789142313896913768", 0.5]
[OSC] INFO: recv  /audiofile/progress  args= ["clip:clip_1789142313_a7ece2ac:1789142313896913768", 0.5]
[OSC] INFO: recv  /audiofile/progress  args= ["clip:clip_1789142313_a7ece2ac:1789142313896913768", 0.5]
[OSC] INFO: recv  /audiofile/progress  args= ["clip:clip_1789142313_a7ece2ac:1789142313896913768", 0.5]
[OSC] INFO: recv  /audiofile/progress  args= ["clip:clip_1789142313_a7ece2ac:1789142313896913768", 0.5]
[OSC] INFO: recv  /audiofile/progress  args= ["clip:clip_1789142313_a7ece2ac:1789142313896913768", 0.5]
[OSC] INFO: recv  /audiofile/progress  args= ["clip:clip_1789142313_a7ece2ac:1789142313896913768", 0.5]
[OSC] INFO: recv  /audiofile/progress  args= ["clip:clip_1789142313_a7ece2ac:1789142313896913768", 0.5]
[OSC] INFO: recv  /audiofile/progress  args= ["clip:clip_1789142313_a7ece2ac:1789142313896913768", 0.5]
[OSC] INFO: recv  /audiofile/progress  args= ["clip:clip_1789142313_a7ece2ac:1789142313896913768", 0.5]
[OSC] INFO: recv  /audiofile/progress  args= ["clip:clip_1789142313_a7ece2ac:1789142313896913768", 0.5]
[OSC] INFO: recv  /audiofile/progress  args= ["clip:clip_1789142313_a7ece2ac:1789142313896913768", 0.5]
[OSC] INFO: recv  /audiofile/progress  args= ["clip:clip_1789142313_a7ece2ac:1789142313896913768", 0.5]
[OSC] INFO: recv  /audiofile/progress  args= ["clip:clip_1789142313_a7ece2ac:1789142313896913768", 0.5]
[OSC] INFO: recv  /audiofile/progress  args= ["clip:clip_1789142313_a7ece2ac:1789142313896913768", 0.5]
[OSC] INFO: recv  /audiofile/progress  args= ["clip:clip_1789142313_a7ece2ac:1789142313896913768", 0.5]
[OSC] INFO: recv  /audiofile/progress  args= ["clip:clip_1789142313_a7ece2ac:1789142313896913768", 0.5]
[OSC] INFO: recv  /audiofile/progress  args= ["clip:clip_1789142313_a7ece2ac:1789142313896913768", 0.5]
[OSC] INFO: recv  /audiofile/progress  args= ["clip:clip_1789142313_a7ece2ac:1789142313896913768", 0.5]
[OSC] INFO: recv  /audiofile/progress  args= ["clip:clip_1789142313_a7ece2ac:1789142313896913768", 0.5]
[OSC] INFO: recv  /audiofile/progress  args= ["clip:clip_1789142313_a7ece2ac:1789142313896913768", 0.5]
[OSC] INFO: recv  /audiofile/progress  args= ["clip:clip_1789142313_a7ece2ac:1789142313896913768", 0.5]
[OSC] INFO: recv  /audiofile/progress  args= ["clip:clip_1789142313_a7ece2ac:1789142313896913768", 0.5]
[OSC] INFO: recv  /audiofile/progress  args= ["clip:clip_1789142313_a7ece2ac:1789142313896913768", 0.5]
[OSC] INFO: recv  /audiofile/progress  args= ["clip:clip_1789142313_a7ece2ac:1789142313896913768", 0.5]
[OSC] INFO: recv  /audiofile/progress  args= ["clip:clip_1789142313_a7ece2ac:1789142313896913768", 0.5]
[OSC] INFO: recv  /audiofile/progress  args= ["clip:clip_1789142313_a7ece2ac:1789142313896913768", 0.5]
[OSC] INFO: recv  /audiofile/progress  args= ["clip:clip_1789142313_a7ece2ac:1789142313896913768", 0.5]
[OSC] INFO: recv  /audiofile/progress  args= ["clip:clip_1789142313_a7ece2ac:1789142313896913768", 0.5]
[OSC] INFO: recv  /audiofile/progress  args= ["clip:clip_1789142313_a7ece2ac:1789142313896913768", 0.5]
[OSC] INFO: recv  /audiofile/progress  args= ["clip:clip_1789142313_a7ece2ac:1789142313896913768", 0.5]
[OSC] INFO: recv  /audiofile/progress  args= ["clip:clip_1789142313_a7ece2ac:1789142313896913768", 0.5]
[OSC] INFO: recv  /audiofile/progress  args= ["clip:clip_1789142313_a7ece2ac:1789142313896913768", 0.5]
[OSC] INFO: recv  /audiofile/progress  args= ["clip:clip_1789142313_a7ece2ac:1789142313896913768", 0.5]
[OSC] INFO: recv  /audiofile/progress  args= ["clip:clip_1789142313_a7ece2ac:1789142313896913768", 0.5]
[OSC] INFO: recv  /audiofile/progress  args= ["clip:clip_1789142313_a7ece2ac:1789142313896913768", 0.5]
[OSC] INFO: recv  /audiofile/progress  args= ["clip:clip_1789142313_a7ece2ac:1789142313896913768", 0.5]
[OSC] INFO: recv  /audiofile/progress  args= ["clip:clip_1789142313_a7ece2ac:1789142313896913768", 0.5]
[OSC] INFO: recv  /audiofile/progress  args= ["clip:clip_1789142313_a7ece2ac:1789142313896913768", 0.5]
[OSC] INFO: recv  /audiofile/progress  args= ["clip:clip_1789142313_a7ece2ac:1789142313896913768", 0.5]
[OSC] INFO: recv  /audiofile/progress  args= ["clip:clip_1789142313_a7ece2ac:1789142313896913768", 0.5]
[OSC] INFO: recv  /audiofile/progress  args= ["clip:clip_1789142313_a7ece2ac:1789142313896913768", 0.5]
[OSC] INFO: recv  /audiofile/progress  args= ["clip:clip_1789142313_a7ece2ac:1789142313896913768", 0.5]
[OSC] INFO: recv  /audiofile/progress  args= ["clip:clip_1789142313_a7ece2ac:1789142313896913768", 0.5]
[OSC] INFO: recv  /audiofile/progress  args= ["clip:clip_1789142313_a7ece2ac:1789142313896913768", 0.5]
[OSC] INFO: recv  /audiofile/progress  args= ["clip:clip_1789142313_a7ece2ac:1789142313896913768", 0.5]
[OSC] INFO: recv  /audiofile/progress  args= ["clip:clip_1789142313_a7ece2ac:1789142313896913768", 0.5]
[OSC] INFO: recv  /audiofile/progress  args= ["clip:clip_1789142313_a7ece2ac:1789142313896913768", 0.5]
[OSC] INFO: recv  /audiofile/progress  args= ["clip:clip_1789142313_a7ece2ac:1789142313896913768", 0.5]
[OSC] INFO: recv  /audiofile/progress  args= ["clip:clip_1789142313_a7ece2ac:1789142313896913768", 0.5]
[OSC] INFO: recv  /audiofile/progress  args= ["clip:clip_1789142313_a7ece2ac:1789142313896913768", 0.5]
[OSC] INFO: recv  /audiofile/progress  args= ["clip:clip_1789142313_a7ece2ac:1789142313896913768", 0.5]
[OSC] INFO: recv  /audiofile/progress  args= ["clip:clip_1789142313_a7ece2ac:1789142313896913768", 0.5]
[OSC] INFO: recv  /audiofile/progress  args= ["clip:clip_1789142313_a7ece2ac:1789142313896913768", 0.5]
[OSC] INFO: recv  /audiofile/progress  args= ["clip:clip_1789142313_a7ece2ac:1789142313896913768", 0.5]
[OSC] INFO: recv  /audiofile/progress  args= ["clip:clip_1789142313_a7ece2ac:1789142313896913768", 0.5]
[OSC] INFO: recv  /audiofile/progress  args= ["clip:clip_1789142313_a7ece2ac:1789142313896913768", 0.5]
[OSC] INFO: recv  /audiofile/progress  args= ["clip:clip_1789142313_a7ece2ac:1789142313896913768", 0.5]
[OSC] INFO: recv  /audiofile/progress  args= ["clip:clip_1789142313_a7ece2ac:1789142313896913768", 0.5]
[OSC] INFO: recv  /audiofile/progress  args= ["clip:clip_1789142313_a7ece2ac:1789142313896913768", 0.5]
[OSC] INFO: recv  /audiofile/progress  args= ["clip:clip_1789142313_a7ece2ac:1789142313896913768", 0.5]
[OSC] INFO: recv  /audiofile/progress  args= ["clip:clip_1789142313_a7ece2ac:1789142313896913768", 0.5]
[OSC] INFO: recv  /audiofile/progress  args= ["clip:clip_1789142313_a7ece2ac:1789142313896913768", 0.5]
[OSC] INFO: recv  /audiofile/progress  args= ["clip:clip_1789142313_a7ece2ac:1789142313896913768", 0.5]
[OSC] INFO: recv  /audiofile/progress  args= ["clip:clip_1789142313_a7ece2ac:1789142313896913768", 0.5]
[OSC] INFO: recv  /audiofile/progress  args= ["clip:clip_1789142313_a7ece2ac:1789142313896913768", 0.5]
[OSC] INFO: recv  /audiofile/progress  args= ["clip:clip_1789142313_a7ece2ac:1789142313896913768", 0.5]
[OSC] INFO: recv  /audiofile/progress  args= ["clip:clip_1789142313_a7ece2ac:1789142313896913768", 0.5]
[OSC] INFO: recv  /audiofile/progress  args= ["clip:clip_1789142313_a7ece2ac:1789142313896913768", 0.5]
[OSC] INFO: recv  /audiofile/progress  args= ["clip:clip_1789142313_a7ece2ac:1789142313896913768", 0.5]
[OSC] INFO: recv  /audiofile/progress  args= ["clip:clip_1789142313_a7ece2ac:1789142313896913768", 0.5]
[OSC] INFO: recv  /audiofile/progress  args= ["clip:clip_1789142313_a7ece2ac:1789142313896913768", 0.5]
[OSC] INFO: recv  /audiofile/progress  args= ["clip:clip_1789142313_a7ece2ac:1789142313896913768", 0.5]
[OSC] INFO: recv  /audiofile/progress  args= ["clip:clip_1789142313_a7ece2ac:1789142313896913768", 0.5]
[OSC] INFO: recv  /audiofile/progress  args= ["clip:clip_1789142313_a7ece2ac:1789142313896913768", 0.5]
[OSC] INFO: recv  /audiofile/progress  args= ["clip:clip_1789142313_a7ece2ac:1789142313896913768", 0.5]
[OSC] INFO: recv  /audiofile/progress  args= ["clip:clip_1789142313_a7ece2ac:1789142313896913768", 0.5]
[OSC] INFO: recv  /audiofile/progress  args= ["clip:clip_1789142313_a7ece2ac:1789142313896913768", 0.5]
[OSC] INFO: recv  /audiofile/progress  args= ["clip:clip_1789142313_a7ece2ac:1789142313896913768", 0.5]
[OSC] INFO: recv  /audiofile/progress  args= ["clip:clip_1789142313_a7ece2ac:1789142313896913768", 0.5]
[OSC] INFO: recv  /audiofile/progress  args= ["clip:clip_1789142313_a7ece2ac:1789142313896913768", 0.5]
[OSC] INFO: recv  /audiofile/progress  args= ["clip:clip_1789142313_a7ece2ac:1789142313896913768", 0.5]
[OSC] INFO: recv  /audiofile/progress  args= ["clip:clip_1789142313_a7ece2ac:1789142313896913768", 0.5]
[OSC] INFO: recv  /audiofile/progress  args= ["clip:clip_1789142313_a7ece2ac:1789142313896913768", 0.5]
[OSC] INFO: recv  /audiofile/progress  args= ["clip:clip_1789142313_a7ece2ac:1789142313896913768", 0.5]
[OSC] INFO: recv  /audiofile/progress  args= ["clip:clip_1789142313_a7ece2ac:1789142313896913768", 0.5]
[OSC] INFO: recv  /audiofile/progress  args= ["clip:clip_1789142313_a7ece2ac:1789142313896913768", 0.5]
[OSC] INFO: recv  /audiofile/progress  args= ["clip:clip_1789142313_a7ece2ac:1789142313896913768", 0.5]
[OSC] INFO: recv  /audiofile/progress  args= ["clip:clip_1789142313_a7ece2ac:1789142313896913768", 0.5]
[OSC] INFO: recv  /audiofile/progress  args= ["clip:clip_1789142313_a7ece2ac:1789142313896913768", 0.5]
[OSC] INFO: recv  /audiofile/progress  args= ["clip:clip_1789142313_a7ece2ac:1789142313896913768", 0.5]
[OSC] INFO: recv  /audiofile/progress  args= ["clip:clip_1789142313_a7ece2ac:1789142313896913768", 0.5]
[OSC] INFO: recv  /audiofile/progress  args= ["clip:clip_1789142313_a7ece2ac:1789142313896913768", 0.5]
[OSC] INFO: recv  /audiofile/progress  args= ["clip:clip_1789142313_a7ece2ac:1789142313896913768", 0.5]
[OSC] INFO: recv  /audiofile/progress  args= ["clip:clip_1789142313_a7ece2ac:1789142313896913768", 0.5]
[OSC] INFO: recv  /audiofile/progress  args= ["clip:clip_1789142313_a7ece2ac:1789142313896913768", 0.5]
[OSC] INFO: recv  /audiofile/progress  args= ["clip:clip_1789142313_a7ece2ac:1789142313896913768", 0.5]
[OSC] INFO: recv  /audiofile/progress  args= ["clip:clip_1789142313_a7ece2ac:1789142313896913768", 0.5]
[OSC] INFO: recv  /audiofile/progress  args= ["clip:clip_1789142313_a7ece2ac:1789142313896913768", 0.5]
[OSC] INFO: recv  /audiofile/progress  args= ["clip:clip_1789142313_a7ece2ac:1789142313896913768", 0.5]
[OSC] INFO: recv  /audiofile/progress  args= ["clip:clip_1789142313_a7ece2ac:1789142313896913768", 0.5]
[OSC] INFO: recv  /audiofile/progress  args= ["clip:clip_1789142313_a7ece2ac:1789142313896913768", 0.5]
[OSC] INFO: recv  /audiofile/progress  args= ["clip:clip_1789142313_a7ece2ac:1789142313896913768", 0.5]
[OSC] INFO: recv  /audiofile/progress  args= ["clip:clip_1789142313_a7ece2ac:1789142313896913768", 0.5]
[OSC] INFO: recv  /audiofile/progress  args= ["clip:clip_1789142313_a7ece2ac:1789142313896913768", 0.5]
[OSC] INFO: recv  /audiofile/progress  args= ["clip:clip_1789142313_a7ece2ac:1789142313896913768", 0.5]
[OSC] INFO: recv  /audiofile/progress  args= ["clip:clip_1789142313_a7ece2ac:1789142313896913768", 0.5]
[OSC] INFO: recv  /audiofile/progress  args= ["clip:clip_1789142313_a7ece2ac:1789142313896913768", 0.5]
[OSC] INFO: recv  /audiofile/progress  args= ["clip:clip_1789142313_a7ece2ac:1789142313896913768", 0.5]
[OSC] INFO: recv  /audiofile/progress  args= ["clip:clip_1789142313_a7ece2ac:1789142313896913768", 0.5]
[OSC] INFO: recv  /audiofile/progress  args= ["clip:clip_1789142313_a7ece2ac:1789142313896913768", 0.5]
[OSC] INFO: recv  /audiofile/progress  args= ["clip:clip_1789142313_a7ece2ac:1789142313896913768", 0.5]
[OSC] INFO: recv  /audiofile/progress  args= ["clip:clip_1789142313_a7ece2ac:1789142313896913768", 0.5]
[OSC] INFO: recv  /audiofile/progress  args= ["clip:clip_1789142313_a7ece2ac:1789142313896913768", 0.5]
[OSC] INFO: recv  /audiofile/progress  args= ["clip:clip_1789142313_a7ece2ac:1789142313896913768", 0.5]
[OSC] INFO: recv  /audiofile/progress  args= ["clip:clip_1789142313_a7ece2ac:1789142313896913768", 0.5]
[OSC] INFO: recv  /audiofile/progress  args= ["clip:clip_1789142313_a7ece2ac:1789142313896913768", 0.5]
[OSC] INFO: recv  /audiofile/progress  args= ["clip:clip_1789142313_a7ece2ac:1789142313896913768", 0.5]
[OSC] INFO: recv  /audiofile/progress  args= ["clip:clip_1789142313_a7ece2ac:1789142313896913768", 0.5]
[OSC] INFO: recv  /audiofile/progress  args= ["clip:clip_1789142313_a7ece2ac:1789142313896913768", 0.5]
[OSC] INFO: recv  /audiofile/progress  args= ["clip:clip_1789142313_a7ece2ac:1789142313896913768", 0.5]
[OSC] INFO: recv  /audiofile/progress  args= ["clip:clip_1789142313_a7ece2ac:1789142313896913768", 0.5]
[OSC] INFO: recv  /audiofile/progress  args= ["clip:clip_1789142313_a7ece2ac:1789142313896913768", 0.5]
[OSC] INFO: recv  /audiofile/progress  args= ["clip:clip_1789142313_a7ece2ac:1789142313896913768", 0.5]
[OSC] INFO: recv  /audiofile/progress  args= ["clip:clip_1789142313_a7ece2ac:1789142313896913768", 0.5]
[OSC] INFO: recv  /audiofile/progress  args= ["clip:clip_1789142313_a7ece2ac:1789142313896913768", 0.5]
[OSC] INFO: recv  /audiofile/progress  args= ["clip:clip_1789142313_a7ece2ac:1789142313896913768", 0.5]
[OSC] INFO: recv  /audiofile/progress  args= ["clip:clip_1789142313_a7ece2ac:1789142313896913768", 0.5]
[OSC] INFO: recv  /audiofile/progress  args= ["clip:clip_1789142313_a7ece2ac:1789142313896913768", 0.5]
[OSC] INFO: recv  /audiofile/progress  args= ["clip:clip_1789142313_a7ece2ac:1789142313896913768", 0.5]
[OSC] INFO: recv  /audiofile/progress  args= ["clip:clip_1789142313_a7ece2ac:1789142313896913768", 0.5]
[OSC] INFO: recv  /audiofile/progress  args= ["clip:clip_1789142313_a7ece2ac:1789142313896913768", 0.5]
[OSC] INFO: recv  /audiofile/progress  args= ["clip:clip_1789142313_a7ece2ac:1789142313896913768", 0.5]
[OSC] INFO: recv  /audiofile/progress  args= ["clip:clip_1789142313_a7ece2ac:1789142313896913768", 0.5]
[OSC] INFO: recv  /audiofile/progress  args= ["clip:clip_1789142313_a7ece2ac:1789142313896913768", 0.5]
[OSC] INFO: recv  /audiofile/progress  args= ["clip:clip_1789142313_a7ece2ac:1789142313896913768", 0.5]
[OSC] INFO: recv  /audiofile/progress  args= ["clip:clip_1789142313_a7ece2ac:1789142313896913768", 0.5]
[OSC] INFO: recv  /audiofile/progress  args= ["clip:clip_1789142313_a7ece2ac:1789142313896913768", 0.5]
[OSC] INFO: recv  /audiofile/progress  args= ["clip:clip_1789142313_a7ece2ac:1789142313896913768", 0.5]
[OSC] INFO: recv  /audiofile/progress  args= ["clip:clip_1789142313_a7ece2ac:1789142313896913768", 0.5]
[OSC] INFO: recv  /audiofile/progress  args= ["clip:clip_1789142313_a7ece2ac:1789142313896913768", 0.5]
[OSC] INFO: recv  /audiofile/progress  args= ["clip:clip_1789142313_a7ece2ac:1789142313896913768", 0.5]
[OSC] INFO: recv  /audiofile/progress  args= ["clip:clip_1789142313_a7ece2ac:1789142313896913768", 0.5]
[OSC] INFO: recv  /audiofile/progress  args= ["clip:clip_1789142313_a7ece2ac:1789142313896913768", 0.5]
[OSC] INFO: recv  /audiofile/progress  args= ["clip:clip_1789142313_a7ece2ac:1789142313896913768", 0.5]
[OSC] INFO: recv  /audiofile/progress  args= ["clip:clip_1789142313_a7ece2ac:1789142313896913768", 0.5]
[OSC] INFO: recv  /audiofile/progress  args= ["clip:clip_1789142313_a7ece2ac:1789142313896913768", 0.5]
[OSC] INFO: recv  /audiofile/progress  args= ["clip:clip_1789142313_a7ece2ac:1789142313896913768", 0.5]
[OSC] INFO: recv  /audiofile/progress  args= ["clip:clip_1789142313_a7ece2ac:1789142313896913768", 0.5]
[OSC] INFO: recv  /audiofile/progress  args= ["clip:clip_1789142313_a7ece2ac:1789142313896913768", 0.5]
[OSC] INFO: recv  /audiofile/progress  args= ["clip:clip_1789142313_a7ece2ac:1789142313896913768", 0.5]
[OSC] INFO: recv  /audiofile/progress  args= ["clip:clip_1789142313_a7ece2ac:1789142313896913768", 0.5]
[OSC] INFO: recv  /audiofile/progress  args= ["clip:clip_1789142313_a7ece2ac:1789142313896913768", 0.5]
[OSC] INFO: recv  /audiofile/progress  args= ["clip:clip_1789142313_a7ece2ac:1789142313896913768", 0.5]
[OSC] INFO: recv  /audiofile/progress  args= ["clip:clip_1789142313_a7ece2ac:1789142313896913768", 0.5]
[OSC] INFO: recv  /audiofile/progress  args= ["clip:clip_1789142313_a7ece2ac:1789142313896913768", 0.5]
[OSC] INFO: recv  /audiofile/progress  args= ["clip:clip_1789142313_a7ece2ac:1789142313896913768", 0.5]
[OSC] INFO: recv  /audiofile/progress  args= ["clip:clip_1789142313_a7ece2ac:1789142313896913768", 0.5]
[OSC] INFO: recv  /audiofile/progress  args= ["clip:clip_1789142313_a7ece2ac:1789142313896913768", 0.5]
[OSC] INFO: recv  /audiofile/progress  args= ["clip:clip_1789142313_a7ece2ac:1789142313896913768", 0.5]
[OSC] INFO: recv  /audiofile/progress  args= ["clip:clip_1789142313_a7ece2ac:1789142313896913768", 0.5]
[OSC] INFO: recv  /audiofile/progress  args= ["clip:clip_1789142313_a7ece2ac:1789142313896913768", 0.5]
[OSC] INFO: recv  /audiofile/progress  args= ["clip:clip_1789142313_a7ece2ac:1789142313896913768", 0.5]
[OSC] INFO: recv  /audiofile/progress  args= ["clip:clip_1789142313_a7ece2ac:1789142313896913768", 0.5]
[OSC] INFO: recv  /audiofile/progress  args= ["clip:clip_1789142313_a7ece2ac:1789142313896913768", 0.5]
[OSC] INFO: recv  /audiofile/progress  args= ["clip:clip_1789142313_a7ece2ac:1789142313896913768", 0.5]
[OSC] INFO: recv  /audiofile/progress  args= ["clip:clip_1789142313_a7ece2ac:1789142313896913768", 0.5]
[OSC] INFO: recv  /audiofile/progress  args= ["clip:clip_1789142313_a7ece2ac:1789142313896913768", 0.5]
[OSC] INFO: recv  /audiofile/progress  args= ["clip:clip_1789142313_a7ece2ac:1789142313896913768", 0.5]
[OSC] INFO: recv  /audiofile/progress  args= ["clip:clip_1789142313_a7ece2ac:1789142313896913768", 0.5]
[OSC] INFO: recv  /audiofile/progress  args= ["clip:clip_1789142313_a7ece2ac:1789142313896913768", 0.5]
[OSC] INFO: recv  /audiofile/progress  args= ["clip:clip_1789142313_a7ece2ac:1789142313896913768", 0.5]
[OSC] INFO: recv  /audiofile/progress  args= ["clip:clip_1789142313_a7ece2ac:1789142313896913768", 0.5]
[OSC] INFO: recv  /audiofile/progress  args= ["clip:clip_1789142313_a7ece2ac:1789142313896913768", 0.5]
[OSC] INFO: recv  /audiofile/progress  args= ["clip:clip_1789142313_a7ece2ac:1789142313896913768", 0.5]
[OSC] INFO: recv  /audiofile/progress  args= ["clip:clip_1789142313_a7ece2ac:1789142313896913768", 0.5]
[OSC] INFO: recv  /audiofile/progress  args= ["clip:clip_1789142313_a7ece2ac:1789142313896913768", 0.5]
[OSC] INFO: recv  /audiofile/progress  args= ["clip:clip_1789142313_a7ece2ac:1789142313896913768", 0.5]
[OSC] INFO: recv  /audiofile/progress  args= ["clip:clip_1789142313_a7ece2ac:1789142313896913768", 0.5]
[OSC] INFO: recv  /audiofile/progress  args= ["clip:clip_1789142313_a7ece2ac:1789142313896913768", 0.5]
[OSC] INFO: recv  /audiofile/progress  args= ["clip:clip_1789142313_a7ece2ac:1789142313896913768", 0.5]
[OSC] INFO: recv  /audiofile/progress  args= ["clip:clip_1789142313_a7ece2ac:1789142313896913768", 0.5]
[OSC] INFO: recv  /audiofile/progress  args= ["clip:clip_1789142313_a7ece2ac:1789142313896913768", 0.5]
[OSC] INFO: recv  /audiofile/progress  args= ["clip:clip_1789142313_a7ece2ac:1789142313896913768", 0.5]
[OSC] INFO: recv  /audiofile/progress  args= ["clip:clip_1789142313_a7ece2ac:1789142313896913768", 0.5]
[OSC] INFO: recv  /audiofile/progress  args= ["clip:clip_1789142313_a7ece2ac:1789142313896913768", 0.5]
[OSC] INFO: recv  /audiofile/progress  args= ["clip:clip_1789142313_a7ece2ac:1789142313896913768", 0.5]
[OSC] INFO: recv  /audiofile/progress  args= ["clip:clip_1789142313_a7ece2ac:1789142313896913768", 0.5]
[OSC] INFO: recv  /audiofile/progress  args= ["clip:clip_1789142313_a7ece2ac:1789142313896913768", 0.5]
[OSC] INFO: recv  /audiofile/progress  args= ["clip:clip_1789142313_a7ece2ac:1789142313896913768", 0.5]
[OSC] INFO: recv  /audiofile/progress  args= ["clip:clip_1789142313_a7ece2ac:1789142313896913768", 0.5]
[OSC] INFO: recv  /audiofile/progress  args= ["clip:clip_1789142313_a7ece2ac:1789142313896913768", 0.5]
[OSC] INFO: recv  /audiofile/progress  args= ["clip:clip_1789142313_a7ece2ac:1789142313896913768", 0.5]
[OSC] INFO: recv  /audiofile/progress  args= ["clip:clip_1789142313_a7ece2ac:1789142313896913768", 0.5]
[OSC] INFO: recv  /audiofile/progress  args= ["clip:clip_1789142313_a7ece2ac:1789142313896913768", 0.5]
[OSC] INFO: recv  /audiofile/progress  args= ["clip:clip_1789142313_a7ece2ac:1789142313896913768", 0.5]
[OSC] INFO: recv  /audiofile/progress  args= ["clip:clip_1789142313_a7ece2ac:1789142313896913768", 0.5]
[OSC] INFO: recv  /audiofile/progress  args= ["clip:clip_1789142313_a7ece2ac:1789142313896913768", 0.5]
[OSC] INFO: recv  /audiofile/progress  args= ["clip:clip_1789142313_a7ece2ac:1789142313896913768", 0.5]
[OSC] INFO: recv  /audiofile/progress  args= ["clip:clip_1789142313_a7ece2ac:1789142313896913768", 0.5]
[OSC] INFO: recv  /audiofile/progress  args= ["clip:clip_1789142313_a7ece2ac:1789142313896913768", 0.5]
[OSC] INFO: recv  /audiofile/progress  args= ["clip:clip_1789142313_a7ece2ac:1789142313896913768", 0.5]
[OSC] INFO: recv  /audiofile/progress  args= ["clip:clip_1789142313_a7ece2ac:1789142313896913768", 0.5]
[OSC] INFO: recv  /audiofile/progress  args= ["clip:clip_1789142313_a7ece2ac:1789142313896913768", 0.5]
[OSC] INFO: recv  /audiofile/progress  args= ["clip:clip_1789142313_a7ece2ac:1789142313896913768", 0.5]
[OSC] INFO: recv  /audiofile/progress  args= ["clip:clip_1789142313_a7ece2ac:1789142313896913768", 0.5]
[OSC] INFO: recv  /audiofile/progress  args= ["clip:clip_1789142313_a7ece2ac:1789142313896913768", 0.5]
[OSC] INFO: recv  /audiofile/progress  args= ["clip:clip_1789142313_a7ece2ac:1789142313896913768", 0.5]
[OSC] INFO: recv  /audiofile/progress  args= ["clip:clip_1789142313_a7ece2ac:1789142313896913768", 0.5]
[OSC] INFO: recv  /audiofile/progress  args= ["clip:clip_1789142313_a7ece2ac:1789142313896913768", 0.5]
[OSC] INFO: recv  /audiofile/progress  args= ["clip:clip_1789142313_a7ece2ac:1789142313896913768", 0.5]
[OSC] INFO: recv  /audiofile/progress  args= ["clip:clip_1789142313_a7ece2ac:1789142313896913768", 0.5]
[OSC] INFO: recv  /audiofile/progress  args= ["clip:clip_1789142313_a7ece2ac:1789142313896913768", 0.5]
[OSC] INFO: recv  /audiofile/progress  args= ["clip:clip_1789142313_a7ece2ac:1789142313896913768", 0.5]
[OSC] INFO: recv  /audiofile/progress  args= ["clip:clip_1789142313_a7ece2ac:1789142313896913768", 0.5]
[OSC] INFO: recv  /audiofile/progress  args= ["clip:clip_1789142313_a7ece2ac:1789142313896913768", 0.5]
[OSC] INFO: recv  /audiofile/progress  args= ["clip:clip_1789142313_a7ece2ac:1789142313896913768", 0.5]
[OSC] INFO: recv  /audiofile/progress  args= ["clip:clip_1789142313_a7ece2ac:1789142313896913768", 0.5]
[OSC] INFO: recv  /audiofile/progress  args= ["clip:clip_1789142313_a7ece2ac:1789142313896913768", 0.5]
[OSC] INFO: recv  /audiofile/progress  args= ["clip:clip_1789142313_a7ece2ac:1789142313896913768", 0.5]
[OSC] INFO: recv  /audiofile/progress  args= ["clip:clip_1789142313_a7ece2ac:1789142313896913768", 0.5]
[OSC] INFO: recv  /audiofile/progress  args= ["clip:clip_1789142313_a7ece2ac:1789142313896913768", 0.5]
[OSC] INFO: recv  /audiofile/progress  args= ["clip:clip_1789142313_a7ece2ac:1789142313896913768", 0.5]
[OSC] INFO: recv  /audiofile/progress  args= ["clip:clip_1789142313_a7ece2ac:1789142313896913768", 0.5]
[OSC] INFO: recv  /audiofile/progress  args= ["clip:clip_1789142313_a7ece2ac:1789142313896913768", 0.5]
[OSC] INFO: recv  /audiofile/progress  args= ["clip:clip_1789142313_a7ece2ac:1789142313896913768", 0.5]
[OSC] INFO: recv  /audiofile/progress  args= ["clip:clip_1789142313_a7ece2ac:1789142313896913768", 0.5]
[OSC] INFO: recv  /audiofile/progress  args= ["clip:clip_1789142313_a7ece2ac:1789142313896913768", 0.5]
[OSC] INFO: recv  /audiofile/progress  args= ["clip:clip_1789142313_a7ece2ac:1789142313896913768", 0.5]
[OSC] INFO: recv  /audiofile/progress  args= ["clip:clip_1789142313_a7ece2ac:1789142313896913768", 0.5]
[OSC] INFO: recv  /audiofile/progress  args= ["clip:clip_1789142313_a7ece2ac:1789142313896913768", 0.5]
[OSC] INFO: recv  /audiofile/progress  args= ["clip:clip_1789142313_a7ece2ac:1789142313896913768", 0.5]
[OSC] INFO: recv  /audiofile/progress  args= ["clip:clip_1789142313_a7ece2ac:1789142313896913768", 0.5]
[OSC] INFO: recv  /audiofile/progress  args= ["clip:clip_1789142313_a7ece2ac:1789142313896913768", 0.5]
[OSC] INFO: recv  /audiofile/progress  args= ["clip:clip_1789142313_a7ece2ac:1789142313896913768", 0.5]
[OSC] INFO: recv  /audiofile/progress  args= ["clip:clip_1789142313_a7ece2ac:1789142313896913768", 0.5]
[OSC] INFO: recv  /audiofile/progress  args= ["clip:clip_1789142313_a7ece2ac:1789142313896913768", 0.5]
[OSC] INFO: recv  /audiofile/progress  args= ["clip:clip_1789142313_a7ece2ac:1789142313896913768", 0.5]
[OSC] INFO: recv  /audiofile/progress  args= ["clip:clip_1789142313_a7ece2ac:1789142313896913768", 0.5]
[OSC] INFO: recv  /audiofile/progress  args= ["clip:clip_1789142313_a7ece2ac:1789142313896913768", 0.5]
[OSC] INFO: recv  /audiofile/progress  args= ["clip:clip_1789142313_a7ece2ac:1789142313896913768", 0.5]
[OSC] INFO: recv  /audiofile/progress  args= ["clip:clip_1789142313_a7ece2ac:1789142313896913768", 0.5]
[OSC] INFO: recv  /audiofile/progress  args= ["clip:clip_1789142313_a7ece2ac:1789142313896913768", 0.5]
[OSC] INFO: recv  /audiofile/progress  args= ["clip:clip_1789142313_a7ece2ac:1789142313896913768", 0.5]
[OSC] INFO: recv  /audiofile/progress  args= ["clip:clip_1789142313_a7ece2ac:1789142313896913768", 0.5]
[OSC] INFO: recv  /audiofile/progress  args= ["clip:clip_1789142313_a7ece2ac:1789142313896913768", 0.5]
[OSC] INFO: recv  /audiofile/progress  args= ["clip:clip_1789142313_a7ece2ac:1789142313896913768", 0.5]
[OSC] INFO: recv  /audiofile/progress  args= ["clip:clip_1789142313_a7ece2ac:1789142313896913768", 0.5]
[OSC] INFO: recv  /audiofile/progress  args= ["clip:clip_1789142313_a7ece2ac:1789142313896913768", 0.5]
[OSC] INFO: recv  /audiofile/progress  args= ["clip:clip_1789142313_a7ece2ac:1789142313896913768", 0.5]
[OSC] INFO: recv  /audiofile/progress  args= ["clip:clip_1789142313_a7ece2ac:1789142313896913768", 0.5]
[OSC] INFO: recv  /audiofile/progress  args= ["clip:clip_1789142313_a7ece2ac:1789142313896913768", 0.5]
[OSC] INFO: recv  /audiofile/progress  args= ["clip:clip_1789142313_a7ece2ac:1789142313896913768", 0.5]
[OSC] INFO: recv  /audiofile/progress  args= ["clip:clip_1789142313_a7ece2ac:1789142313896913768", 0.5]
[OSC] INFO: recv  /audiofile/progress  args= ["clip:clip_1789142313_a7ece2ac:1789142313896913768", 0.5]
[OSC] INFO: recv  /audiofile/progress  args= ["clip:clip_1789142313_a7ece2ac:1789142313896913768", 0.5]
[OSC] INFO: recv  /audiofile/progress  args= ["clip:clip_1789142313_a7ece2ac:1789142313896913768", 0.5]
[OSC] INFO: recv  /audiofile/progress  args= ["clip:clip_1789142313_a7ece2ac:1789142313896913768", 0.5]
[OSC] INFO: recv  /audiofile/progress  args= ["clip:clip_1789142313_a7ece2ac:1789142313896913768", 0.5]
[OSC] INFO: recv  /audiofile/progress  args= ["clip:clip_1789142313_a7ece2ac:1789142313896913768", 0.5]
[OSC] INFO: recv  /audiofile/progress  args= ["clip:clip_1789142313_a7ece2ac:1789142313896913768", 0.5]
[OSC] INFO: recv  /audiofile/progress  args= ["clip:clip_1789142313_a7ece2ac:1789142313896913768", 0.5]
[OSC] INFO: recv  /audiofile/progress  args= ["clip:clip_1789142313_a7ece2ac:1789142313896913768", 0.5]
[OSC] INFO: recv  /audiofile/progress  args= ["clip:clip_1789142313_a7ece2ac:1789142313896913768", 0.5]
[OSC] INFO: recv  /audiofile/progress  args= ["clip:clip_1789142313_a7ece2ac:1789142313896913768", 0.5]
[OSC] INFO: recv  /audiofile/progress  args= ["clip:clip_1789142313_a7ece2ac:1789142313896913768", 0.5]
[OSC] INFO: recv  /audiofile/progress  args= ["clip:clip_1789142313_a7ece2ac:1789142313896913768", 0.5]
[OSC] INFO: recv  /audiofile/progress  args= ["clip:clip_1789142313_a7ece2ac:1789142313896913768", 0.5]
[OSC] INFO: recv  /audiofile/progress  args= ["clip:clip_1789142313_a7ece2ac:1789142313896913768", 0.5]
[OSC] INFO: recv  /audiofile/progress  args= ["clip:clip_1789142313_a7ece2ac:1789142313896913768", 0.5]
[OSC] INFO: recv  /audiofile/progress  args= ["clip:clip_1789142313_a7ece2ac:1789142313896913768", 0.5]
[OSC] INFO: recv  /audiofile/progress  args= ["clip:clip_1789142313_a7ece2ac:1789142313896913768", 0.5]
[OSC] INFO: recv  /audiofile/progress  args= ["clip:clip_1789142313_a7ece2ac:1789142313896913768", 0.5]
[OSC] INFO: recv  /audiofile/progress  args= ["clip:clip_1789142313_a7ece2ac:1789142313896913768", 0.5]
[OSC] INFO: recv  /audiofile/progress  args= ["clip:clip_1789142313_a7ece2ac:1789142313896913768", 0.5]
[OSC] INFO: recv  /audiofile/progress  args= ["clip:clip_1789142313_a7ece2ac:1789142313896913768", 0.5]
[OSC] INFO: recv  /audiofile/progress  args= ["clip:clip_1789142313_a7ece2ac:1789142313896913768", 0.5]
[OSC] INFO: recv  /audiofile/progress  args= ["clip:clip_1789142313_a7ece2ac:1789142313896913768", 0.5]
[OSC] INFO: recv  /audiofile/progress  args= ["clip:clip_1789142313_a7ece2ac:1789142313896913768", 0.5]
[OSC] INFO: recv  /audiofile/progress  args= ["clip:clip_1789142313_a7ece2ac:1789142313896913768", 0.5]
[OSC] INFO: recv  /audiofile/progress  args= ["clip:clip_1789142313_a7ece2ac:1789142313896913768", 0.5]
[OSC] INFO: recv  /audiofile/progress  args= ["clip:clip_1789142313_a7ece2ac:1789142313896913768", 0.5]
[OSC] INFO: recv  /audiofile/progress  args= ["clip:clip_1789142313_a7ece2ac:1789142313896913768", 0.5]
[OSC] INFO: recv  /audiofile/progress  args= ["clip:clip_1789142313_a7ece2ac:1789142313896913768", 0.5]
[OSC] INFO: recv  /audiofile/progress  args= ["clip:clip_1789142313_a7ece2ac:1789142313896913768", 0.5]
[OSC] INFO: recv  /audiofile/progress  args= ["clip:clip_1789142313_a7ece2ac:1789142313896913768", 0.5]
[OSC] INFO: recv  /audiofile/progress  args= ["clip:clip_1789142313_a7ece2ac:1789142313896913768", 0.5]
[OSC] INFO: recv  /audiofile/progress  args= ["clip:clip_1789142313_a7ece2ac:1789142313896913768", 0.5]
[OSC] INFO: recv  /audiofile/progress  args= ["clip:clip_1789142313_a7ece2ac:1789142313896913768", 0.5]
[OSC] INFO: recv  /audiofile/progress  args= ["clip:clip_1789142313_a7ece2ac:1789142313896913768", 0.5]
[OSC] INFO: recv  /audiofile/progress  args= ["clip:clip_1789142313_a7ece2ac:1789142313896913768", 0.5]
[OSC] INFO: recv  /audiofile/progress  args= ["clip:clip_1789142313_a7ece2ac:1789142313896913768", 0.5]
[OSC] INFO: recv  /audiofile/progress  args= ["clip:clip_1789142313_a7ece2ac:1789142313896913768", 0.5]
[OSC] INFO: recv  /audiofile/progress  args= ["clip:clip_1789142313_a7ece2ac:1789142313896913768", 0.5]
[OSC] INFO: recv  /audiofile/progress  args= ["clip:clip_1789142313_a7ece2ac:1789142313896913768", 0.5]
[OSC] INFO: recv  /audiofile/progress  args= ["clip:clip_1789142313_a7ece2ac:1789142313896913768", 0.5]
[OSC] INFO: recv  /audiofile/progress  args= ["clip:clip_1789142313_a7ece2ac:1789142313896913768", 0.5]
[OSC] INFO: recv  /audiofile/progress  args= ["clip:clip_1789142313_a7ece2ac:1789142313896913768", 0.5]
[OSC] INFO: recv  /audiofile/progress  args= ["clip:clip_1789142313_a7ece2ac:1789142313896913768", 0.5]
[OSC] INFO: recv  /audiofile/progress  args= ["clip:clip_1789142313_a7ece2ac:1789142313896913768", 0.5]
[OSC] INFO: recv  /audiofile/progress  args= ["clip:clip_1789142313_a7ece2ac:1789142313896913768", 0.5]
[OSC] INFO: recv  /audiofile/progress  args= ["clip:clip_1789142313_a7ece2ac:1789142313896913768", 0.5]
[OSC] INFO: recv  /audiofile/progress  args= ["clip:clip_1789142313_a7ece2ac:1789142313896913768", 0.5]
[OSC] INFO: recv  /audiofile/progress  args= ["clip:clip_1789142313_a7ece2ac:1789142313896913768", 0.5]
[OSC] INFO: recv  /audiofile/progress  args= ["clip:clip_1789142313_a7ece2ac:1789142313896913768", 0.5]
[OSC] INFO: recv  /audiofile/progress  args= ["clip:clip_1789142313_a7ece2ac:1789142313896913768", 0.5]
[OSC] INFO: recv  /audiofile/progress  args= ["clip:clip_1789142313_a7ece2ac:1789142313896913768", 0.5]
[OSC] INFO: recv  /audiofile/progress  args= ["clip:clip_1789142313_a7ece2ac:1789142313896913768", 0.5]
[OSC] INFO: recv  /audiofile/progress  args= ["clip:clip_1789142313_a7ece2ac:1789142313896913768", 0.5]
[OSC] INFO: recv  /audiofile/progress  args= ["clip:clip_1789142313_a7ece2ac:1789142313896913768", 0.5]
[OSC] INFO: recv  /audiofile/progress  args= ["clip:clip_1789142313_a7ece2ac:1789142313896913768", 0.5]
[OSC] INFO: recv  /audiofile/progress  args= ["clip:clip_1789142313_a7ece2ac:1789142313896913768", 0.5]
[OSC] INFO: recv  /audiofile/progress  args= ["clip:clip_1789142313_a7ece2ac:1789142313896913768", 0.5]
[OSC] INFO: recv  /audiofile/progress  args= ["clip:clip_1789142313_a7ece2ac:1789142313896913768", 0.5]
[OSC] INFO: recv  /audiofile/progress  args= ["clip:clip_1789142313_a7ece2ac:1789142313896913768", 0.5]
[OSC] INFO: recv  /audiofile/progress  args= ["clip:clip_1789142313_a7ece2ac:1789142313896913768", 0.5]
[OSC] INFO: recv  /audiofile/progress  args= ["clip:clip_1789142313_a7ece2ac:1789142313896913768", 0.5]
[OSC] INFO: recv  /audiofile/progress  args= ["clip:clip_1789142313_a7ece2ac:1789142313896913768", 0.5]
[OSC] INFO: recv  /audiofile/progress  args= ["clip:clip_1789142313_a7ece2ac:1789142313896913768", 0.5]
[OSC] INFO: recv  /audiofile/progress  args= ["clip:clip_1789142313_a7ece2ac:1789142313896913768", 0.5]
[OSC] INFO: recv  /audiofile/progress  args= ["clip:clip_1789142313_a7ece2ac:1789142313896913768", 0.5]
[OSC] INFO: recv  /audiofile/progress  args= ["clip:clip_1789142313_a7ece2ac:1789142313896913768", 0.5]
[OSC] INFO: recv  /audiofile/progress  args= ["clip:clip_1789142313_a7ece2ac:1789142313896913768", 0.5]
[OSC] INFO: recv  /audiofile/progress  args= ["clip:clip_1789142313_a7ece2ac:1789142313896913768", 0.5]
[OSC] INFO: recv  /audiofile/progress  args= ["clip:clip_1789142313_a7ece2ac:1789142313896913768", 0.5]
[OSC] INFO: recv  /audiofile/progress  args= ["clip:clip_1789142313_a7ece2ac:1789142313896913768", 0.5]
[OSC] INFO: recv  /audiofile/progress  args= ["clip:clip_1789142313_a7ece2ac:1789142313896913768", 0.5]
[OSC] INFO: recv  /audiofile/progress  args= ["clip:clip_1789142313_a7ece2ac:1789142313896913768", 0.5]
[OSC] INFO: recv  /audiofile/progress  args= ["clip:clip_1789142313_a7ece2ac:1789142313896913768", 0.5]
[OSC] INFO: recv  /audiofile/progress  args= ["clip:clip_1789142313_a7ece2ac:1789142313896913768", 0.5]
[OSC] INFO: recv  /audiofile/progress  args= ["clip:clip_1789142313_a7ece2ac:1789142313896913768", 0.5]
[OSC] INFO: recv  /audiofile/progress  args= ["clip:clip_1789142313_a7ece2ac:1789142313896913768", 0.5]
[OSC] INFO: recv  /audiofile/progress  args= ["clip:clip_1789142313_a7ece2ac:1789142313896913768", 0.5]
[OSC] INFO: recv  /audiofile/progress  args= ["clip:clip_1789142313_a7ece2ac:1789142313896913768", 0.5]
[OSC] INFO: recv  /audiofile/progress  args= ["clip:clip_1789142313_a7ece2ac:1789142313896913768", 0.5]
[OSC] INFO: recv  /audiofile/progress  args= ["clip:clip_1789142313_a7ece2ac:1789142313896913768", 0.5]
[OSC] INFO: recv  /audiofile/progress  args= ["clip:clip_1789142313_a7ece2ac:1789142313896913768", 0.5]
[OSC] INFO: recv  /audiofile/progress  args= ["clip:clip_1789142313_a7ece2ac:1789142313896913768", 0.5]
[OSC] INFO: recv  /audiofile/progress  args= ["clip:clip_1789142313_a7ece2ac:1789142313896913768", 0.5]
[OSC] INFO: recv  /audiofile/progress  args= ["clip:clip_1789142313_a7ece2ac:1789142313896913768", 0.5]
[OSC] INFO: recv  /audiofile/progress  args= ["clip:clip_1789142313_a7ece2ac:1789142313896913768", 0.5]
[OSC] INFO: recv  /audiofile/progress  args= ["clip:clip_1789142313_a7ece2ac:1789142313896913768", 0.5]
[OSC] INFO: recv  /audiofile/progress  args= ["clip:clip_1789142313_a7ece2ac:1789142313896913768", 0.5]
[OSC] INFO: recv  /audiofile/progress  args= ["clip:clip_1789142313_a7ece2ac:1789142313896913768", 0.5]
[OSC] INFO: recv  /audiofile/progress  args= ["clip:clip_1789142313_a7ece2ac:1789142313896913768", 0.5]
[OSC] INFO: recv  /audiofile/progress  args= ["clip:clip_1789142313_a7ece2ac:1789142313896913768", 0.5]
[OSC] INFO: recv  /audiofile/progress  args= ["clip:clip_1789142313_a7ece2ac:1789142313896913768", 0.5]
[OSC] INFO: recv  /audiofile/progress  args= ["clip:clip_1789142313_a7ece2ac:1789142313896913768", 0.5]
[OSC] INFO: recv  /audiofile/progress  args= ["clip:clip_1789142313_a7ece2ac:1789142313896913768", 0.5]
[OSC] INFO: recv  /audiofile/progress  args= ["clip:clip_1789142313_a7ece2ac:1789142313896913768", 0.5]
[OSC] INFO: recv  /audiofile/progress  args= ["clip:clip_1789142313_a7ece2ac:1789142313896913768", 0.5]
[OSC] INFO: recv  /audiofile/progress  args= ["clip:clip_1789142313_a7ece2ac:1789142313896913768", 0.5]
[OSC] INFO: recv  /audiofile/progress  args= ["clip:clip_1789142313_a7ece2ac:1789142313896913768", 0.5]
[OSC] INFO: recv  /audiofile/progress  args= ["clip:clip_1789142313_a7ece2ac:1789142313896913768", 0.5]
[OSC] INFO: recv  /audiofile/progress  args= ["clip:clip_1789142313_a7ece2ac:1789142313896913768", 0.5]
[OSC] INFO: recv  /audiofile/progress  args= ["clip:clip_1789142313_a7ece2ac:1789142313896913768", 0.5]
[OSC] INFO: recv  /audiofile/progress  args= ["clip:clip_1789142313_a7ece2ac:1789142313896913768", 0.5]
[OSC] INFO: recv  /audiofile/progress  args= ["clip:clip_1789142313_a7ece2ac:1789142313896913768", 0.5]
[OSC] INFO: recv  /audiofile/progress  args= ["clip:clip_1789142313_a7ece2ac:1789142313896913768", 0.5]
[OSC] INFO: recv  /audiofile/progress  args= ["clip:clip_1789142313_a7ece2ac:1789142313896913768", 0.5]
[OSC] INFO: recv  /audiofile/progress  args= ["clip:clip_1789142313_a7ece2ac:1789142313896913768", 0.5]
[OSC] INFO: recv  /audiofile/progress  args= ["clip:clip_1789142313_a7ece2ac:1789142313896913768", 0.5]
[OSC] INFO: recv  /audiofile/progress  args= ["clip:clip_1789142313_a7ece2ac:1789142313896913768", 0.5]
[OSC] INFO: recv  /audiofile/progress  args= ["clip:clip_1789142313_a7ece2ac:1789142313896913768", 0.5]
[OSC] INFO: recv  /audiofile/progress  args= ["clip:clip_1789142313_a7ece2ac:1789142313896913768", 0.5]
[OSC] INFO: recv  /audiofile/progress  args= ["clip:clip_1789142313_a7ece2ac:1789142313896913768", 0.5]
[OSC] INFO: recv  /audiofile/progress  args= ["clip:clip_1789142313_a7ece2ac:1789142313896913768", 0.5]
[OSC] INFO: recv  /audiofile/progress  args= ["clip:clip_1789142313_a7ece2ac:1789142313896913768", 0.5]
[OSC] INFO: recv  /audiofile/progress  args= ["clip:clip_1789142313_a7ece2ac:1789142313896913768", 0.5]
[OSC] INFO: recv  /audiofile/progress  args= ["clip:clip_1789142313_a7ece2ac:1789142313896913768", 0.5]
[OSC] INFO: recv  /audiofile/progress  args= ["clip:clip_1789142313_a7ece2ac:1789142313896913768", 0.5]
[OSC] INFO: recv  /audiofile/progress  args= ["clip:clip_1789142313_a7ece2ac:1789142313896913768", 0.5]
[OSC] INFO: recv  /audiofile/progress  args= ["clip:clip_1789142313_a7ece2ac:1789142313896913768", 0.5]
[OSC] INFO: recv  /audiofile/progress  args= ["clip:clip_1789142313_a7ece2ac:1789142313896913768", 0.5]
[OSC] INFO: recv  /audiofile/progress  args= ["clip:clip_1789142313_a7ece2ac:1789142313896913768", 0.5]
[OSC] INFO: recv  /audiofile/progress  args= ["clip:clip_1789142313_a7ece2ac:1789142313896913768", 0.5]
[OSC] INFO: recv  /audiofile/progress  args= ["clip:clip_1789142313_a7ece2ac:1789142313896913768", 0.5]
[OSC] INFO: recv  /audiofile/progress  args= ["clip:clip_1789142313_a7ece2ac:1789142313896913768", 0.5]
[OSC] INFO: recv  /audiofile/progress  args= ["clip:clip_1789142313_a7ece2ac:1789142313896913768", 0.5]
[OSC] INFO: recv  /audiofile/progress  args= ["clip:clip_1789142313_a7ece2ac:1789142313896913768", 0.5]
[OSC] INFO: recv  /audiofile/progress  args= ["clip:clip_1789142313_a7ece2ac:1789142313896913768", 0.5]
[OSC] INFO: recv  /audiofile/progress  args= ["clip:clip_1789142313_a7ece2ac:1789142313896913768", 0.5]
[OSC] INFO: recv  /audiofile/progress  args= ["clip:clip_1789142313_a7ece2ac:1789142313896913768", 0.5]
[OSC] INFO: recv  /audiofile/progress  args= ["clip:clip_1789142313_a7ece2ac:1789142313896913768", 0.5]
[OSC] INFO: recv  /audiofile/progress  args= ["clip:clip_1789142313_a7ece2ac:1789142313896913768", 0.5]
[OSC] INFO: recv  /audiofile/progress  args= ["clip:clip_1789142313_a7ece2ac:1789142313896913768", 0.5]
[OSC] INFO: recv  /audiofile/progress  args= ["clip:clip_1789142313_a7ece2ac:1789142313896913768", 0.5]
[OSC] INFO: recv  /audiofile/progress  args= ["clip:clip_1789142313_a7ece2ac:1789142313896913768", 0.5]
[OSC] INFO: recv  /audiofile/progress  args= ["clip:clip_1789142313_a7ece2ac:1789142313896913768", 0.5]
[OSC] INFO: recv  /audiofile/progress  args= ["clip:clip_1789142313_a7ece2ac:1789142313896913768", 0.5]
[OSC] INFO: recv  /audiofile/progress  args= ["clip:clip_1789142313_a7ece2ac:1789142313896913768", 0.5]
[OSC] INFO: recv  /audiofile/progress  args= ["clip:clip_1789142313_a7ece2ac:1789142313896913768", 0.5]
[OSC] INFO: recv  /audiofile/progress  args= ["clip:clip_1789142313_a7ece2ac:1789142313896913768", 0.5]
[OSC] INFO: recv  /audiofile/progress  args= ["clip:clip_1789142313_a7ece2ac:1789142313896913768", 0.5]
[OSC] INFO: recv  /audiofile/progress  args= ["clip:clip_1789142313_a7ece2ac:1789142313896913768", 0.5]
[OSC] INFO: recv  /audiofile/progress  args= ["clip:clip_1789142313_a7ece2ac:1789142313896913768", 0.5]
[OSC] INFO: recv  /audiofile/progress  args= ["clip:clip_1789142313_a7ece2ac:1789142313896913768", 0.5]
[OSC] INFO: recv  /audiofile/progress  args= ["clip:clip_1789142313_a7ece2ac:1789142313896913768", 0.5]
[OSC] INFO: recv  /audiofile/progress  args= ["clip:clip_1789142313_a7ece2ac:1789142313896913768", 0.5]
[OSC] INFO: recv  /audiofile/progress  args= ["clip:clip_1789142313_a7ece2ac:1789142313896913768", 0.5]
[OSC] INFO: recv  /audiofile/progress  args= ["clip:clip_1789142313_a7ece2ac:1789142313896913768", 0.5]
[OSC] INFO: recv  /audiofile/progress  args= ["clip:clip_1789142313_a7ece2ac:1789142313896913768", 0.5]
[OSC] INFO: recv  /audiofile/progress  args= ["clip:clip_1789142313_a7ece2ac:1789142313896913768", 0.5]
[OSC] INFO: recv  /audiofile/progress  args= ["clip:clip_1789142313_a7ece2ac:1789142313896913768", 0.5]
[OSC] INFO: recv  /audiofile/progress  args= ["clip:clip_1789142313_a7ece2ac:1789142313896913768", 0.5]
[OSC] INFO: recv  /audiofile/progress  args= ["clip:clip_1789142313_a7ece2ac:1789142313896913768", 0.5]
[OSC] INFO: recv  /audiofile/progress  args= ["clip:clip_1789142313_a7ece2ac:1789142313896913768", 0.5]
[OSC] INFO: recv  /audiofile/progress  args= ["clip:clip_1789142313_a7ece2ac:1789142313896913768", 0.5]
[OSC] INFO: recv  /audiofile/progress  args= ["clip:clip_1789142313_a7ece2ac:1789142313896913768", 0.5]
[OSC] INFO: recv  /audiofile/progress  args= ["clip:clip_1789142313_a7ece2ac:1789142313896913768", 0.5]
[OSC] INFO: recv  /audiofile/progress  args= ["clip:clip_1789142313_a7ece2ac:1789142313896913768", 0.5]
[OSC] INFO: recv  /audiofile/progress  args= ["clip:clip_1789142313_a7ece2ac:1789142313896913768", 0.5]
[OSC] INFO: recv  /audiofile/progress  args= ["clip:clip_1789142313_a7ece2ac:1789142313896913768", 0.5]
[OSC] INFO: recv  /audiofile/progress  args= ["clip:clip_1789142313_a7ece2ac:1789142313896913768", 0.5]
[OSC] INFO: recv  /audiofile/progress  args= ["clip:clip_1789142313_a7ece2ac:1789142313896913768", 0.5]
[OSC] INFO: recv  /audiofile/progress  args= ["clip:clip_1789142313_a7ece2ac:1789142313896913768", 0.5]
[OSC] INFO: recv  /audiofile/progress  args= ["clip:clip_1789142313_a7ece2ac:1789142313896913768", 0.5]
[OSC] INFO: recv  /audiofile/progress  args= ["clip:clip_1789142313_a7ece2ac:1789142313896913768", 0.5]
[OSC] INFO: recv  /audiofile/progress  args= ["clip:clip_1789142313_a7ece2ac:1789142313896913768", 0.5]
[OSC] INFO: recv  /audiofile/progress  args= ["clip:clip_1789142313_a7ece2ac:1789142313896913768", 0.5]
[OSC] INFO: recv  /audiofile/progress  args= ["clip:clip_1789142313_a7ece2ac:1789142313896913768", 0.5]
[OSC] INFO: recv  /audiofile/progress  args= ["clip:clip_1789142313_a7ece2ac:1789142313896913768", 0.5]
[OSC] INFO: recv  /audiofile/progress  args= ["clip:clip_1789142313_a7ece2ac:1789142313896913768", 0.5]
[OSC] INFO: recv  /audiofile/progress  args= ["clip:clip_1789142313_a7ece2ac:1789142313896913768", 0.5]
[OSC] INFO: recv  /audiofile/progress  args= ["clip:clip_1789142313_a7ece2ac:1789142313896913768", 0.5]
[OSC] INFO: recv  /audiofile/progress  args= ["clip:clip_1789142313_a7ece2ac:1789142313896913768", 0.5]
[OSC] INFO: recv  /audiofile/progress  args= ["clip:clip_1789142313_a7ece2ac:1789142313896913768", 0.5]
[OSC] INFO: recv  /audiofile/progress  args= ["clip:clip_1789142313_a7ece2ac:1789142313896913768", 0.5]
[OSC] INFO: recv  /audiofile/progress  args= ["clip:clip_1789142313_a7ece2ac:1789142313896913768", 0.5]
[OSC] INFO: recv  /audiofile/progress  args= ["clip:clip_1789142313_a7ece2ac:1789142313896913768", 0.5]
[OSC] INFO: recv  /audiofile/progress  args= ["clip:clip_1789142313_a7ece2ac:1789142313896913768", 0.5]
[OSC] INFO: recv  /audiofile/progress  args= ["clip:clip_1789142313_a7ece2ac:1789142313896913768", 0.5]
[OSC] INFO: recv  /audiofile/progress  args= ["clip:clip_1789142313_a7ece2ac:1789142313896913768", 0.5]
[OSC] INFO: recv  /audiofile/progress  args= ["clip:clip_1789142313_a7ece2ac:1789142313896913768", 0.5]
[OSC] INFO: recv  /audiofile/progress  args= ["clip:clip_1789142313_a7ece2ac:1789142313896913768", 0.5]
[OSC] INFO: recv  /audiofile/progress  args= ["clip:clip_1789142313_a7ece2ac:1789142313896913768", 0.5]
[OSC] INFO: recv  /audiofile/progress  args= ["clip:clip_1789142313_a7ece2ac:1789142313896913768", 0.5]
[OSC] INFO: recv  /audiofile/progress  args= ["clip:clip_1789142313_a7ece2ac:1789142313896913768", 0.5]
[OSC] INFO: recv  /audiofile/progress  args= ["clip:clip_1789142313_a7ece2ac:1789142313896913768", 0.5]
[OSC] INFO: recv  /audiofile/progress  args= ["clip:clip_1789142313_a7ece2ac:1789142313896913768", 0.5]
[OSC] INFO: recv  /audiofile/progress  args= ["clip:clip_1789142313_a7ece2ac:1789142313896913768", 0.5]
[OSC] INFO: recv  /audiofile/progress  args= ["clip:clip_1789142313_a7ece2ac:1789142313896913768", 0.5]
[OSC] INFO: recv  /audiofile/progress  args= ["clip:clip_1789142313_a7ece2ac:1789142313896913768", 0.5]
[OSC] INFO: recv  /audiofile/progress  args= ["clip:clip_1789142313_a7ece2ac:1789142313896913768", 0.5]
[OSC] INFO: recv  /audiofile/progress  args= ["clip:clip_1789142313_a7ece2ac:1789142313896913768", 0.5]
[OSC] INFO: recv  /audiofile/progress  args= ["clip:clip_1789142313_a7ece2ac:1789142313896913768", 0.5]
[OSC] INFO: recv  /audiofile/progress  args= ["clip:clip_1789142313_a7ece2ac:1789142313896913768", 0.5]
[OSC] INFO: recv  /audiofile/progress  args= ["clip:clip_1789142313_a7ece2ac:1789142313896913768", 0.5]
[OSC] INFO: recv  /audiofile/progress  args= ["clip:clip_1789142313_a7ece2ac:1789142313896913768", 0.5]
[OSC] INFO: recv  /audiofile/progress  args= ["clip:clip_1789142313_a7ece2ac:1789142313896913768", 0.5]
[OSC] INFO: recv  /audiofile/progress  args= ["clip:clip_1789142313_a7ece2ac:1789142313896913768", 0.5]
[OSC] INFO: recv  /audiofile/progress  args= ["clip:clip_1789142313_a7ece2ac:1789142313896913768", 0.5]
[OSC] INFO: recv  /audiofile/progress  args= ["clip:clip_1789142313_a7ece2ac:1789142313896913768", 0.5]
[OSC] INFO: recv  /audiofile/progress  args= ["clip:clip_1789142313_a7ece2ac:1789142313896913768", 0.5]
[OSC] INFO: recv  /audiofile/progress  args= ["clip:clip_1789142313_a7ece2ac:1789142313896913768", 0.5]
[OSC] INFO: recv  /audiofile/progress  args= ["clip:clip_1789142313_a7ece2ac:1789142313896913768", 0.5]
[OSC] INFO: recv  /audiofile/progress  args= ["clip:clip_1789142313_a7ece2ac:1789142313896913768", 0.5]
[OSC] INFO: recv  /audiofile/progress  args= ["clip:clip_1789142313_a7ece2ac:1789142313896913768", 0.5]
[OSC] INFO: recv  /audiofile/progress  args= ["clip:clip_1789142313_a7ece2ac:1789142313896913768", 0.5]
[OSC] INFO: recv  /audiofile/progress  args= ["clip:clip_1789142313_a7ece2ac:1789142313896913768", 0.5]
[OSC] INFO: recv  /audiofile/progress  args= ["clip:clip_1789142313_a7ece2ac:1789142313896913768", 0.5]
[OSC] INFO: recv  /audiofile/progress  args= ["clip:clip_1789142313_a7ece2ac:1789142313896913768", 0.5]
[OSC] INFO: recv  /audiofile/progress  args= ["clip:clip_1789142313_a7ece2ac:1789142313896913768", 0.5]
[OSC] INFO: recv  /audiofile/progress  args= ["clip:clip_1789142313_a7ece2ac:1789142313896913768", 0.5]
[OSC] INFO: recv  /audiofile/progress  args= ["clip:clip_1789142313_a7ece2ac:1789142313896913768", 0.5]
[OSC] INFO: recv  /audiofile/progress  args= ["clip:clip_1789142313_a7ece2ac:1789142313896913768", 0.5]
[OSC] INFO: recv  /audiofile/progress  args= ["clip:clip_1789142313_a7ece2ac:1789142313896913768", 0.5]
[OSC] INFO: recv  /audiofile/progress  args= ["clip:clip_1789142313_a7ece2ac:1789142313896913768", 0.5]
[OSC] INFO: recv  /audiofile/progress  args= ["clip:clip_1789142313_a7ece2ac:1789142313896913768", 0.5]
[OSC] INFO: recv  /audiofile/progress  args= ["clip:clip_1789142313_a7ece2ac:1789142313896913768", 0.5]
[OSC] INFO: recv  /audiofile/progress  args= ["clip:clip_1789142313_a7ece2ac:1789142313896913768", 0.5]
[OSC] INFO: recv  /audiofile/progress  args= ["clip:clip_1789142313_a7ece2ac:1789142313896913768", 0.5]
[OSC] INFO: recv  /audiofile/progress  args= ["clip:clip_1789142313_a7ece2ac:1789142313896913768", 0.5]
[OSC] INFO: recv  /audiofile/progress  args= ["clip:clip_1789142313_a7ece2ac:1789142313896913768", 0.5]
[OSC] INFO: recv  /audiofile/progress  args= ["clip:clip_1789142313_a7ece2ac:1789142313896913768", 0.5]
[OSC] INFO: recv  /audiofile/progress  args= ["clip:clip_1789142313_a7ece2ac:1789142313896913768", 0.5]
[OSC] INFO: recv  /audiofile/progress  args= ["clip:clip_1789142313_a7ece2ac:1789142313896913768", 0.5]
[OSC] INFO: recv  /audiofile/progress  args= ["clip:clip_1789142313_a7ece2ac:1789142313896913768", 0.5]
[OSC] INFO: recv  /audiofile/progress  args= ["clip:clip_1789142313_a7ece2ac:1789142313896913768", 0.5]
[OSC] INFO: recv  /audiofile/progress  args= ["clip:clip_1789142313_a7ece2ac:1789142313896913768", 0.5]
[OSC] INFO: recv  /audiofile/progress  args= ["clip:clip_1789142313_a7ece2ac:1789142313896913768", 0.5]
[OSC] INFO: recv  /audiofile/progress  args= ["clip:clip_1789142313_a7ece2ac:1789142313896913768", 0.5]
[OSC] INFO: recv  /audiofile/progress  args= ["clip:clip_1789142313_a7ece2ac:1789142313896913768", 0.5]
[OSC] INFO: recv  /audiofile/progress  args= ["clip:clip_1789142313_a7ece2ac:1789142313896913768", 0.5]
[OSC] INFO: recv  /audiofile/progress  args= ["clip:clip_1789142313_a7ece2ac:1789142313896913768", 0.5]
[OSC] INFO: recv  /audiofile/progress  args= ["clip:clip_1789142313_a7ece2ac:1789142313896913768", 0.5]
[OSC] INFO: recv  /audiofile/progress  args= ["clip:clip_1789142313_a7ece2ac:1789142313896913768", 0.5]
[OSC] INFO: recv  /audiofile/progress  args= ["clip:clip_1789142313_a7ece2ac:1789142313896913768", 0.5]
[OSC] INFO: recv  /audiofile/progress  args= ["clip:clip_1789142313_a7ece2ac:1789142313896913768", 0.5]
[OSC] INFO: recv  /audiofile/progress  args= ["clip:clip_1789142313_a7ece2ac:1789142313896913768", 0.5]
[OSC] INFO: recv  /audiofile/progress  args= ["clip:clip_1789142313_a7ece2ac:1789142313896913768", 0.5]
[OSC] INFO: recv  /audiofile/progress  args= ["clip:clip_1789142313_a7ece2ac:1789142313896913768", 0.5]
[OSC] INFO: recv  /audiofile/progress  args= ["clip:clip_1789142313_a7ece2ac:1789142313896913768", 0.5]
[OSC] INFO: recv  /audiofile/progress  args= ["clip:clip_1789142313_a7ece2ac:1789142313896913768", 0.5]
[OSC] INFO: recv  /audiofile/progress  args= ["clip:clip_1789142313_a7ece2ac:1789142313896913768", 0.5]
[OSC] INFO: recv  /audiofile/progress  args= ["clip:clip_1789142313_a7ece2ac:1789142313896913768", 0.5]
[OSC] INFO: recv  /audiofile/progress  args= ["clip:clip_1789142313_a7ece2ac:1789142313896913768", 0.5]
[OSC] INFO: recv  /audiofile/progress  args= ["clip:clip_1789142313_a7ece2ac:1789142313896913768", 0.5]
[OSC] INFO: recv  /audiofile/progress  args= ["clip:clip_1789142313_a7ece2ac:1789142313896913768", 0.5]
[OSC] INFO: recv  /audiofile/progress  args= ["clip:clip_1789142313_a7ece2ac:1789142313896913768", 0.5]
[OSC] INFO: recv  /audiofile/progress  args= ["clip:clip_1789142313_a7ece2ac:1789142313896913768", 0.5]
[OSC] INFO: recv  /audiofile/progress  args= ["clip:clip_1789142313_a7ece2ac:1789142313896913768", 0.5]
[OSC] INFO: recv  /audiofile/progress  args= ["clip:clip_1789142313_a7ece2ac:1789142313896913768", 0.5]
[OSC] INFO: recv  /audiofile/progress  args= ["clip:clip_1789142313_a7ece2ac:1789142313896913768", 0.5]
[OSC] INFO: recv  /audiofile/progress  args= ["clip:clip_1789142313_a7ece2ac:1789142313896913768", 0.5]
[OSC] INFO: recv  /audiofile/progress  args= ["clip:clip_1789142313_a7ece2ac:1789142313896913768", 0.5]
[OSC] INFO: recv  /audiofile/progress  args= ["clip:clip_1789142313_a7ece2ac:1789142313896913768", 0.5]
[OSC] INFO: recv  /audiofile/progress  args= ["clip:clip_1789142313_a7ece2ac:1789142313896913768", 0.5]
[OSC] INFO: recv  /audiofile/progress  args= ["clip:clip_1789142313_a7ece2ac:1789142313896913768", 0.5]
[OSC] INFO: recv  /audiofile/progress  args= ["clip:clip_1789142313_a7ece2ac:1789142313896913768", 0.5]
[OSC] INFO: recv  /audiofile/progress  args= ["clip:clip_1789142313_a7ece2ac:1789142313896913768", 0.5]
[OSC] INFO: recv  /audiofile/progress  args= ["clip:clip_1789142313_a7ece2ac:1789142313896913768", 0.5]
[OSC] INFO: recv  /audiofile/progress  args= ["clip:clip_1789142313_a7ece2ac:1789142313896913768", 0.5]
[OSC] INFO: recv  /audiofile/progress  args= ["clip:clip_1789142313_a7ece2ac:1789142313896913768", 0.5]
[OSC] INFO: recv  /audiofile/progress  args= ["clip:clip_1789142313_a7ece2ac:1789142313896913768", 0.5]
[OSC] INFO: recv  /audiofile/progress  args= ["clip:clip_1789142313_a7ece2ac:1789142313896913768", 0.5]
[OSC] INFO: recv  /audiofile/progress  args= ["clip:clip_1789142313_a7ece2ac:1789142313896913768", 0.5]
[OSC] INFO: recv  /audiofile/progress  args= ["clip:clip_1789142313_a7ece2ac:1789142313896913768", 0.5]
[OSC] INFO: recv  /audiofile/progress  args= ["clip:clip_1789142313_a7ece2ac:1789142313896913768", 0.5]
[OSC] INFO: recv  /audiofile/progress  args= ["clip:clip_1789142313_a7ece2ac:1789142313896913768", 0.5]
[OSC] INFO: recv  /audiofile/progress  args= ["clip:clip_1789142313_a7ece2ac:1789142313896913768", 0.5]
[OSC] INFO: recv  /audiofile/progress  args= ["clip:clip_1789142313_a7ece2ac:1789142313896913768", 0.5]
[OSC] INFO: recv  /audiofile/progress  args= ["clip:clip_1789142313_a7ece2ac:1789142313896913768", 0.5]
[OSC] INFO: recv  /audiofile/progress  args= ["clip:clip_1789142313_a7ece2ac:1789142313896913768", 0.5]
[OSC] INFO: recv  /audiofile/progress  args= ["clip:clip_1789142313_a7ece2ac:1789142313896913768", 0.5]
[OSC] INFO: recv  /audiofile/progress  args= ["clip:clip_1789142313_a7ece2ac:1789142313896913768", 0.5]
[OSC] INFO: recv  /audiofile/progress  args= ["clip:clip_1789142313_a7ece2ac:1789142313896913768", 0.5]
[OSC] INFO: recv  /audiofile/progress  args= ["clip:clip_1789142313_a7ece2ac:1789142313896913768", 0.5]
[OSC] INFO: recv  /audiofile/progress  args= ["clip:clip_1789142313_a7ece2ac:1789142313896913768", 0.5]
[OSC] INFO: recv  /audiofile/progress  args= ["clip:clip_1789142313_a7ece2ac:1789142313896913768", 0.5]
[OSC] INFO: recv  /audiofile/progress  args= ["clip:clip_1789142313_a7ece2ac:1789142313896913768", 0.5]
[OSC] INFO: recv  /audiofile/progress  args= ["clip:clip_1789142313_a7ece2ac:1789142313896913768", 0.5]
[OSC] INFO: recv  /audiofile/progress  args= ["clip:clip_1789142313_a7ece2ac:1789142313896913768", 0.5]
[OSC] INFO: recv  /audiofile/progress  args= ["clip:clip_1789142313_a7ece2ac:1789142313896913768", 0.5]
[OSC] INFO: recv  /audiofile/progress  args= ["clip:clip_1789142313_a7ece2ac:1789142313896913768", 0.5]
[OSC] INFO: recv  /audiofile/progress  args= ["clip:clip_1789142313_a7ece2ac:1789142313896913768", 0.5]
[OSC] INFO: recv  /audiofile/progress  args= ["clip:clip_1789142313_a7ece2ac:1789142313896913768", 0.5]
[OSC] INFO: recv  /audiofile/progress  args= ["clip:clip_1789142313_a7ece2ac:1789142313896913768", 0.5]
[OSC] INFO: recv  /audiofile/progress  args= ["clip:clip_1789142313_a7ece2ac:1789142313896913768", 0.5]
[OSC] INFO: recv  /audiofile/progress  args= ["clip:clip_1789142313_a7ece2ac:1789142313896913768", 0.5]
[OSC] INFO: recv  /audiofile/progress  args= ["clip:clip_1789142313_a7ece2ac:1789142313896913768", 0.5]
[OSC] INFO: recv  /audiofile/progress  args= ["clip:clip_1789142313_a7ece2ac:1789142313896913768", 0.5]
[OSC] INFO: recv  /audiofile/progress  args= ["clip:clip_1789142313_a7ece2ac:1789142313896913768", 0.5]
[OSC] INFO: recv  /audiofile/progress  args= ["clip:clip_1789142313_a7ece2ac:1789142313896913768", 0.5]
[OSC] INFO: recv  /audiofile/progress  args= ["clip:clip_1789142313_a7ece2ac:1789142313896913768", 0.5]
[OSC] INFO: recv  /audiofile/progress  args= ["clip:clip_1789142313_a7ece2ac:1789142313896913768", 0.5]
[OSC] INFO: recv  /audiofile/progress  args= ["clip:clip_1789142313_a7ece2ac:1789142313896913768", 0.5]
[OSC] INFO: recv  /audiofile/progress  args= ["clip:clip_1789142313_a7ece2ac:1789142313896913768", 0.5]
[OSC] INFO: recv  /audiofile/progress  args= ["clip:clip_1789142313_a7ece2ac:1789142313896913768", 0.5]
[OSC] INFO: recv  /audiofile/progress  args= ["clip:clip_1789142313_a7ece2ac:1789142313896913768", 0.5]
[OSC] INFO: recv  /audiofile/progress  args= ["clip:clip_1789142313_a7ece2ac:1789142313896913768", 0.5]
[OSC] INFO: recv  /audiofile/progress  args= ["clip:clip_1789142313_a7ece2ac:1789142313896913768", 0.5]
[OSC] INFO: recv  /audiofile/progress  args= ["clip:clip_1789142313_a7ece2ac:1789142313896913768", 0.5]
[OSC] INFO: recv  /audiofile/progress  args= ["clip:clip_1789142313_a7ece2ac:1789142313896913768", 0.5]
[OSC] INFO: recv  /audiofile/progress  args= ["clip:clip_1789142313_a7ece2ac:1789142313896913768", 0.5]
[OSC] INFO: recv  /audiofile/progress  args= ["clip:clip_1789142313_a7ece2ac:1789142313896913768", 0.5]
[OSC] INFO: recv  /audiofile/progress  args= ["clip:clip_1789142313_a7ece2ac:1789142313896913768", 0.5]
[OSC] INFO: recv  /audiofile/progress  args= ["clip:clip_1789142313_a7ece2ac:1789142313896913768", 0.5]
[OSC] INFO: recv  /audiofile/progress  args= ["clip:clip_1789142313_a7ece2ac:1789142313896913768", 0.5]
[OSC] INFO: recv  /audiofile/progress  args= ["clip:clip_1789142313_a7ece2ac:1789142313896913768", 0.5]
[OSC] INFO: recv  /audiofile/progress  args= ["clip:clip_1789142313_a7ece2ac:1789142313896913768", 0.5]
[OSC] INFO: recv  /audiofile/progress  args= ["clip:clip_1789142313_a7ece2ac:1789142313896913768", 0.5]
[OSC] INFO: recv  /audiofile/progress  args= ["clip:clip_1789142313_a7ece2ac:1789142313896913768", 0.5]
[OSC] INFO: recv  /audiofile/progress  args= ["clip:clip_1789142313_a7ece2ac:1789142313896913768", 0.5]
[OSC] INFO: recv  /audiofile/progress  args= ["clip:clip_1789142313_a7ece2ac:1789142313896913768", 0.5]
[OSC] INFO: recv  /audiofile/progress  args= ["clip:clip_1789142313_a7ece2ac:1789142313896913768", 0.5]
[OSC] INFO: recv  /audiofile/progress  args= ["clip:clip_1789142313_a7ece2ac:1789142313896913768", 0.5]
[OSC] INFO: recv  /audiofile/progress  args= ["clip:clip_1789142313_a7ece2ac:1789142313896913768", 0.5]
[OSC] INFO: recv  /audiofile/progress  args= ["clip:clip_1789142313_a7ece2ac:1789142313896913768", 0.5]
[OSC] INFO: recv  /audiofile/progress  args= ["clip:clip_1789142313_a7ece2ac:1789142313896913768", 0.5]
[OSC] INFO: recv  /audiofile/progress  args= ["clip:clip_1789142313_a7ece2ac:1789142313896913768", 0.5]
[OSC] INFO: recv  /audiofile/progress  args= ["clip:clip_1789142313_a7ece2ac:1789142313896913768", 0.5]
[OSC] INFO: recv  /audiofile/progress  args= ["clip:clip_1789142313_a7ece2ac:1789142313896913768", 0.5]
[OSC] INFO: recv  /audiofile/progress  args= ["clip:clip_1789142313_a7ece2ac:1789142313896913768", 0.5]
[OSC] INFO: recv  /audiofile/progress  args= ["clip:clip_1789142313_a7ece2ac:1789142313896913768", 0.5]
[OSC] INFO: recv  /audiofile/progress  args= ["clip:clip_1789142313_a7ece2ac:1789142313896913768", 0.5]
[OSC] INFO: recv  /audiofile/progress  args= ["clip:clip_1789142313_a7ece2ac:1789142313896913768", 0.5]
[OSC] INFO: recv  /audiofile/progress  args= ["clip:clip_1789142313_a7ece2ac:1789142313896913768", 0.5]
[OSC] INFO: recv  /audiofile/progress  args= ["clip:clip_1789142313_a7ece2ac:1789142313896913768", 0.5]
[OSC] INFO: recv  /audiofile/progress  args= ["clip:clip_1789142313_a7ece2ac:1789142313896913768", 0.5]
[OSC] INFO: recv  /audiofile/progress  args= ["clip:clip_1789142313_a7ece2ac:1789142313896913768", 0.5]
[OSC] INFO: recv  /audiofile/progress  args= ["clip:clip_1789142313_a7ece2ac:1789142313896913768", 0.5]
[OSC] INFO: recv  /audiofile/progress  args= ["clip:clip_1789142313_a7ece2ac:1789142313896913768", 0.5]
[OSC] INFO: recv  /audiofile/progress  args= ["clip:clip_1789142313_a7ece2ac:1789142313896913768", 0.5]
[OSC] INFO: recv  /audiofile/progress  args= ["clip:clip_1789142313_a7ece2ac:1789142313896913768", 0.5]
[OSC] INFO: recv  /audiofile/progress  args= ["clip:clip_1789142313_a7ece2ac:1789142313896913768", 0.5]
[OSC] INFO: recv  /audiofile/progress  args= ["clip:clip_1789142313_a7ece2ac:1789142313896913768", 0.5]
[OSC] INFO: recv  /audiofile/progress  args= ["clip:clip_1789142313_a7ece2ac:1789142313896913768", 0.5]
[OSC] INFO: recv  /audiofile/progress  args= ["clip:clip_1789142313_a7ece2ac:1789142313896913768", 0.5]
[OSC] INFO: recv  /audiofile/progress  args= ["clip:clip_1789142313_a7ece2ac:1789142313896913768", 0.5]
[OSC] INFO: recv  /audiofile/progress  args= ["clip:clip_1789142313_a7ece2ac:1789142313896913768", 0.5]
[OSC] INFO: recv  /audiofile/progress  args= ["clip:clip_1789142313_a7ece2ac:1789142313896913768", 0.5]
[OSC] INFO: recv  /audiofile/progress  args= ["clip:clip_1789142313_a7ece2ac:1789142313896913768", 0.5]
[OSC] INFO: recv  /audiofile/progress  args= ["clip:clip_1789142313_a7ece2ac:1789142313896913768", 0.5]
[OSC] INFO: recv  /audiofile/progress  args= ["clip:clip_1789142313_a7ece2ac:1789142313896913768", 0.5]
[OSC] INFO: recv  /audiofile/progress  args= ["clip:clip_1789142313_a7ece2ac:1789142313896913768", 0.5]
[OSC] INFO: recv  /audiofile/progress  args= ["clip:clip_1789142313_a7ece2ac:1789142313896913768", 0.5]
[OSC] INFO: recv  /audiofile/progress  args= ["clip:clip_1789142313_a7ece2ac:1789142313896913768", 0.5]
[OSC] INFO: recv  /audiofile/progress  args= ["clip:clip_1789142313_a7ece2ac:1789142313896913768", 0.5]
[OSC] INFO: recv  /audiofile/progress  args= ["clip:clip_1789142313_a7ece2ac:1789142313896913768", 0.5]
[OSC] INFO: recv  /audiofile/progress  args= ["clip:clip_1789142313_a7ece2ac:1789142313896913768", 0.5]
[OSC] INFO: recv  /audiofile/progress  args= ["clip:clip_1789142313_a7ece2ac:1789142313896913768", 0.5]
[OSC] INFO: recv  /audiofile/progress  args= ["clip:clip_1789142313_a7ece2ac:1789142313896913768", 0.5]
[OSC] INFO: recv  /audiofile/progress  args= ["clip:clip_1789142313_a7ece2ac:1789142313896913768", 0.5]
[OSC] INFO: recv  /audiofile/progress  args= ["clip:clip_1789142313_a7ece2ac:1789142313896913768", 0.5]
[OSC] INFO: recv  /audiofile/progress  args= ["clip:clip_1789142313_a7ece2ac:1789142313896913768", 0.5]
[OSC] INFO: recv  /audiofile/progress  args= ["clip:clip_1789142313_a7ece2ac:1789142313896913768", 0.5]
[OSC] INFO: recv  /audiofile/progress  args= ["clip:clip_1789142313_a7ece2ac:1789142313896913768", 0.5]
[OSC] INFO: recv  /audiofile/progress  args= ["clip:clip_1789142313_a7ece2ac:1789142313896913768", 0.5]
[OSC] INFO: recv  /audiofile/progress  args= ["clip:clip_1789142313_a7ece2ac:1789142313896913768", 0.5]
[OSC] INFO: recv  /audiofile/progress  args= ["clip:clip_1789142313_a7ece2ac:1789142313896913768", 0.5]
[OSC] INFO: recv  /audiofile/progress  args= ["clip:clip_1789142313_a7ece2ac:1789142313896913768", 0.5]
[OSC] INFO: recv  /audiofile/progress  args= ["clip:clip_1789142313_a7ece2ac:1789142313896913768", 0.5]
[OSC] INFO: recv  /audiofile/progress  args= ["clip:clip_1789142313_a7ece2ac:1789142313896913768", 0.5]
[OSC] INFO: recv  /audiofile/progress  args= ["clip:clip_1789142313_a7ece2ac:1789142313896913768", 0.5]
[OSC] INFO: recv  /audiofile/progress  args= ["clip:clip_1789142313_a7ece2ac:1789142313896913768", 0.5]
[OSC] INFO: recv  /audiofile/progress  args= ["clip:clip_1789142313_a7ece2ac:1789142313896913768", 0.5]
[OSC] INFO: recv  /audiofile/progress  args= ["clip:clip_1789142313_a7ece2ac:1789142313896913768", 0.5]
[OSC] INFO: recv  /audiofile/progress  args= ["clip:clip_1789142313_a7ece2ac:1789142313896913768", 0.5]
[OSC] INFO: recv  /audiofile/progress  args= ["clip:clip_1789142313_a7ece2ac:1789142313896913768", 0.5]
[OSC] INFO: recv  /audiofile/progress  args= ["clip:clip_1789142313_a7ece2ac:1789142313896913768", 0.5]
[OSC] INFO: recv  /audiofile/progress  args= ["clip:clip_1789142313_a7ece2ac:1789142313896913768", 0.5]
[OSC] INFO: recv  /audiofile/progress  args= ["clip:clip_1789142313_a7ece2ac:1789142313896913768", 0.5]
[OSC] INFO: recv  /audiofile/progress  args= ["clip:clip_1789142313_a7ece2ac:1789142313896913768", 0.5]
[OSC] INFO: recv  /audiofile/progress  args= ["clip:clip_1789142313_a7ece2ac:1789142313896913768", 0.5]
[OSC] INFO: recv  /audiofile/progress  args= ["clip:clip_1789142313_a7ece2ac:1789142313896913768", 0.5]
[OSC] INFO: recv  /audiofile/progress  args= ["clip:clip_1789142313_a7ece2ac:1789142313896913768", 0.5]
[OSC] INFO: recv  /audiofile/progress  args= ["clip:clip_1789142313_a7ece2ac:1789142313896913768", 0.5]
[OSC] INFO: recv  /audiofile/progress  args= ["clip:clip_1789142313_a7ece2ac:1789142313896913768", 0.5]
[OSC] INFO: recv  /audiofile/progress  args= ["clip:clip_1789142313_a7ece2ac:1789142313896913768", 0.5]
[OSC] INFO: recv  /audiofile/progress  args= ["clip:clip_1789142313_a7ece2ac:1789142313896913768", 0.5]
[OSC] INFO: recv  /audiofile/progress  args= ["clip:clip_1789142313_a7ece2ac:1789142313896913768", 0.5]
[OSC] INFO: recv  /audiofile/progress  args= ["clip:clip_1789142313_a7ece2ac:1789142313896913768", 0.5]
[OSC] INFO: recv  /audiofile/progress  args= ["clip:clip_1789142313_a7ece2ac:1789142313896913768", 0.5]
[OSC] INFO: recv  /audiofile/progress  args= ["clip:clip_1789142313_a7ece2ac:1789142313896913768", 0.5]
[OSC] INFO: recv  /audiofile/progress  args= ["clip:clip_1789142313_a7ece2ac:1789142313896913768", 0.5]
[OSC] INFO: recv  /audiofile/progress  args= ["clip:clip_1789142313_a7ece2ac:1789142313896913768", 0.5]
[OSC] INFO: recv  /audiofile/progress  args= ["clip:clip_1789142313_a7ece2ac:1789142313896913768", 0.5]
[OSC] INFO: recv  /audiofile/progress  args= ["clip:clip_1789142313_a7ece2ac:1789142313896913768", 0.5]
[OSC] INFO: recv  /audiofile/progress  args= ["clip:clip_1789142313_a7ece2ac:1789142313896913768", 0.5]
[OSC] INFO: recv  /audiofile/progress  args= ["clip:clip_1789142313_a7ece2ac:1789142313896913768", 0.5]
[OSC] INFO: recv  /audiofile/progress  args= ["clip:clip_1789142313_a7ece2ac:1789142313896913768", 0.5]
[OSC] INFO: recv  /audiofile/progress  args= ["clip:clip_1789142313_a7ece2ac:1789142313896913768", 0.5]
[OSC] INFO: recv  /audiofile/progress  args= ["clip:clip_1789142313_a7ece2ac:1789142313896913768", 0.5]
[OSC] INFO: recv  /audiofile/progress  args= ["clip:clip_1789142313_a7ece2ac:1789142313896913768", 0.5]
[OSC] INFO: recv  /audiofile/progress  args= ["clip:clip_1789142313_a7ece2ac:1789142313896913768", 0.5]
[OSC] INFO: recv  /audiofile/progress  args= ["clip:clip_1789142313_a7ece2ac:1789142313896913768", 0.5]
[OSC] INFO: recv  /audiofile/progress  args= ["clip:clip_1789142313_a7ece2ac:1789142313896913768", 0.5]
[OSC] INFO: recv  /audiofile/progress  args= ["clip:clip_1789142313_a7ece2ac:1789142313896913768", 0.5]
[OSC] INFO: recv  /audiofile/progress  args= ["clip:clip_1789142313_a7ece2ac:1789142313896913768", 0.5]
[OSC] INFO: recv  /audiofile/progress  args= ["clip:clip_1789142313_a7ece2ac:1789142313896913768", 0.5]
[OSC] INFO: recv  /audiofile/progress  args= ["clip:clip_1789142313_a7ece2ac:1789142313896913768", 0.5]
[OSC] INFO: recv  /audiofile/progress  args= ["clip:clip_1789142313_a7ece2ac:1789142313896913768", 0.5]
[OSC] INFO: recv  /audiofile/progress  args= ["clip:clip_1789142313_a7ece2ac:1789142313896913768", 0.5]
[OSC] INFO: recv  /audiofile/progress  args= ["clip:clip_1789142313_a7ece2ac:1789142313896913768", 0.5]
[OSC] INFO: recv  /audiofile/progress  args= ["clip:clip_1789142313_a7ece2ac:1789142313896913768", 0.5]
[OSC] INFO: recv  /audiofile/progress  args= ["clip:clip_1789142313_a7ece2ac:1789142313896913768", 0.5]
[OSC] INFO: recv  /audiofile/progress  args= ["clip:clip_1789142313_a7ece2ac:1789142313896913768", 0.5]
[OSC] INFO: recv  /audiofile/progress  args= ["clip:clip_1789142313_a7ece2ac:1789142313896913768", 0.5]
[OSC] INFO: recv  /audiofile/progress  args= ["clip:clip_1789142313_a7ece2ac:1789142313896913768", 0.5]
[OSC] INFO: recv  /audiofile/progress  args= ["clip:clip_1789142313_a7ece2ac:1789142313896913768", 0.5]
[OSC] INFO: recv  /audiofile/progress  args= ["clip:clip_1789142313_a7ece2ac:1789142313896913768", 0.5]
[OSC] INFO: recv  /audiofile/progress  args= ["clip:clip_1789142313_a7ece2ac:1789142313896913768", 0.5]
[OSC] INFO: recv  /audiofile/progress  args= ["clip:clip_1789142313_a7ece2ac:1789142313896913768", 0.5]
[OSC] INFO: recv  /audiofile/progress  args= ["clip:clip_1789142313_a7ece2ac:1789142313896913768", 0.5]
[OSC] INFO: recv  /audiofile/progress  args= ["clip:clip_1789142313_a7ece2ac:1789142313896913768", 0.5]
[OSC] INFO: recv  /audiofile/progress  args= ["clip:clip_1789142313_a7ece2ac:1789142313896913768", 0.5]
[OSC] INFO: recv  /audiofile/progress  args= ["clip:clip_1789142313_a7ece2ac:1789142313896913768", 0.5]
[OSC] INFO: recv  /audiofile/progress  args= ["clip:clip_1789142313_a7ece2ac:1789142313896913768", 0.5]
[OSC] INFO: recv  /audiofile/progress  args= ["clip:clip_1789142313_a7ece2ac:1789142313896913768", 0.5]
[OSC] INFO: recv  /audiofile/progress  args= ["clip:clip_1789142313_a7ece2ac:1789142313896913768", 0.5]
[OSC] INFO: recv  /audiofile/progress  args= ["clip:clip_1789142313_a7ece2ac:1789142313896913768", 0.5]
[OSC] INFO: recv  /audiofile/progress  args= ["clip:clip_1789142313_a7ece2ac:1789142313896913768", 0.5]
[OSC] INFO: recv  /audiofile/progress  args= ["clip:clip_1789142313_a7ece2ac:1789142313896913768", 0.5]
[OSC] INFO: recv  /audiofile/progress  args= ["clip:clip_1789142313_a7ece2ac:1789142313896913768", 0.5]
[OSC] INFO: recv  /audiofile/progress  args= ["clip:clip_1789142313_a7ece2ac:1789142313896913768", 0.5]
[OSC] INFO: recv  /audiofile/progress  args= ["clip:clip_1789142313_a7ece2ac:1789142313896913768", 0.5]
[OSC] INFO: recv  /audiofile/progress  args= ["clip:clip_1789142313_a7ece2ac:1789142313896913768", 0.5]
[OSC] INFO: recv  /audiofile/progress  args= ["clip:clip_1789142313_a7ece2ac:1789142313896913768", 0.5]
[OSC] INFO: recv  /audiofile/progress  args= ["clip:clip_1789142313_a7ece2ac:1789142313896913768", 0.5]
[OSC] INFO: recv  /audiofile/progress  args= ["clip:clip_1789142313_a7ece2ac:1789142313896913768", 0.5]
[OSC] INFO: recv  /audiofile/progress  args= ["clip:clip_1789142313_a7ece2ac:1789142313896913768", 0.5]
[OSC] INFO: recv  /audiofile/progress  args= ["clip:clip_1789142313_a7ece2ac:1789142313896913768", 0.5]
[OSC] INFO: recv  /audiofile/progress  args= ["clip:clip_1789142313_a7ece2ac:1789142313896913768", 0.5]
[OSC] INFO: recv  /audiofile/progress  args= ["clip:clip_1789142313_a7ece2ac:1789142313896913768", 0.5]
[OSC] INFO: recv  /audiofile/progress  args= ["clip:clip_1789142313_a7ece2ac:1789142313896913768", 0.5]
[OSC] INFO: recv  /audiofile/progress  args= ["clip:clip_1789142313_a7ece2ac:1789142313896913768", 0.5]
[OSC] INFO: recv  /audiofile/progress  args= ["clip:clip_1789142313_a7ece2ac:1789142313896913768", 0.5]
[OSC] INFO: recv  /audiofile/progress  args= ["clip:clip_1789142313_a7ece2ac:1789142313896913768", 0.5]
[OSC] INFO: recv  /audiofile/progress  args= ["clip:clip_1789142313_a7ece2ac:1789142313896913768", 0.5]
[OSC] INFO: recv  /audiofile/progress  args= ["clip:clip_1789142313_a7ece2ac:1789142313896913768", 0.5]
[OSC] INFO: recv  /audiofile/progress  args= ["clip:clip_1789142313_a7ece2ac:1789142313896913768", 0.5]
[OSC] INFO: recv  /audiofile/progress  args= ["clip:clip_1789142313_a7ece2ac:1789142313896913768", 0.5]
[OSC] INFO: recv  /audiofile/progress  args= ["clip:clip_1789142313_a7ece2ac:1789142313896913768", 0.5]
[OSC] INFO: recv  /audiofile/progress  args= ["clip:clip_1789142313_a7ece2ac:1789142313896913768", 0.5]
[OSC] INFO: recv  /audiofile/progress  args= ["clip:clip_1789142313_a7ece2ac:1789142313896913768", 0.5]
[OSC] INFO: recv  /audiofile/progress  args= ["clip:clip_1789142313_a7ece2ac:1789142313896913768", 0.5]
[OSC] INFO: recv  /audiofile/progress  args= ["clip:clip_1789142313_a7ece2ac:1789142313896913768", 0.5]
[OSC] INFO: recv  /audiofile/progress  args= ["clip:clip_1789142313_a7ece2ac:1789142313896913768", 0.5]
[OSC] INFO: recv  /audiofile/progress  args= ["clip:clip_1789142313_a7ece2ac:1789142313896913768", 0.5]
[OSC] INFO: recv  /audiofile/progress  args= ["clip:clip_1789142313_a7ece2ac:1789142313896913768", 0.5]
[OSC] INFO: recv  /audiofile/progress  args= ["clip:clip_1789142313_a7ece2ac:1789142313896913768", 0.5]
[OSC] INFO: recv  /audiofile/progress  args= ["clip:clip_1789142313_a7ece2ac:1789142313896913768", 0.5]
[OSC] INFO: recv  /audiofile/progress  args= ["clip:clip_1789142313_a7ece2ac:1789142313896913768", 0.5]
[OSC] INFO: recv  /audiofile/progress  args= ["clip:clip_1789142313_a7ece2ac:1789142313896913768", 0.5]
[OSC] INFO: recv  /audiofile/progress  args= ["clip:clip_1789142313_a7ece2ac:1789142313896913768", 0.5]
[OSC] INFO: recv  /audiofile/progress  args= ["clip:clip_1789142313_a7ece2ac:1789142313896913768", 0.5]
[OSC] INFO: recv  /audiofile/progress  args= ["clip:clip_1789142313_a7ece2ac:1789142313896913768", 0.5]
[OSC] INFO: recv  /audiofile/progress  args= ["clip:clip_1789142313_a7ece2ac:1789142313896913768", 0.5]
[OSC] INFO: recv  /audiofile/progress  args= ["clip:clip_1789142313_a7ece2ac:1789142313896913768", 0.5]
[OSC] INFO: recv  /audiofile/progress  args= ["clip:clip_1789142313_a7ece2ac:1789142313896913768", 0.5]
[OSC] INFO: recv  /audiofile/progress  args= ["clip:clip_1789142313_a7ece2ac:1789142313896913768", 0.5]
[OSC] INFO: recv  /audiofile/progress  args= ["clip:clip_1789142313_a7ece2ac:1789142313896913768", 0.5]
[OSC] INFO: recv  /audiofile/progress  args= ["clip:clip_1789142313_a7ece2ac:1789142313896913768", 0.5]
[OSC] INFO: recv  /audiofile/progress  args= ["clip:clip_1789142313_a7ece2ac:1789142313896913768", 0.5]
[OSC] INFO: recv  /audiofile/progress  args= ["clip:clip_1789142313_a7ece2ac:1789142313896913768", 0.5]
[OSC] INFO: recv  /audiofile/progress  args= ["clip:clip_1789142313_a7ece2ac:1789142313896913768", 0.5]
[OSC] INFO: recv  /audiofile/progress  args= ["clip:clip_1789142313_a7ece2ac:1789142313896913768", 0.5]
[OSC] INFO: recv  /audiofile/progress  args= ["clip:clip_1789142313_a7ece2ac:1789142313896913768", 0.5]
[OSC] INFO: recv  /audiofile/progress  args= ["clip:clip_1789142313_a7ece2ac:1789142313896913768", 0.5]
[OSC] INFO: recv  /audiofile/progress  args= ["clip:clip_1789142313_a7ece2ac:1789142313896913768", 0.5]
[OSC] INFO: recv  /audiofile/progress  args= ["clip:clip_1789142313_a7ece2ac:1789142313896913768", 0.5]
[OSC] INFO: recv  /audiofile/progress  args= ["clip:clip_1789142313_a7ece2ac:1789142313896913768", 0.5]
[OSC] INFO: recv  /audiofile/progress  args= ["clip:clip_1789142313_a7ece2ac:1789142313896913768", 0.5]
[OSC] INFO: recv  /audiofile/progress  args= ["clip:clip_1789142313_a7ece2ac:1789142313896913768", 0.5]
[OSC] INFO: recv  /audiofile/progress  args= ["clip:clip_1789142313_a7ece2ac:1789142313896913768", 0.5]
[OSC] INFO: recv  /audiofile/progress  args= ["clip:clip_1789142313_a7ece2ac:1789142313896913768", 0.5]
[OSC] INFO: recv  /audiofile/progress  args= ["clip:clip_1789142313_a7ece2ac:1789142313896913768", 0.5]
[OSC] INFO: recv  /audiofile/progress  args= ["clip:clip_1789142313_a7ece2ac:1789142313896913768", 0.5]
[OSC] INFO: recv  /audiofile/progress  args= ["clip:clip_1789142313_a7ece2ac:1789142313896913768", 0.5]
[OSC] INFO: recv  /audiofile/progress  args= ["clip:clip_1789142313_a7ece2ac:1789142313896913768", 0.5]
[OSC] INFO: recv  /audiofile/progress  args= ["clip:clip_1789142313_a7ece2ac:1789142313896913768", 0.5]
[OSC] INFO: recv  /audiofile/progress  args= ["clip:clip_1789142313_a7ece2ac:1789142313896913768", 0.5]
[OSC] INFO: recv  /audiofile/progress  args= ["clip:clip_1789142313_a7ece2ac:1789142313896913768", 0.5]
[OSC] INFO: recv  /audiofile/progress  args= ["clip:clip_1789142313_a7ece2ac:1789142313896913768", 0.5]
[OSC] INFO: recv  /audiofile/progress  args= ["clip:clip_1789142313_a7ece2ac:1789142313896913768", 0.5]
[OSC] INFO: recv  /audiofile/progress  args= ["clip:clip_1789142313_a7ece2ac:1789142313896913768", 0.5]
[OSC] INFO: recv  /audiofile/progress  args= ["clip:clip_1789142313_a7ece2ac:1789142313896913768", 0.5]
[OSC] INFO: recv  /audiofile/progress  args= ["clip:clip_1789142313_a7ece2ac:1789142313896913768", 0.5]
[OSC] INFO: recv  /audiofile/progress  args= ["clip:clip_1789142313_a7ece2ac:1789142313896913768", 0.5]
[OSC] INFO: recv  /audiofile/progress  args= ["clip:clip_1789142313_a7ece2ac:1789142313896913768", 0.5]
[OSC] INFO: recv  /audiofile/progress  args= ["clip:clip_1789142313_a7ece2ac:1789142313896913768", 0.5]
[OSC] INFO: recv  /audiofile/progress  args= ["clip:clip_1789142313_a7ece2ac:1789142313896913768", 0.5]
[OSC] INFO: recv  /audiofile/progress  args= ["clip:clip_1789142313_a7ece2ac:1789142313896913768", 0.5]
[OSC] INFO: recv  /audiofile/progress  args= ["clip:clip_1789142313_a7ece2ac:1789142313896913768", 0.5]
[OSC] INFO: recv  /audiofile/progress  args= ["clip:clip_1789142313_a7ece2ac:1789142313896913768", 0.5]
[OSC] INFO: recv  /audiofile/progress  args= ["clip:clip_1789142313_a7ece2ac:1789142313896913768", 0.5]
[OSC] INFO: recv  /audiofile/progress  args= ["clip:clip_1789142313_a7ece2ac:1789142313896913768", 0.5]
[OSC] INFO: recv  /audiofile/progress  args= ["clip:clip_1789142313_a7ece2ac:1789142313896913768", 0.5]
[OSC] INFO: recv  /audiofile/progress  args= ["clip:clip_1789142313_a7ece2ac:1789142313896913768", 0.5]
[OSC] INFO: recv  /audiofile/progress  args= ["clip:clip_1789142313_a7ece2ac:1789142313896913768", 0.5]
[OSC] INFO: recv  /audiofile/progress  args= ["clip:clip_1789142313_a7ece2ac:1789142313896913768", 0.5]
[OSC] INFO: recv  /audiofile/progress  args= ["clip:clip_1789142313_a7ece2ac:1789142313896913768", 0.5]
[OSC] INFO: recv  /audiofile/progress  args= ["clip:clip_1789142313_a7ece2ac:1789142313896913768", 0.5]
[OSC] INFO: recv  /audiofile/progress  args= ["clip:clip_1789142313_a7ece2ac:1789142313896913768", 0.5]
[OSC] INFO: recv  /audiofile/progress  args= ["clip:clip_1789142313_a7ece2ac:1789142313896913768", 0.5]
[OSC] INFO: recv  /audiofile/progress  args= ["clip:clip_1789142313_a7ece2ac:1789142313896913768", 0.5]
[OSC] INFO: recv  /audiofile/progress  args= ["clip:clip_1789142313_a7ece2ac:1789142313896913768", 0.5]
[OSC] INFO: recv  /audiofile/progress  args= ["clip:clip_1789142313_a7ece2ac:1789142313896913768", 0.5]
[OSC] INFO: recv  /audiofile/progress  args= ["clip:clip_1789142313_a7ece2ac:1789142313896913768", 0.5]
[OSC] INFO: recv  /audiofile/progress  args= ["clip:clip_1789142313_a7ece2ac:1789142313896913768", 0.5]
[OSC] INFO: recv  /audiofile/progress  args= ["clip:clip_1789142313_a7ece2ac:1789142313896913768", 0.5]
[OSC] INFO: recv  /audiofile/progress  args= ["clip:clip_1789142313_a7ece2ac:1789142313896913768", 0.5]
[OSC] INFO: recv  /audiofile/progress  args= ["clip:clip_1789142313_a7ece2ac:1789142313896913768", 0.5]
[OSC] INFO: recv  /audiofile/progress  args= ["clip:clip_1789142313_a7ece2ac:1789142313896913768", 0.5]
[OSC] INFO: recv  /audiofile/progress  args= ["clip:clip_1789142313_a7ece2ac:1789142313896913768", 0.5]
[OSC] INFO: recv  /audiofile/progress  args= ["clip:clip_1789142313_a7ece2ac:1789142313896913768", 0.5]
[OSC] INFO: recv  /audiofile/progress  args= ["clip:clip_1789142313_a7ece2ac:1789142313896913768", 0.5]
[OSC] INFO: recv  /audiofile/progress  args= ["clip:clip_1789142313_a7ece2ac:1789142313896913768", 0.5]
[OSC] INFO: recv  /audiofile/progress  args= ["clip:clip_1789142313_a7ece2ac:1789142313896913768", 0.5]
[OSC] INFO: recv  /audiofile/progress  args= ["clip:clip_1789142313_a7ece2ac:1789142313896913768", 0.5]
[OSC] INFO: recv  /audiofile/progress  args= ["clip:clip_1789142313_a7ece2ac:1789142313896913768", 0.5]
[OSC] INFO: recv  /audiofile/progress  args= ["clip:clip_1789142313_a7ece2ac:1789142313896913768", 0.5]
[OSC] INFO: recv  /audiofile/progress  args= ["clip:clip_1789142313_a7ece2ac:1789142313896913768", 0.5]
[OSC] INFO: recv  /audiofile/progress  args= ["clip:clip_1789142313_a7ece2ac:1789142313896913768", 0.5]
[OSC] INFO: recv  /audiofile/progress  args= ["clip:clip_1789142313_a7ece2ac:1789142313896913768", 0.5]
[OSC] INFO: recv  /audiofile/progress  args= ["clip:clip_1789142313_a7ece2ac:1789142313896913768", 0.5]
[OSC] INFO: recv  /audiofile/progress  args= ["clip:clip_1789142313_a7ece2ac:1789142313896913768", 0.5]
[OSC] INFO: recv  /audiofile/progress  args= ["clip:clip_1789142313_a7ece2ac:1789142313896913768", 0.5]
[OSC] INFO: recv  /audiofile/progress  args= ["clip:clip_1789142313_a7ece2ac:1789142313896913768", 0.5]
[OSC] INFO: recv  /audiofile/progress  args= ["clip:clip_1789142313_a7ece2ac:1789142313896913768", 0.5]
[OSC] INFO: recv  /audiofile/progress  args= ["clip:clip_1789142313_a7ece2ac:1789142313896913768", 0.5]
[OSC] INFO: recv  /audiofile/progress  args= ["clip:clip_1789142313_a7ece2ac:1789142313896913768", 0.5]
[OSC] INFO: recv  /audiofile/progress  args= ["clip:clip_1789142313_a7ece2ac:1789142313896913768", 0.5]
[OSC] INFO: recv  /audiofile/progress  args= ["clip:clip_1789142313_a7ece2ac:1789142313896913768", 0.5]
[OSC] INFO: recv  /audiofile/progress  args= ["clip:clip_1789142313_a7ece2ac:1789142313896913768", 0.5]
[OSC] INFO: recv  /audiofile/progress  args= ["clip:clip_1789142313_a7ece2ac:1789142313896913768", 0.5]
[OSC] INFO: recv  /audiofile/progress  args= ["clip:clip_1789142313_a7ece2ac:1789142313896913768", 0.5]
[OSC] INFO: recv  /audiofile/progress  args= ["clip:clip_1789142313_a7ece2ac:1789142313896913768", 0.5]
[OSC] INFO: recv  /audiofile/progress  args= ["clip:clip_1789142313_a7ece2ac:1789142313896913768", 0.5]
[OSC] INFO: recv  /audiofile/progress  args= ["clip:clip_1789142313_a7ece2ac:1789142313896913768", 0.5]
[OSC] INFO: recv  /audiofile/progress  args= ["clip:clip_1789142313_a7ece2ac:1789142313896913768", 0.5]
[OSC] INFO: recv  /audiofile/progress  args= ["clip:clip_1789142313_a7ece2ac:1789142313896913768", 0.5]
[OSC] INFO: recv  /audiofile/progress  args= ["clip:clip_1789142313_a7ece2ac:1789142313896913768", 0.5]
[OSC] INFO: recv  /audiofile/progress  args= ["clip:clip_1789142313_a7ece2ac:1789142313896913768", 0.5]
[OSC] INFO: recv  /audiofile/progress  args= ["clip:clip_1789142313_a7ece2ac:1789142313896913768", 0.5]
[OSC] INFO: recv  /audiofile/progress  args= ["clip:clip_1789142313_a7ece2ac:1789142313896913768", 0.5]
[OSC] INFO: recv  /audiofile/progress  args= ["clip:clip_1789142313_a7ece2ac:1789142313896913768", 0.5]
[OSC] INFO: recv  /audiofile/progress  args= ["clip:clip_1789142313_a7ece2ac:1789142313896913768", 0.5]
[OSC] INFO: recv  /audiofile/progress  args= ["clip:clip_1789142313_a7ece2ac:1789142313896913768", 0.5]
[OSC] INFO: recv  /audiofile/progress  args= ["clip:clip_1789142313_a7ece2ac:1789142313896913768", 0.5]
[OSC] INFO: recv  /audiofile/progress  args= ["clip:clip_1789142313_a7ece2ac:1789142313896913768", 0.5]
[OSC] INFO: recv  /audiofile/progress  args= ["clip:clip_1789142313_a7ece2ac:1789142313896913768", 0.5]
[OSC] INFO: recv  /audiofile/progress  args= ["clip:clip_1789142313_a7ece2ac:1789142313896913768", 0.5]
[OSC] INFO: recv  /audiofile/progress  args= ["clip:clip_1789142313_a7ece2ac:1789142313896913768", 0.5]
[OSC] INFO: recv  /audiofile/progress  args= ["clip:clip_1789142313_a7ece2ac:1789142313896913768", 0.5]
[OSC] INFO: recv  /audiofile/progress  args= ["clip:clip_1789142313_a7ece2ac:1789142313896913768", 0.5]
[OSC] INFO: recv  /audiofile/progress  args= ["clip:clip_1789142313_a7ece2ac:1789142313896913768", 0.5]
[OSC] INFO: recv  /audiofile/progress  args= ["clip:clip_1789142313_a7ece2ac:1789142313896913768", 0.5]
[OSC] INFO: recv  /audiofile/progress  args= ["clip:clip_1789142313_a7ece2ac:1789142313896913768", 0.5]
[OSC] INFO: recv  /audiofile/progress  args= ["clip:clip_1789142313_a7ece2ac:1789142313896913768", 0.5]
[OSC] INFO: recv  /audiofile/progress  args= ["clip:clip_1789142313_a7ece2ac:1789142313896913768", 0.5]
[OSC] INFO: recv  /audiofile/progress  args= ["clip:clip_1789142313_a7ece2ac:1789142313896913768", 0.5]
[OSC] INFO: recv  /audiofile/progress  args= ["clip:clip_1789142313_a7ece2ac:1789142313896913768", 0.5]
[OSC] INFO: recv  /audiofile/progress  args= ["clip:clip_1789142313_a7ece2ac:1789142313896913768", 0.5]
[OSC] INFO: recv  /audiofile/progress  args= ["clip:clip_1789142313_a7ece2ac:1789142313896913768", 0.5]
[OSC] INFO: recv  /audiofile/progress  args= ["clip:clip_1789142313_a7ece2ac:1789142313896913768", 0.5]
[OSC] INFO: recv  /audiofile/progress  args= ["clip:clip_1789142313_a7ece2ac:1789142313896913768", 0.5]
[OSC] INFO: recv  /audiofile/progress  args= ["clip:clip_1789142313_a7ece2ac:1789142313896913768", 0.5]
[OSC] INFO: recv  /audiofile/progress  args= ["clip:clip_1789142313_a7ece2ac:1789142313896913768", 0.5]
[OSC] INFO: recv  /audiofile/progress  args= ["clip:clip_1789142313_a7ece2ac:1789142313896913768", 0.5]
[OSC] INFO: recv  /audiofile/progress  args= ["clip:clip_1789142313_a7ece2ac:1789142313896913768", 0.5]
[OSC] INFO: recv  /audiofile/progress  args= ["clip:clip_1789142313_a7ece2ac:1789142313896913768", 0.5]
[OSC] INFO: recv  /audiofile/progress  args= ["clip:clip_1789142313_a7ece2ac:1789142313896913768", 0.5]
[OSC] INFO: recv  /audiofile/progress  args= ["clip:clip_1789142313_a7ece2ac:1789142313896913768", 0.5]
[OSC] INFO: recv  /audiofile/progress  args= ["clip:clip_1789142313_a7ece2ac:1789142313896913768", 0.5]
[OSC] INFO: recv  /audiofile/progress  args= ["clip:clip_1789142313_a7ece2ac:1789142313896913768", 0.5]
[OSC] INFO: recv  /audiofile/progress  args= ["clip:clip_1789142313_a7ece2ac:1789142313896913768", 0.5]
[OSC] INFO: recv  /audiofile/progress  args= ["clip:clip_1789142313_a7ece2ac:1789142313896913768", 0.5]
[OSC] INFO: recv  /audiofile/progress  args= ["clip:clip_1789142313_a7ece2ac:1789142313896913768", 0.5]
[OSC] INFO: recv  /audiofile/progress  args= ["clip:clip_1789142313_a7ece2ac:1789142313896913768", 0.5]
[OSC] INFO: recv  /audiofile/progress  args= ["clip:clip_1789142313_a7ece2ac:1789142313896913768", 0.5]
[OSC] INFO: recv  /audiofile/progress  args= ["clip:clip_1789142313_a7ece2ac:1789142313896913768", 0.5]
[OSC] INFO: recv  /audiofile/progress  args= ["clip:clip_1789142313_a7ece2ac:1789142313896913768", 0.5]
[OSC] INFO: recv  /audiofile/progress  args= ["clip:clip_1789142313_a7ece2ac:1789142313896913768", 0.5]
[OSC] INFO: recv  /audiofile/progress  args= ["clip:clip_1789142313_a7ece2ac:1789142313896913768", 0.5]
[OSC] INFO: recv  /audiofile/progress  args= ["clip:clip_1789142313_a7ece2ac:1789142313896913768", 0.5]
[OSC] INFO: recv  /audiofile/progress  args= ["clip:clip_1789142313_a7ece2ac:1789142313896913768", 0.5]
[OSC] INFO: recv  /audiofile/progress  args= ["clip:clip_1789142313_a7ece2ac:1789142313896913768", 0.5]
[OSC] INFO: recv  /audiofile/progress  args= ["clip:clip_1789142313_a7ece2ac:1789142313896913768", 0.5]
[OSC] INFO: recv  /audiofile/progress  args= ["clip:clip_1789142313_a7ece2ac:1789142313896913768", 0.5]
[OSC] INFO: recv  /audiofile/progress  args= ["clip:clip_1789142313_a7ece2ac:1789142313896913768", 0.5]
[OSC] INFO: recv  /audiofile/progress  args= ["clip:clip_1789142313_a7ece2ac:1789142313896913768", 0.5]
[OSC] INFO: recv  /audiofile/progress  args= ["clip:clip_1789142313_a7ece2ac:1789142313896913768", 0.5]
[OSC] INFO: recv  /audiofile/progress  args= ["clip:clip_1789142313_a7ece2ac:1789142313896913768", 0.5]
[OSC] INFO: recv  /audiofile/progress  args= ["clip:clip_1789142313_a7ece2ac:1789142313896913768", 0.5]
[OSC] INFO: recv  /audiofile/progress  args= ["clip:clip_1789142313_a7ece2ac:1789142313896913768", 0.5]
[OSC] INFO: recv  /audiofile/progress  args= ["clip:clip_1789142313_a7ece2ac:1789142313896913768", 0.5]
[OSC] INFO: recv  /audiofile/progress  args= ["clip:clip_1789142313_a7ece2ac:1789142313896913768", 0.5]
[OSC] INFO: recv  /audiofile/progress  args= ["clip:clip_1789142313_a7ece2ac:1789142313896913768", 0.5]
[OSC] INFO: recv  /audiofile/progress  args= ["clip:clip_1789142313_a7ece2ac:1789142313896913768", 0.5]
[OSC] INFO: recv  /audiofile/progress  args= ["clip:clip_1789142313_a7ece2ac:1789142313896913768", 0.5]
[OSC] INFO: recv  /audiofile/progress  args= ["clip:clip_1789142313_a7ece2ac:1789142313896913768", 0.5]
[OSC] INFO: recv  /audiofile/progress  args= ["clip:clip_1789142313_a7ece2ac:1789142313896913768", 0.5]
[OSC] INFO: recv  /audiofile/progress  args= ["clip:clip_1789142313_a7ece2ac:1789142313896913768", 0.5]
[OSC] INFO: recv  /audiofile/progress  args= ["clip:clip_1789142313_a7ece2ac:1789142313896913768", 0.5]
[OSC] INFO: recv  /audiofile/progress  args= ["clip:clip_1789142313_a7ece2ac:1789142313896913768", 0.5]
[OSC] INFO: recv  /audiofile/progress  args= ["clip:clip_1789142313_a7ece2ac:1789142313896913768", 0.5]
[OSC] INFO: recv  /audiofile/progress  args= ["clip:clip_1789142313_a7ece2ac:1789142313896913768", 0.5]
[OSC] INFO: recv  /audiofile/progress  args= ["clip:clip_1789142313_a7ece2ac:1789142313896913768", 0.5]
[OSC] INFO: recv  /audiofile/progress  args= ["clip:clip_1789142313_a7ece2ac:1789142313896913768", 0.5]
[OSC] INFO: recv  /audiofile/progress  args= ["clip:clip_1789142313_a7ece2ac:1789142313896913768", 0.5]
[OSC] INFO: recv  /audiofile/progress  args= ["clip:clip_1789142313_a7ece2ac:1789142313896913768", 0.5]
[OSC] INFO: recv  /audiofile/progress  args= ["clip:clip_1789142313_a7ece2ac:1789142313896913768", 0.5]
[OSC] INFO: recv  /audiofile/progress  args= ["clip:clip_1789142313_a7ece2ac:1789142313896913768", 0.5]
[OSC] INFO: recv  /audiofile/progress  args= ["clip:clip_1789142313_a7ece2ac:1789142313896913768", 0.5]
[OSC] INFO: recv  /audiofile/progress  args= ["clip:clip_1789142313_a7ece2ac:1789142313896913768", 0.5]
[OSC] INFO: recv  /audiofile/progress  args= ["clip:clip_1789142313_a7ece2ac:1789142313896913768", 0.5]
[OSC] INFO: recv  /audiofile/progress  args= ["clip:clip_1789142313_a7ece2ac:1789142313896913768", 0.5]
[OSC] INFO: recv  /audiofile/progress  args= ["clip:clip_1789142313_a7ece2ac:1789142313896913768", 0.5]
[OSC] INFO: recv  /audiofile/progress  args= ["clip:clip_1789142313_a7ece2ac:1789142313896913768", 0.5]
[OSC] INFO: recv  /audiofile/progress  args= ["clip:clip_1789142313_a7ece2ac:1789142313896913768", 0.5]
[OSC] INFO: recv  /audiofile/progress  args= ["clip:clip_1789142313_a7ece2ac:1789142313896913768", 0.5]
[OSC] INFO: recv  /audiofile/progress  args= ["clip:clip_1789142313_a7ece2ac:1789142313896913768", 0.5]
[OSC] INFO: recv  /audiofile/progress  args= ["clip:clip_1789142313_a7ece2ac:1789142313896913768", 0.5]
[OSC] INFO: recv  /audiofile/progress  args= ["clip:clip_1789142313_a7ece2ac:1789142313896913768", 0.5]
[OSC] INFO: recv  /audiofile/progress  args= ["clip:clip_1789142313_a7ece2ac:1789142313896913768", 0.5]
[OSC] INFO: recv  /audiofile/progress  args= ["clip:clip_1789142313_a7ece2ac:1789142313896913768", 0.5]
[OSC] INFO: recv  /audiofile/progress  args= ["clip:clip_1789142313_a7ece2ac:1789142313896913768", 0.5]
[OSC] INFO: recv  /audiofile/progress  args= ["clip:clip_1789142313_a7ece2ac:1789142313896913768", 0.5]
[OSC] INFO: recv  /audiofile/progress  args= ["clip:clip_1789142313_a7ece2ac:1789142313896913768", 0.5]
[OSC] INFO: recv  /audiofile/progress  args= ["clip:clip_1789142313_a7ece2ac:1789142313896913768", 0.5]
[OSC] INFO: recv  /audiofile/progress  args= ["clip:clip_1789142313_a7ece2ac:1789142313896913768", 0.5]
[OSC] INFO: recv  /audiofile/progress  args= ["clip:clip_1789142313_a7ece2ac:1789142313896913768", 0.5]
[OSC] INFO: recv  /audiofile/progress  args= ["clip:clip_1789142313_a7ece2ac:1789142313896913768", 0.5]
[OSC] INFO: recv  /audiofile/progress  args= ["clip:clip_1789142313_a7ece2ac:1789142313896913768", 0.5]
[OSC] INFO: recv  /audiofile/progress  args= ["clip:clip_1789142313_a7ece2ac:1789142313896913768", 0.5]
[OSC] INFO: recv  /audiofile/progress  args= ["clip:clip_1789142313_a7ece2ac:1789142313896913768", 0.5]
[OSC] INFO: recv  /audiofile/progress  args= ["clip:clip_1789142313_a7ece2ac:1789142313896913768", 0.5]
[OSC] INFO: recv  /audiofile/progress  args= ["clip:clip_1789142313_a7ece2ac:1789142313896913768", 0.5]
[OSC] INFO: recv  /audiofile/progress  args= ["clip:clip_1789142313_a7ece2ac:1789142313896913768", 0.5]
[OSC] INFO: recv  /audiofile/progress  args= ["clip:clip_1789142313_a7ece2ac:1789142313896913768", 0.5]
[OSC] INFO: recv  /audiofile/progress  args= ["clip:clip_1789142313_a7ece2ac:1789142313896913768", 0.5]
[OSC] INFO: recv  /audiofile/progress  args= ["clip:clip_1789142313_a7ece2ac:1789142313896913768", 0.5]
[OSC] INFO: recv  /audiofile/progress  args= ["clip:clip_1789142313_a7ece2ac:1789142313896913768", 0.5]
[OSC] INFO: recv  /audiofile/progress  args= ["clip:clip_1789142313_a7ece2ac:1789142313896913768", 0.5]
[OSC] INFO: recv  /audiofile/progress  args= ["clip:clip_1789142313_a7ece2ac:1789142313896913768", 0.5]
[OSC] INFO: recv  /audiofile/progress  args= ["clip:clip_1789142313_a7ece2ac:1789142313896913768", 0.5]
[OSC] INFO: recv  /audiofile/progress  args= ["clip:clip_1789142313_a7ece2ac:1789142313896913768", 0.5]
[OSC] INFO: recv  /audiofile/progress  args= ["clip:clip_1789142313_a7ece2ac:1789142313896913768", 0.5]
[OSC] INFO: recv  /audiofile/progress  args= ["clip:clip_1789142313_a7ece2ac:1789142313896913768", 0.5]
[OSC] INFO: recv  /audiofile/progress  args= ["clip:clip_1789142313_a7ece2ac:1789142313896913768", 0.5]
[OSC] INFO: recv  /audiofile/progress  args= ["clip:clip_1789142313_a7ece2ac:1789142313896913768", 0.5]
[OSC] INFO: recv  /audiofile/progress  args= ["clip:clip_1789142313_a7ece2ac:1789142313896913768", 0.5]
[OSC] INFO: recv  /audiofile/progress  args= ["clip:clip_1789142313_a7ece2ac:1789142313896913768", 0.5]
[OSC] INFO: recv  /audiofile/progress  args= ["clip:clip_1789142313_a7ece2ac:1789142313896913768", 0.5]
[OSC] INFO: recv  /audiofile/progress  args= ["clip:clip_1789142313_a7ece2ac:1789142313896913768", 0.5]
[OSC] INFO: recv  /audiofile/progress  args= ["clip:clip_1789142313_a7ece2ac:1789142313896913768", 0.5]
[OSC] INFO: recv  /audiofile/progress  args= ["clip:clip_1789142313_a7ece2ac:1789142313896913768", 0.5]
[OSC] INFO: recv  /audiofile/progress  args= ["clip:clip_1789142313_a7ece2ac:1789142313896913768", 0.5]
[OSC] INFO: recv  /audiofile/progress  args= ["clip:clip_1789142313_a7ece2ac:1789142313896913768", 0.5]
[OSC] INFO: recv  /audiofile/progress  args= ["clip:clip_1789142313_a7ece2ac:1789142313896913768", 0.5]
[OSC] INFO: recv  /audiofile/progress  args= ["clip:clip_1789142313_a7ece2ac:1789142313896913768", 0.5]
[OSC] INFO: recv  /audiofile/progress  args= ["clip:clip_1789142313_a7ece2ac:1789142313896913768", 0.5]
[OSC] INFO: recv  /audiofile/progress  args= ["clip:clip_1789142313_a7ece2ac:1789142313896913768", 0.5]
[OSC] INFO: recv  /audiofile/progress  args= ["clip:clip_1789142313_a7ece2ac:1789142313896913768", 0.5]
[OSC] INFO: recv  /audiofile/progress  args= ["clip:clip_1789142313_a7ece2ac:1789142313896913768", 0.5]
[OSC] INFO: recv  /audiofile/progress  args= ["clip:clip_1789142313_a7ece2ac:1789142313896913768", 0.5]
[OSC] INFO: recv  /audiofile/progress  args= ["clip:clip_1789142313_a7ece2ac:1789142313896913768", 0.5]
[OSC] INFO: recv  /audiofile/progress  args= ["clip:clip_1789142313_a7ece2ac:1789142313896913768", 0.5]
[OSC] INFO: recv  /audiofile/progress  args= ["clip:clip_1789142313_a7ece2ac:1789142313896913768", 0.5]
[OSC] INFO: recv  /audiofile/progress  args= ["clip:clip_1789142313_a7ece2ac:1789142313896913768", 0.5]
[OSC] INFO: recv  /audiofile/progress  args= ["clip:clip_1789142313_a7ece2ac:1789142313896913768", 0.5]
[OSC] INFO: recv  /audiofile/progress  args= ["clip:clip_1789142313_a7ece2ac:1789142313896913768", 0.5]
[OSC] INFO: recv  /audiofile/progress  args= ["clip:clip_1789142313_a7ece2ac:1789142313896913768", 0.5]
[OSC] INFO: recv  /audiofile/progress  args= ["clip:clip_1789142313_a7ece2ac:1789142313896913768", 0.5]
[OSC] INFO: recv  /audiofile/progress  args= ["clip:clip_1789142313_a7ece2ac:1789142313896913768", 0.5]
[OSC] INFO: recv  /audiofile/progress  args= ["clip:clip_1789142313_a7ece2ac:1789142313896913768", 0.5]
[OSC] INFO: recv  /audiofile/progress  args= ["clip:clip_1789142313_a7ece2ac:1789142313896913768", 0.5]
[OSC] INFO: recv  /audiofile/progress  args= ["clip:clip_1789142313_a7ece2ac:1789142313896913768", 0.5]
[OSC] INFO: recv  /audiofile/progress  args= ["clip:clip_1789142313_a7ece2ac:1789142313896913768", 0.5]
[OSC] INFO: recv  /audiofile/progress  args= ["clip:clip_1789142313_a7ece2ac:1789142313896913768", 0.5]
[OSC] INFO: recv  /audiofile/progress  args= ["clip:clip_1789142313_a7ece2ac:1789142313896913768", 0.5]
[OSC] INFO: recv  /audiofile/progress  args= ["clip:clip_1789142313_a7ece2ac:1789142313896913768", 0.5]
[OSC] INFO: recv  /audiofile/progress  args= ["clip:clip_1789142313_a7ece2ac:1789142313896913768", 0.5]
[OSC] INFO: recv  /audiofile/progress  args= ["clip:clip_1789142313_a7ece2ac:1789142313896913768", 0.5]
[OSC] INFO: recv  /audiofile/progress  args= ["clip:clip_1789142313_a7ece2ac:1789142313896913768", 0.5]
[OSC] INFO: recv  /audiofile/progress  args= ["clip:clip_1789142313_a7ece2ac:1789142313896913768", 0.5]
[OSC] INFO: recv  /audiofile/progress  args= ["clip:clip_1789142313_a7ece2ac:1789142313896913768", 0.5]
[OSC] INFO: recv  /audiofile/progress  args= ["clip:clip_1789142313_a7ece2ac:1789142313896913768", 0.5]
[OSC] INFO: recv  /audiofile/progress  args= ["clip:clip_1789142313_a7ece2ac:1789142313896913768", 0.5]
[OSC] INFO: recv  /audiofile/progress  args= ["clip:clip_1789142313_a7ece2ac:1789142313896913768", 0.5]
[OSC] INFO: recv  /audiofile/progress  args= ["clip:clip_1789142313_a7ece2ac:1789142313896913768", 0.5]
[OSC] INFO: recv  /audiofile/progress  args= ["clip:clip_1789142313_a7ece2ac:1789142313896913768", 0.5]
[OSC] INFO: recv  /audiofile/progress  args= ["clip:clip_1789142313_a7ece2ac:1789142313896913768", 0.5]
[OSC] INFO: recv  /audiofile/progress  args= ["clip:clip_1789142313_a7ece2ac:1789142313896913768", 0.5]
[OSC] INFO: recv  /audiofile/progress  args= ["clip:clip_1789142313_a7ece2ac:1789142313896913768", 0.5]
[OSC] INFO: recv  /audiofile/progress  args= ["clip:clip_1789142313_a7ece2ac:1789142313896913768", 0.5]
[OSC] INFO: recv  /audiofile/progress  args= ["clip:clip_1789142313_a7ece2ac:1789142313896913768", 0.5]
[OSC] INFO: recv  /audiofile/progress  args= ["clip:clip_1789142313_a7ece2ac:1789142313896913768", 0.5]
[OSC] INFO: recv  /audiofile/progress  args= ["clip:clip_1789142313_a7ece2ac:1789142313896913768", 0.5]
[OSC] INFO: recv  /audiofile/progress  args= ["clip:clip_1789142313_a7ece2ac:1789142313896913768", 0.5]
[OSC] INFO: recv  /audiofile/progress  args= ["clip:clip_1789142313_a7ece2ac:1789142313896913768", 0.5]
[OSC] INFO: recv  /audiofile/progress  args= ["clip:clip_1789142313_a7ece2ac:1789142313896913768", 0.5]
[OSC] INFO: recv  /audiofile/progress  args= ["clip:clip_1789142313_a7ece2ac:1789142313896913768", 0.5]
[OSC] INFO: recv  /audiofile/progress  args= ["clip:clip_1789142313_a7ece2ac:1789142313896913768", 0.5]
[OSC] INFO: recv  /audiofile/progress  args= ["clip:clip_1789142313_a7ece2ac:1789142313896913768", 0.5]
[OSC] INFO: recv  /audiofile/progress  args= ["clip:clip_1789142313_a7ece2ac:1789142313896913768", 0.5]
[OSC] INFO: recv  /audiofile/progress  args= ["clip:clip_1789142313_a7ece2ac:1789142313896913768", 0.5]
[OSC] INFO: recv  /audiofile/progress  args= ["clip:clip_1789142313_a7ece2ac:1789142313896913768", 0.5]
[OSC] INFO: recv  /audiofile/progress  args= ["clip:clip_1789142313_a7ece2ac:1789142313896913768", 0.5]
[OSC] INFO: recv  /audiofile/progress  args= ["clip:clip_1789142313_a7ece2ac:1789142313896913768", 0.5]
[OSC] INFO: recv  /audiofile/progress  args= ["clip:clip_1789142313_a7ece2ac:1789142313896913768", 0.5]
[OSC] INFO: recv  /audiofile/progress  args= ["clip:clip_1789142313_a7ece2ac:1789142313896913768", 0.5]
[OSC] INFO: recv  /audiofile/progress  args= ["clip:clip_1789142313_a7ece2ac:1789142313896913768", 0.5]
[OSC] INFO: recv  /audiofile/progress  args= ["clip:clip_1789142313_a7ece2ac:1789142313896913768", 0.5]
[OSC] INFO: recv  /audiofile/progress  args= ["clip:clip_1789142313_a7ece2ac:1789142313896913768", 0.5]
[OSC] INFO: recv  /audiofile/progress  args= ["clip:clip_1789142313_a7ece2ac:1789142313896913768", 0.5]
[OSC] INFO: recv  /audiofile/progress  args= ["clip:clip_1789142313_a7ece2ac:1789142313896913768", 0.5]
[OSC] INFO: recv  /audiofile/progress  args= ["clip:clip_1789142313_a7ece2ac:1789142313896913768", 0.5]
[OSC] INFO: recv  /audiofile/progress  args= ["clip:clip_1789142313_a7ece2ac:1789142313896913768", 0.5]
[OSC] INFO: recv  /audiofile/progress  args= ["clip:clip_1789142313_a7ece2ac:1789142313896913768", 0.5]
[OSC] INFO: recv  /audiofile/progress  args= ["clip:clip_1789142313_a7ece2ac:1789142313896913768", 0.5]
[OSC] INFO: recv  /audiofile/progress  args= ["clip:clip_1789142313_a7ece2ac:1789142313896913768", 0.5]
[OSC] INFO: recv  /audiofile/progress  args= ["clip:clip_1789142313_a7ece2ac:1789142313896913768", 0.5]
[OSC] INFO: recv  /audiofile/progress  args= ["clip:clip_1789142313_a7ece2ac:1789142313896913768", 0.5]
[OSC] INFO: recv  /audiofile/progress  args= ["clip:clip_1789142313_a7ece2ac:1789142313896913768", 0.5]
[OSC] INFO: recv  /audiofile/progress  args= ["clip:clip_1789142313_a7ece2ac:1789142313896913768", 0.5]
[OSC] INFO: recv  /audiofile/progress  args= ["clip:clip_1789142313_a7ece2ac:1789142313896913768", 0.5]
[OSC] INFO: recv  /audiofile/progress  args= ["clip:clip_1789142313_a7ece2ac:1789142313896913768", 0.5]
[OSC] INFO: recv  /audiofile/progress  args= ["clip:clip_1789142313_a7ece2ac:1789142313896913768", 0.5]
[OSC] INFO: recv  /audiofile/progress  args= ["clip:clip_1789142313_a7ece2ac:1789142313896913768", 0.5]
[OSC] INFO: recv  /audiofile/progress  args= ["clip:clip_1789142313_a7ece2ac:1789142313896913768", 0.5]
[OSC] INFO: recv  /audiofile/progress  args= ["clip:clip_1789142313_a7ece2ac:1789142313896913768", 0.5]
[OSC] INFO: recv  /audiofile/progress  args= ["clip:clip_1789142313_a7ece2ac:1789142313896913768", 0.5]
[OSC] INFO: recv  /audiofile/progress  args= ["clip:clip_1789142313_a7ece2ac:1789142313896913768", 0.5]
[OSC] INFO: recv  /audiofile/progress  args= ["clip:clip_1789142313_a7ece2ac:1789142313896913768", 0.5]
[OSC] INFO: recv  /audiofile/progress  args= ["clip:clip_1789142313_a7ece2ac:1789142313896913768", 0.5]
[OSC] INFO: recv  /audiofile/progress  args= ["clip:clip_1789142313_a7ece2ac:1789142313896913768", 0.5]
[OSC] INFO: recv  /audiofile/progress  args= ["clip:clip_1789142313_a7ece2ac:1789142313896913768", 0.5]
[OSC] INFO: recv  /audiofile/progress  args= ["clip:clip_1789142313_a7ece2ac:1789142313896913768", 0.5]
[OSC] INFO: recv  /audiofile/progress  args= ["clip:clip_1789142313_a7ece2ac:1789142313896913768", 0.5]
[OSC] INFO: recv  /audiofile/progress  args= ["clip:clip_1789142313_a7ece2ac:1789142313896913768", 0.5]
[OSC] INFO: recv  /audiofile/progress  args= ["clip:clip_1789142313_a7ece2ac:1789142313896913768", 0.5]
[OSC] INFO: recv  /audiofile/progress  args= ["clip:clip_1789142313_a7ece2ac:1789142313896913768", 0.5]
[OSC] INFO: recv  /audiofile/progress  args= ["clip:clip_1789142313_a7ece2ac:1789142313896913768", 0.5]
[OSC] INFO: recv  /audiofile/progress  args= ["clip:clip_1789142313_a7ece2ac:1789142313896913768", 0.5]
[OSC] INFO: recv  /audiofile/progress  args= ["clip:clip_1789142313_a7ece2ac:1789142313896913768", 0.5]
[OSC] INFO: recv  /audiofile/progress  args= ["clip:clip_1789142313_a7ece2ac:1789142313896913768", 0.5]
[OSC] INFO: recv  /audiofile/progress  args= ["clip:clip_1789142313_a7ece2ac:1789142313896913768", 0.5]
[OSC] INFO: recv  /audiofile/progress  args= ["clip:clip_1789142313_a7ece2ac:1789142313896913768", 0.5]
[OSC] INFO: recv  /audiofile/progress  args= ["clip:clip_1789142313_a7ece2ac:1789142313896913768", 0.5]
[OSC] INFO: recv  /audiofile/progress  args= ["clip:clip_1789142313_a7ece2ac:1789142313896913768", 0.5]
[OSC] INFO: recv  /audiofile/progress  args= ["clip:clip_1789142313_a7ece2ac:1789142313896913768", 0.5]
[OSC] INFO: recv  /audiofile/progress  args= ["clip:clip_1789142313_a7ece2ac:1789142313896913768", 0.5]
[OSC] INFO: recv  /audiofile/progress  args= ["clip:clip_1789142313_a7ece2ac:1789142313896913768", 0.5]
[OSC] INFO: recv  /audiofile/progress  args= ["clip:clip_1789142313_a7ece2ac:1789142313896913768", 0.5]
[OSC] INFO: recv  /audiofile/progress  args= ["clip:clip_1789142313_a7ece2ac:1789142313896913768", 0.5]
[OSC] INFO: recv  /audiofile/progress  args= ["clip:clip_1789142313_a7ece2ac:1789142313896913768", 0.5]
[OSC] INFO: recv  /audiofile/progress  args= ["clip:clip_1789142313_a7ece2ac:1789142313896913768", 0.5]
[OSC] INFO: recv  /audiofile/progress  args= ["clip:clip_1789142313_a7ece2ac:1789142313896913768", 0.5]
[OSC] INFO: recv  /audiofile/progress  args= ["clip:clip_1789142313_a7ece2ac:1789142313896913768", 0.5]
[OSC] INFO: recv  /audiofile/progress  args= ["clip:clip_1789142313_a7ece2ac:1789142313896913768", 0.5]
[OSC] INFO: recv  /audiofile/progress  args= ["clip:clip_1789142313_a7ece2ac:1789142313896913768", 0.5]
[OSC] INFO: recv  /audiofile/progress  args= ["clip:clip_1789142313_a7ece2ac:1789142313896913768", 0.5]
[OSC] INFO: recv  /audiofile/progress  args= ["clip:clip_1789142313_a7ece2ac:1789142313896913768", 0.5]
[OSC] INFO: recv  /audiofile/progress  args= ["clip:clip_1789142313_a7ece2ac:1789142313896913768", 0.5]
[OSC] INFO: recv  /audiofile/progress  args= ["clip:clip_1789142313_a7ece2ac:1789142313896913768", 0.5]
[OSC] INFO: recv  /audiofile/progress  args= ["clip:clip_1789142313_a7ece2ac:1789142313896913768", 0.5]
[OSC] INFO: recv  /audiofile/progress  args= ["clip:clip_1789142313_a7ece2ac:1789142313896913768", 0.5]
[OSC] INFO: recv  /audiofile/progress  args= ["clip:clip_1789142313_a7ece2ac:1789142313896913768", 0.5]
[OSC] INFO: recv  /audiofile/progress  args= ["clip:clip_1789142313_a7ece2ac:1789142313896913768", 0.5]
[OSC] INFO: recv  /audiofile/progress  args= ["clip:clip_1789142313_a7ece2ac:1789142313896913768", 0.5]
[OSC] INFO: recv  /audiofile/progress  args= ["clip:clip_1789142313_a7ece2ac:1789142313896913768", 0.5]
[OSC] INFO: recv  /audiofile/progress  args= ["clip:clip_1789142313_a7ece2ac:1789142313896913768", 0.5]
[OSC] INFO: recv  /audiofile/progress  args= ["clip:clip_1789142313_a7ece2ac:1789142313896913768", 0.5]
[OSC] INFO: recv  /audiofile/progress  args= ["clip:clip_1789142313_a7ece2ac:1789142313896913768", 0.5]
[OSC] INFO: recv  /audiofile/progress  args= ["clip:clip_1789142313_a7ece2ac:1789142313896913768", 0.5]
[OSC] INFO: recv  /audiofile/progress  args= ["clip:clip_1789142313_a7ece2ac:1789142313896913768", 0.5]
[OSC] INFO: recv  /audiofile/progress  args= ["clip:clip_1789142313_a7ece2ac:1789142313896913768", 0.5]
[OSC] INFO: recv  /audiofile/progress  args= ["clip:clip_1789142313_a7ece2ac:1789142313896913768", 0.5]
[OSC] INFO: recv  /audiofile/progress  args= ["clip:clip_1789142313_a7ece2ac:1789142313896913768", 0.5]
[OSC] INFO: recv  /audiofile/progress  args= ["clip:clip_1789142313_a7ece2ac:1789142313896913768", 0.5]
[OSC] INFO: recv  /audiofile/progress  args= ["clip:clip_1789142313_a7ece2ac:1789142313896913768", 0.5]
[OSC] INFO: recv  /audiofile/progress  args= ["clip:clip_1789142313_a7ece2ac:1789142313896913768", 0.5]
[OSC] INFO: recv  /audiofile/progress  args= ["clip:clip_1789142313_a7ece2ac:1789142313896913768", 0.5]
[OSC] INFO: recv  /audiofile/progress  args= ["clip:clip_1789142313_a7ece2ac:1789142313896913768", 0.5]
[OSC] INFO: recv  /audiofile/progress  args= ["clip:clip_1789142313_a7ece2ac:1789142313896913768", 0.5]
[OSC] INFO: recv  /audiofile/progress  args= ["clip:clip_1789142313_a7ece2ac:1789142313896913768", 0.5]
[OSC] INFO: recv  /audiofile/progress  args= ["clip:clip_1789142313_a7ece2ac:1789142313896913768", 0.5]
[OSC] INFO: recv  /audiofile/progress  args= ["clip:clip_1789142313_a7ece2ac:1789142313896913768", 0.5]
[OSC] INFO: recv  /audiofile/progress  args= ["clip:clip_1789142313_a7ece2ac:1789142313896913768", 0.5]
[OSC] INFO: recv  /audiofile/progress  args= ["clip:clip_1789142313_a7ece2ac:1789142313896913768", 0.5]
[OSC] INFO: recv  /audiofile/progress  args= ["clip:clip_1789142313_a7ece2ac:1789142313896913768", 0.5]
[OSC] INFO: recv  /audiofile/progress  args= ["clip:clip_1789142313_a7ece2ac:1789142313896913768", 0.5]
[OSC] INFO: recv  /audiofile/progress  args= ["clip:clip_1789142313_a7ece2ac:1789142313896913768", 0.5]
[OSC] INFO: recv  /audiofile/progress  args= ["clip:clip_1789142313_a7ece2ac:1789142313896913768", 0.5]
[OSC] INFO: recv  /audiofile/progress  args= ["clip:clip_1789142313_a7ece2ac:1789142313896913768", 0.5]
[OSC] INFO: recv  /audiofile/progress  args= ["clip:clip_1789142313_a7ece2ac:1789142313896913768", 0.5]
[OSC] INFO: recv  /audiofile/progress  args= ["clip:clip_1789142313_a7ece2ac:1789142313896913768", 0.5]
[OSC] INFO: recv  /audiofile/progress  args= ["clip:clip_1789142313_a7ece2ac:1789142313896913768", 0.5]
[OSC] INFO: recv  /audiofile/progress  args= ["clip:clip_1789142313_a7ece2ac:1789142313896913768", 0.5]
[OSC] INFO: recv  /audiofile/progress  args= ["clip:clip_1789142313_a7ece2ac:1789142313896913768", 0.5]
[OSC] INFO: recv  /audiofile/progress  args= ["clip:clip_1789142313_a7ece2ac:1789142313896913768", 0.5]
[OSC] INFO: recv  /audiofile/progress  args= ["clip:clip_1789142313_a7ece2ac:1789142313896913768", 0.5]
[OSC] INFO: recv  /audiofile/progress  args= ["clip:clip_1789142313_a7ece2ac:1789142313896913768", 0.5]
[OSC] INFO: recv  /audiofile/progress  args= ["clip:clip_1789142313_a7ece2ac:1789142313896913768", 0.5]
[OSC] INFO: recv  /audiofile/progress  args= ["clip:clip_1789142313_a7ece2ac:1789142313896913768", 0.5]
[OSC] INFO: recv  /audiofile/progress  args= ["clip:clip_1789142313_a7ece2ac:1789142313896913768", 0.5]
[OSC] INFO: recv  /audiofile/progress  args= ["clip:clip_1789142313_a7ece2ac:1789142313896913768", 0.5]
[OSC] INFO: recv  /audiofile/progress  args= ["clip:clip_1789142313_a7ece2ac:1789142313896913768", 0.5]
[OSC] INFO: recv  /audiofile/progress  args= ["clip:clip_1789142313_a7ece2ac:1789142313896913768", 0.5]
[OSC] INFO: recv  /audiofile/progress  args= ["clip:clip_1789142313_a7ece2ac:1789142313896913768", 0.5]
[OSC] INFO: recv  /audiofile/progress  args= ["clip:clip_1789142313_a7ece2ac:1789142313896913768", 0.5]
[OSC] INFO: recv  /audiofile/progress  args= ["clip:clip_1789142313_a7ece2ac:1789142313896913768", 0.5]
[OSC] INFO: recv  /audiofile/progress  args= ["clip:clip_1789142313_a7ece2ac:1789142313896913768", 0.5]
[OSC] INFO: recv  /audiofile/progress  args= ["clip:clip_1789142313_a7ece2ac:1789142313896913768", 0.5]
[OSC] INFO: recv  /audiofile/progress  args= ["clip:clip_1789142313_a7ece2ac:1789142313896913768", 0.5]
[OSC] INFO: recv  /audiofile/progress  args= ["clip:clip_1789142313_a7ece2ac:1789142313896913768", 0.5]
[OSC] INFO: recv  /audiofile/progress  args= ["clip:clip_1789142313_a7ece2ac:1789142313896913768", 0.5]
[OSC] INFO: recv  /audiofile/progress  args= ["clip:clip_1789142313_a7ece2ac:1789142313896913768", 0.5]
[OSC] INFO: recv  /audiofile/progress  args= ["clip:clip_1789142313_a7ece2ac:1789142313896913768", 0.5]
[OSC] INFO: recv  /audiofile/progress  args= ["clip:clip_1789142313_a7ece2ac:1789142313896913768", 0.5]
[OSC] INFO: recv  /audiofile/progress  args= ["clip:clip_1789142313_a7ece2ac:1789142313896913768", 0.5]
[OSC] INFO: recv  /audiofile/progress  args= ["clip:clip_1789142313_a7ece2ac:1789142313896913768", 0.5]
[OSC] INFO: recv  /audiofile/progress  args= ["clip:clip_1789142313_a7ece2ac:1789142313896913768", 0.5]
[OSC] INFO: recv  /audiofile/progress  args= ["clip:clip_1789142313_a7ece2ac:1789142313896913768", 0.5]
[OSC] INFO: recv  /audiofile/progress  args= ["clip:clip_1789142313_a7ece2ac:1789142313896913768", 0.5]
[OSC] INFO: recv  /audiofile/progress  args= ["clip:clip_1789142313_a7ece2ac:1789142313896913768", 0.5]
[OSC] INFO: recv  /audiofile/progress  args= ["clip:clip_1789142313_a7ece2ac:1789142313896913768", 0.5]
[OSC] INFO: recv  /audiofile/progress  args= ["clip:clip_1789142313_a7ece2ac:1789142313896913768", 0.5]
[OSC] INFO: recv  /audiofile/progress  args= ["clip:clip_1789142313_a7ece2ac:1789142313896913768", 0.5]
[OSC] INFO: recv  /audiofile/progress  args= ["clip:clip_1789142313_a7ece2ac:1789142313896913768", 0.5]
[OSC] INFO: recv  /audiofile/progress  args= ["clip:clip_1789142313_a7ece2ac:1789142313896913768", 0.5]
[OSC] INFO: recv  /audiofile/progress  args= ["clip:clip_1789142313_a7ece2ac:1789142313896913768", 0.5]
[OSC] INFO: recv  /audiofile/progress  args= ["clip:clip_1789142313_a7ece2ac:1789142313896913768", 0.5]
[OSC] INFO: recv  /audiofile/progress  args= ["clip:clip_1789142313_a7ece2ac:1789142313896913768", 0.5]
[OSC] INFO: recv  /audiofile/progress  args= ["clip:clip_1789142313_a7ece2ac:1789142313896913768", 0.5]
[OSC] INFO: recv  /audiofile/progress  args= ["clip:clip_1789142313_a7ece2ac:1789142313896913768", 0.5]
[OSC] INFO: recv  /audiofile/progress  args= ["clip:clip_1789142313_a7ece2ac:1789142313896913768", 0.5]
[OSC] INFO: recv  /audiofile/progress  args= ["clip:clip_1789142313_a7ece2ac:1789142313896913768", 0.5]
[OSC] INFO: recv  /audiofile/progress  args= ["clip:clip_1789142313_a7ece2ac:1789142313896913768", 0.5]
[OSC] INFO: recv  /audiofile/progress  args= ["clip:clip_1789142313_a7ece2ac:1789142313896913768", 0.5]
[OSC] INFO: recv  /audiofile/progress  args= ["clip:clip_1789142313_a7ece2ac:1789142313896913768", 0.5]
[OSC] INFO: recv  /audiofile/progress  args= ["clip:clip_1789142313_a7ece2ac:1789142313896913768", 0.5]
[OSC] INFO: recv  /audiofile/progress  args= ["clip:clip_1789142313_a7ece2ac:1789142313896913768", 0.5]
[OSC] INFO: recv  /audiofile/progress  args= ["clip:clip_1789142313_a7ece2ac:1789142313896913768", 0.5]
[OSC] INFO: recv  /audiofile/progress  args= ["clip:clip_1789142313_a7ece2ac:1789142313896913768", 0.5]
[OSC] INFO: recv  /audiofile/progress  args= ["clip:clip_1789142313_a7ece2ac:1789142313896913768", 0.5]
[OSC] INFO: recv  /audiofile/progress  args= ["clip:clip_1789142313_a7ece2ac:1789142313896913768", 0.5]
[OSC] INFO: recv  /audiofile/progress  args= ["clip:clip_1789142313_a7ece2ac:1789142313896913768", 0.5]
[OSC] INFO: recv  /audiofile/progress  args= ["clip:clip_1789142313_a7ece2ac:1789142313896913768", 0.5]
[OSC] INFO: recv  /audiofile/progress  args= ["clip:clip_1789142313_a7ece2ac:1789142313896913768", 0.5]
[OSC] INFO: recv  /audiofile/progress  args= ["clip:clip_1789142313_a7ece2ac:1789142313896913768", 0.5]
[OSC] INFO: recv  /audiofile/progress  args= ["clip:clip_1789142313_a7ece2ac:1789142313896913768", 0.5]
[OSC] INFO: recv  /audiofile/progress  args= ["clip:clip_1789142313_a7ece2ac:1789142313896913768", 0.5]
[OSC] INFO: recv  /audiofile/progress  args= ["clip:clip_1789142313_a7ece2ac:1789142313896913768", 0.5]
[OSC] INFO: recv  /audiofile/progress  args= ["clip:clip_1789142313_a7ece2ac:1789142313896913768", 0.5]
[OSC] INFO: recv  /audiofile/progress  args= ["clip:clip_1789142313_a7ece2ac:1789142313896913768", 0.5]
[OSC] INFO: recv  /audiofile/progress  args= ["clip:clip_1789142313_a7ece2ac:1789142313896913768", 0.5]
[OSC] INFO: recv  /audiofile/progress  args= ["clip:clip_1789142313_a7ece2ac:1789142313896913768", 0.5]
[OSC] INFO: recv  /audiofile/progress  args= ["clip:clip_1789142313_a7ece2ac:1789142313896913768", 0.5]
[OSC] INFO: recv  /audiofile/progress  args= ["clip:clip_1789142313_a7ece2ac:1789142313896913768", 0.5]
[OSC] INFO: recv  /audiofile/progress  args= ["clip:clip_1789142313_a7ece2ac:1789142313896913768", 0.5]
[OSC] INFO: recv  /audiofile/progress  args= ["clip:clip_1789142313_a7ece2ac:1789142313896913768", 0.5]
[OSC] INFO: recv  /audiofile/progress  args= ["clip:clip_1789142313_a7ece2ac:1789142313896913768", 0.5]
[OSC] INFO: recv  /audiofile/progress  args= ["clip:clip_1789142313_a7ece2ac:1789142313896913768", 0.5]
[OSC] INFO: recv  /audiofile/progress  args= ["clip:clip_1789142313_a7ece2ac:1789142313896913768", 0.5]
[OSC] INFO: recv  /audiofile/progress  args= ["clip:clip_1789142313_a7ece2ac:1789142313896913768", 0.5]
[OSC] INFO: recv  /audiofile/progress  args= ["clip:clip_1789142313_a7ece2ac:1789142313896913768", 0.5]
[OSC] INFO: recv  /audiofile/progress  args= ["clip:clip_1789142313_a7ece2ac:1789142313896913768", 0.5]
[OSC] INFO: recv  /audiofile/progress  args= ["clip:clip_1789142313_a7ece2ac:1789142313896913768", 0.5]
[OSC] INFO: recv  /audiofile/progress  args= ["clip:clip_1789142313_a7ece2ac:1789142313896913768", 0.5]
[OSC] INFO: recv  /audiofile/progress  args= ["clip:clip_1789142313_a7ece2ac:1789142313896913768", 0.5]
[OSC] INFO: recv  /audiofile/progress  args= ["clip:clip_1789142313_a7ece2ac:1789142313896913768", 0.5]
[OSC] INFO: recv  /audiofile/progress  args= ["clip:clip_1789142313_a7ece2ac:1789142313896913768", 0.5]
[OSC] INFO: recv  /audiofile/progress  args= ["clip:clip_1789142313_a7ece2ac:1789142313896913768", 0.5]
[OSC] INFO: recv  /audiofile/progress  args= ["clip:clip_1789142313_a7ece2ac:1789142313896913768", 0.5]
[OSC] INFO: recv  /audiofile/progress  args= ["clip:clip_1789142313_a7ece2ac:1789142313896913768", 0.5]
[OSC] INFO: recv  /audiofile/progress  args= ["clip:clip_1789142313_a7ece2ac:1789142313896913768", 0.5]
[OSC] INFO: recv  /audiofile/progress  args= ["clip:clip_1789142313_a7ece2ac:1789142313896913768", 0.5]
[OSC] INFO: recv  /audiofile/progress  args= ["clip:clip_1789142313_a7ece2ac:1789142313896913768", 0.5]
[OSC] INFO: recv  /audiofile/progress  args= ["clip:clip_1789142313_a7ece2ac:1789142313896913768", 0.5]
[OSC] INFO: recv  /audiofile/progress  args= ["clip:clip_1789142313_a7ece2ac:1789142313896913768", 0.5]
[OSC] INFO: recv  /audiofile/progress  args= ["clip:clip_1789142313_a7ece2ac:1789142313896913768", 0.5]
[OSC] INFO: recv  /audiofile/progress  args= ["clip:clip_1789142313_a7ece2ac:1789142313896913768", 0.5]
[OSC] INFO: recv  /audiofile/progress  args= ["clip:clip_1789142313_a7ece2ac:1789142313896913768", 0.5]
[OSC] INFO: recv  /audiofile/progress  args= ["clip:clip_1789142313_a7ece2ac:1789142313896913768", 0.5]
[OSC] INFO: recv  /audiofile/progress  args= ["clip:clip_1789142313_a7ece2ac:1789142313896913768", 0.5]
[OSC] INFO: recv  /audiofile/progress  args= ["clip:clip_1789142313_a7ece2ac:1789142313896913768", 0.5]
[OSC] INFO: recv  /audiofile/progress  args= ["clip:clip_1789142313_a7ece2ac:1789142313896913768", 0.5]
[OSC] INFO: recv  /audiofile/progress  args= ["clip:clip_1789142313_a7ece2ac:1789142313896913768", 0.5]
[OSC] INFO: recv  /audiofile/progress  args= ["clip:clip_1789142313_a7ece2ac:1789142313896913768", 0.5]
[OSC] INFO: recv  /audiofile/progress  args= ["clip:clip_1789142313_a7ece2ac:1789142313896913768", 0.5]
[OSC] INFO: recv  /audiofile/progress  args= ["clip:clip_1789142313_a7ece2ac:1789142313896913768", 0.5]
[OSC] INFO: recv  /audiofile/progress  args= ["clip:clip_1789142313_a7ece2ac:1789142313896913768", 0.5]
[OSC] INFO: recv  /audiofile/progress  args= ["clip:clip_1789142313_a7ece2ac:1789142313896913768", 0.5]
[OSC] INFO: recv  /audiofile/progress  args= ["clip:clip_1789142313_a7ece2ac:1789142313896913768", 0.5]
[OSC] INFO: recv  /audiofile/progress  args= ["clip:clip_1789142313_a7ece2ac:1789142313896913768", 0.5]
[OSC] INFO: recv  /audiofile/progress  args= ["clip:clip_1789142313_a7ece2ac:1789142313896913768", 0.5]
[OSC] INFO: recv  /audiofile/progress  args= ["clip:clip_1789142313_a7ece2ac:1789142313896913768", 0.5]
[OSC] INFO: recv  /audiofile/progress  args= ["clip:clip_1789142313_a7ece2ac:1789142313896913768", 0.5]
[OSC] INFO: recv  /audiofile/progress  args= ["clip:clip_1789142313_a7ece2ac:1789142313896913768", 0.5]
[OSC] INFO: recv  /audiofile/progress  args= ["clip:clip_1789142313_a7ece2ac:1789142313896913768", 0.5]
[OSC] INFO: recv  /audiofile/progress  args= ["clip:clip_1789142313_a7ece2ac:1789142313896913768", 0.5]
[OSC] INFO: recv  /audiofile/progress  args= ["clip:clip_1789142313_a7ece2ac:1789142313896913768", 0.5]
[OSC] INFO: recv  /audiofile/progress  args= ["clip:clip_1789142313_a7ece2ac:1789142313896913768", 0.5]
[OSC] INFO: recv  /audiofile/progress  args= ["clip:clip_1789142313_a7ece2ac:1789142313896913768", 0.5]
[OSC] INFO: recv  /audiofile/progress  args= ["clip:clip_1789142313_a7ece2ac:1789142313896913768", 0.5]
[OSC] INFO: recv  /audiofile/progress  args= ["clip:clip_1789142313_a7ece2ac:1789142313896913768", 0.5]
[OSC] INFO: recv  /audiofile/progress  args= ["clip:clip_1789142313_a7ece2ac:1789142313896913768", 0.5]
[OSC] INFO: recv  /audiofile/progress  args= ["clip:clip_1789142313_a7ece2ac:1789142313896913768", 0.5]
[OSC] INFO: recv  /audiofile/progress  args= ["clip:clip_1789142313_a7ece2ac:1789142313896913768", 0.5]
[OSC] INFO: recv  /audiofile/progress  args= ["clip:clip_1789142313_a7ece2ac:1789142313896913768", 0.5]
[OSC] INFO: recv  /audiofile/progress  args= ["clip:clip_1789142313_a7ece2ac:1789142313896913768", 0.5]
[OSC] INFO: recv  /audiofile/progress  args= ["clip:clip_1789142313_a7ece2ac:1789142313896913768", 0.5]
[OSC] INFO: recv  /audiofile/progress  args= ["clip:clip_1789142313_a7ece2ac:1789142313896913768", 0.5]
[OSC] INFO: recv  /audiofile/progress  args= ["clip:clip_1789142313_a7ece2ac:1789142313896913768", 0.5]
[OSC] INFO: recv  /audiofile/progress  args= ["clip:clip_1789142313_a7ece2ac:1789142313896913768", 0.5]
[OSC] INFO: recv  /audiofile/progress  args= ["clip:clip_1789142313_a7ece2ac:1789142313896913768", 0.5]
[OSC] INFO: recv  /audiofile/progress  args= ["clip:clip_1789142313_a7ece2ac:1789142313896913768", 0.5]
[OSC] INFO: recv  /audiofile/progress  args= ["clip:clip_1789142313_a7ece2ac:1789142313896913768", 0.5]
[OSC] INFO: recv  /audiofile/progress  args= ["clip:clip_1789142313_a7ece2ac:1789142313896913768", 0.5]
[OSC] INFO: recv  /audiofile/progress  args= ["clip:clip_1789142313_a7ece2ac:1789142313896913768", 0.5]
[OSC] INFO: recv  /audiofile/progress  args= ["clip:clip_1789142313_a7ece2ac:1789142313896913768", 0.5]
[OSC] INFO: recv  /audiofile/progress  args= ["clip:clip_1789142313_a7ece2ac:1789142313896913768", 0.5]
[OSC] INFO: recv  /audiofile/progress  args= ["clip:clip_1789142313_a7ece2ac:1789142313896913768", 0.5]
[OSC] INFO: recv  /audiofile/progress  args= ["clip:clip_1789142313_a7ece2ac:1789142313896913768", 0.5]
[OSC] INFO: recv  /audiofile/progress  args= ["clip:clip_1789142313_a7ece2ac:1789142313896913768", 0.5]
[OSC] INFO: recv  /audiofile/progress  args= ["clip:clip_1789142313_a7ece2ac:1789142313896913768", 0.5]
[OSC] INFO: recv  /audiofile/progress  args= ["clip:clip_1789142313_a7ece2ac:1789142313896913768", 0.5]
[OSC] INFO: recv  /audiofile/progress  args= ["clip:clip_1789142313_a7ece2ac:1789142313896913768", 0.5]
[OSC] INFO: recv  /audiofile/progress  args= ["clip:clip_1789142313_a7ece2ac:1789142313896913768", 0.5]
[OSC] INFO: recv  /audiofile/progress  args= ["clip:clip_1789142313_a7ece2ac:1789142313896913768", 0.5]
[OSC] INFO: recv  /audiofile/progress  args= ["clip:clip_1789142313_a7ece2ac:1789142313896913768", 0.5]
[OSC] INFO: recv  /audiofile/progress  args= ["clip:clip_1789142313_a7ece2ac:1789142313896913768", 0.5]
[OSC] INFO: recv  /audiofile/progress  args= ["clip:clip_1789142313_a7ece2ac:1789142313896913768", 0.5]
[OSC] INFO: recv  /audiofile/progress  args= ["clip:clip_1789142313_a7ece2ac:1789142313896913768", 0.5]
[OSC] INFO: recv  /audiofile/progress  args= ["clip:clip_1789142313_a7ece2ac:1789142313896913768", 0.5]
[OSC] INFO: recv  /audiofile/progress  args= ["clip:clip_1789142313_a7ece2ac:1789142313896913768", 0.5]
[OSC] INFO: recv  /audiofile/progress  args= ["clip:clip_1789142313_a7ece2ac:1789142313896913768", 0.5]
[OSC] INFO: recv  /audiofile/progress  args= ["clip:clip_1789142313_a7ece2ac:1789142313896913768", 0.5]
[OSC] INFO: recv  /audiofile/progress  args= ["clip:clip_1789142313_a7ece2ac:1789142313896913768", 0.5]
[OSC] INFO: recv  /audiofile/progress  args= ["clip:clip_1789142313_a7ece2ac:1789142313896913768", 0.5]
[OSC] INFO: recv  /audiofile/progress  args= ["clip:clip_1789142313_a7ece2ac:1789142313896913768", 0.5]
[OSC] INFO: recv  /audiofile/progress  args= ["clip:clip_1789142313_a7ece2ac:1789142313896913768", 0.5]
[OSC] INFO: recv  /audiofile/progress  args= ["clip:clip_1789142313_a7ece2ac:1789142313896913768", 0.5]
[OSC] INFO: recv  /audiofile/progress  args= ["clip:clip_1789142313_a7ece2ac:1789142313896913768", 0.5]
[OSC] INFO: recv  /audiofile/progress  args= ["clip:clip_1789142313_a7ece2ac:1789142313896913768", 0.5]
[OSC] INFO: recv  /audiofile/progress  args= ["clip:clip_1789142313_a7ece2ac:1789142313896913768", 0.5]
[OSC] INFO: recv  /audiofile/progress  args= ["clip:clip_1789142313_a7ece2ac:1789142313896913768", 0.5]
[OSC] INFO: recv  /audiofile/progress  args= ["clip:clip_1789142313_a7ece2ac:1789142313896913768", 0.5]
[OSC] INFO: recv  /audiofile/progress  args= ["clip:clip_1789142313_a7ece2ac:1789142313896913768", 0.5]
[OSC] INFO: recv  /audiofile/progress  args= ["clip:clip_1789142313_a7ece2ac:1789142313896913768", 0.5]
[OSC] INFO: recv  /audiofile/progress  args= ["clip:clip_1789142313_a7ece2ac:1789142313896913768", 0.5]
[OSC] INFO: recv  /audiofile/progress  args= ["clip:clip_1789142313_a7ece2ac:1789142313896913768", 0.5]
[OSC] INFO: recv  /audiofile/progress  args= ["clip:clip_1789142313_a7ece2ac:1789142313896913768", 0.5]
[OSC] INFO: recv  /audiofile/progress  args= ["clip:clip_1789142313_a7ece2ac:1789142313896913768", 0.5]
[OSC] INFO: recv  /audiofile/progress  args= ["clip:clip_1789142313_a7ece2ac:1789142313896913768", 0.5]
[OSC] INFO: recv  /audiofile/progress  args= ["clip:clip_1789142313_a7ece2ac:1789142313896913768", 0.5]
[OSC] INFO: recv  /audiofile/progress  args= ["clip:clip_1789142313_a7ece2ac:1789142313896913768", 0.5]
[OSC] INFO: recv  /audiofile/progress  args= ["clip:clip_1789142313_a7ece2ac:1789142313896913768", 0.5]
[OSC] INFO: recv  /audiofile/progress  args= ["clip:clip_1789142313_a7ece2ac:1789142313896913768", 0.5]
[OSC] INFO: recv  /audiofile/progress  args= ["clip:clip_1789142313_a7ece2ac:1789142313896913768", 0.5]
[OSC] INFO: recv  /audiofile/progress  args= ["clip:clip_1789142313_a7ece2ac:1789142313896913768", 0.5]
[OSC] INFO: recv  /audiofile/progress  args= ["clip:clip_1789142313_a7ece2ac:1789142313896913768", 0.5]
[OSC] INFO: recv  /audiofile/progress  args= ["clip:clip_1789142313_a7ece2ac:1789142313896913768", 0.5]
[OSC] INFO: recv  /audiofile/progress  args= ["clip:clip_1789142313_a7ece2ac:1789142313896913768", 0.5]
[OSC] INFO: recv  /audiofile/progress  args= ["clip:clip_1789142313_a7ece2ac:1789142313896913768", 0.5]
[OSC] INFO: recv  /audiofile/progress  args= ["clip:clip_1789142313_a7ece2ac:1789142313896913768", 0.5]
[OSC] INFO: recv  /audiofile/progress  args= ["clip:clip_1789142313_a7ece2ac:1789142313896913768", 0.5]
[OSC] INFO: recv  /audiofile/progress  args= ["clip:clip_1789142313_a7ece2ac:1789142313896913768", 0.5]
[OSC] INFO: recv  /audiofile/progress  args= ["clip:clip_1789142313_a7ece2ac:1789142313896913768", 0.5]
[OSC] INFO: recv  /audiofile/progress  args= ["clip:clip_1789142313_a7ece2ac:1789142313896913768", 0.5]
[OSC] INFO: recv  /audiofile/progress  args= ["clip:clip_1789142313_a7ece2ac:1789142313896913768", 0.5]
[OSC] INFO: recv  /audiofile/progress  args= ["clip:clip_1789142313_a7ece2ac:1789142313896913768", 0.5]
[OSC] INFO: recv  /audiofile/progress  args= ["clip:clip_1789142313_a7ece2ac:1789142313896913768", 0.5]
[OSC] INFO: recv  /audiofile/progress  args= ["clip:clip_1789142313_a7ece2ac:1789142313896913768", 0.5]
[OSC] INFO: recv  /audiofile/progress  args= ["clip:clip_1789142313_a7ece2ac:1789142313896913768", 0.5]
[OSC] INFO: recv  /audiofile/progress  args= ["clip:clip_1789142313_a7ece2ac:1789142313896913768", 0.5]
[OSC] INFO: recv  /audiofile/progress  args= ["clip:clip_1789142313_a7ece2ac:1789142313896913768", 0.5]
[OSC] INFO: recv  /audiofile/progress  args= ["clip:clip_1789142313_a7ece2ac:1789142313896913768", 0.5]
[OSC] INFO: recv  /audiofile/progress  args= ["clip:clip_1789142313_a7ece2ac:1789142313896913768", 0.5]
[OSC] INFO: recv  /audiofile/progress  args= ["clip:clip_1789142313_a7ece2ac:1789142313896913768", 0.5]
[OSC] INFO: recv  /audiofile/progress  args= ["clip:clip_1789142313_a7ece2ac:1789142313896913768", 0.5]
[OSC] INFO: recv  /audiofile/progress  args= ["clip:clip_1789142313_a7ece2ac:1789142313896913768", 0.5]
[OSC] INFO: recv  /audiofile/progress  args= ["clip:clip_1789142313_a7ece2ac:1789142313896913768", 0.5]
[OSC] INFO: recv  /audiofile/progress  args= ["clip:clip_1789142313_a7ece2ac:1789142313896913768", 0.5]
[OSC] INFO: recv  /audiofile/progress  args= ["clip:clip_1789142313_a7ece2ac:1789142313896913768", 0.5]
[OSC] INFO: recv  /audiofile/progress  args= ["clip:clip_1789142313_a7ece2ac:1789142313896913768", 0.5]
[OSC] INFO: recv  /audiofile/progress  args= ["clip:clip_1789142313_a7ece2ac:1789142313896913768", 0.5]
[OSC] INFO: recv  /audiofile/progress  args= ["clip:clip_1789142313_a7ece2ac:1789142313896913768", 0.5]
[OSC] INFO: recv  /audiofile/progress  args= ["clip:clip_1789142313_a7ece2ac:1789142313896913768", 0.5]
[OSC] INFO: recv  /audiofile/progress  args= ["clip:clip_1789142313_a7ece2ac:1789142313896913768", 0.5]
[OSC] INFO: recv  /audiofile/progress  args= ["clip:clip_1789142313_a7ece2ac:1789142313896913768", 0.5]
[OSC] INFO: recv  /audiofile/progress  args= ["clip:clip_1789142313_a7ece2ac:1789142313896913768", 0.5]
[OSC] INFO: recv  /audiofile/progress  args= ["clip:clip_1789142313_a7ece2ac:1789142313896913768", 0.5]
[OSC] INFO: recv  /audiofile/progress  args= ["clip:clip_1789142313_a7ece2ac:1789142313896913768", 0.5]
[OSC] INFO: recv  /audiofile/progress  args= ["clip:clip_1789142313_a7ece2ac:1789142313896913768", 0.5]
[OSC] INFO: recv  /audiofile/progress  args= ["clip:clip_1789142313_a7ece2ac:1789142313896913768", 0.5]
[OSC] INFO: recv  /audiofile/progress  args= ["clip:clip_1789142313_a7ece2ac:1789142313896913768", 0.5]
[OSC] INFO: recv  /audiofile/progress  args= ["clip:clip_1789142313_a7ece2ac:1789142313896913768", 0.5]
[OSC] INFO: recv  /audiofile/progress  args= ["clip:clip_1789142313_a7ece2ac:1789142313896913768", 0.5]
[OSC] INFO: recv  /audiofile/progress  args= ["clip:clip_1789142313_a7ece2ac:1789142313896913768", 0.5]
[OSC] INFO: recv  /audiofile/progress  args= ["clip:clip_1789142313_a7ece2ac:1789142313896913768", 0.5]
[OSC] INFO: recv  /audiofile/progress  args= ["clip:clip_1789142313_a7ece2ac:1789142313896913768", 0.5]
[OSC] INFO: recv  /audiofile/progress  args= ["clip:clip_1789142313_a7ece2ac:1789142313896913768", 0.5]
[OSC] INFO: recv  /audiofile/progress  args= ["clip:clip_1789142313_a7ece2ac:1789142313896913768", 0.5]
[OSC] INFO: recv  /audiofile/progress  args= ["clip:clip_1789142313_a7ece2ac:1789142313896913768", 0.5]
[OSC] INFO: recv  /audiofile/progress  args= ["clip:clip_1789142313_a7ece2ac:1789142313896913768", 0.5]
[OSC] INFO: recv  /audiofile/progress  args= ["clip:clip_1789142313_a7ece2ac:1789142313896913768", 0.5]
[OSC] INFO: recv  /audiofile/progress  args= ["clip:clip_1789142313_a7ece2ac:1789142313896913768", 0.5]
[OSC] INFO: recv  /audiofile/progress  args= ["clip:clip_1789142313_a7ece2ac:1789142313896913768", 0.5]
[OSC] INFO: recv  /audiofile/progress  args= ["clip:clip_1789142313_a7ece2ac:1789142313896913768", 0.5]
[OSC] INFO: recv  /audiofile/progress  args= ["clip:clip_1789142313_a7ece2ac:1789142313896913768", 0.5]
[OSC] INFO: recv  /audiofile/progress  args= ["clip:clip_1789142313_a7ece2ac:1789142313896913768", 0.5]
[OSC] INFO: recv  /audiofile/progress  args= ["clip:clip_1789142313_a7ece2ac:1789142313896913768", 0.5]
[OSC] INFO: recv  /audiofile/progress  args= ["clip:clip_1789142313_a7ece2ac:1789142313896913768", 0.5]
[OSC] INFO: recv  /audiofile/progress  args= ["clip:clip_1789142313_a7ece2ac:1789142313896913768", 0.5]
[OSC] INFO: recv  /audiofile/progress  args= ["clip:clip_1789142313_a7ece2ac:1789142313896913768", 0.5]
[OSC] INFO: recv  /audiofile/progress  args= ["clip:clip_1789142313_a7ece2ac:1789142313896913768", 0.5]
[OSC] INFO: recv  /audiofile/progress  args= ["clip:clip_1789142313_a7ece2ac:1789142313896913768", 0.5]
[OSC] INFO: recv  /audiofile/progress  args= ["clip:clip_1789142313_a7ece2ac:1789142313896913768", 0.5]
[OSC] INFO: recv  /audiofile/progress  args= ["clip:clip_1789142313_a7ece2ac:1789142313896913768", 0.5]
[OSC] INFO: recv  /audiofile/progress  args= ["clip:clip_1789142313_a7ece2ac:1789142313896913768", 0.5]
[OSC] INFO: recv  /audiofile/progress  args= ["clip:clip_1789142313_a7ece2ac:1789142313896913768", 0.5]
[OSC] INFO: recv  /audiofile/progress  args= ["clip:clip_1789142313_a7ece2ac:1789142313896913768", 0.5]
[OSC] INFO: recv  /audiofile/progress  args= ["clip:clip_1789142313_a7ece2ac:1789142313896913768", 0.5]
[OSC] INFO: recv  /audiofile/progress  args= ["clip:clip_1789142313_a7ece2ac:1789142313896913768", 0.5]
[OSC] INFO: recv  /audiofile/progress  args= ["clip:clip_1789142313_a7ece2ac:1789142313896913768", 0.5]
[OSC] INFO: recv  /audiofile/progress  args= ["clip:clip_1789142313_a7ece2ac:1789142313896913768", 0.5]
[OSC] INFO: recv  /audiofile/progress  args= ["clip:clip_1789142313_a7ece2ac:1789142313896913768", 0.5]
[OSC] INFO: recv  /audiofile/progress  args= ["clip:clip_1789142313_a7ece2ac:1789142313896913768", 0.5]
[OSC] INFO: recv  /audiofile/progress  args= ["clip:clip_1789142313_a7ece2ac:1789142313896913768", 0.5]
[OSC] INFO: recv  /audiofile/progress  args= ["clip:clip_1789142313_a7ece2ac:1789142313896913768", 0.5]
[OSC] INFO: recv  /audiofile/progress  args= ["clip:clip_1789142313_a7ece2ac:1789142313896913768", 0.5]
[OSC] INFO: recv  /audiofile/progress  args= ["clip:clip_1789142313_a7ece2ac:1789142313896913768", 0.5]
[OSC] INFO: recv  /audiofile/progress  args= ["clip:clip_1789142313_a7ece2ac:1789142313896913768", 0.5]
[OSC] INFO: recv  /audiofile/progress  args= ["clip:clip_1789142313_a7ece2ac:1789142313896913768", 0.5]
[OSC] INFO: recv  /audiofile/progress  args= ["clip:clip_1789142313_a7ece2ac:1789142313896913768", 0.5]
[OSC] INFO: recv  /audiofile/progress  args= ["clip:clip_1789142313_a7ece2ac:1789142313896913768", 0.5]
[OSC] INFO: recv  /audiofile/progress  args= ["clip:clip_1789142313_a7ece2ac:1789142313896913768", 0.5]
[OSC] INFO: recv  /audiofile/progress  args= ["clip:clip_1789142313_a7ece2ac:1789142313896913768", 0.5]
[OSC] INFO: recv  /audiofile/progress  args= ["clip:clip_1789142313_a7ece2ac:1789142313896913768", 0.5]
[OSC] INFO: recv  /audiofile/progress  args= ["clip:clip_1789142313_a7ece2ac:1789142313896913768", 0.5]
[OSC] INFO: recv  /audiofile/progress  args= ["clip:clip_1789142313_a7ece2ac:1789142313896913768", 0.5]
[OSC] INFO: recv  /audiofile/progress  args= ["clip:clip_1789142313_a7ece2ac:1789142313896913768", 0.5]
[OSC] INFO: recv  /audiofile/progress  args= ["clip:clip_1789142313_a7ece2ac:1789142313896913768", 0.5]
[OSC] INFO: recv  /audiofile/progress  args= ["clip:clip_1789142313_a7ece2ac:1789142313896913768", 0.5]
[OSC] INFO: recv  /audiofile/progress  args= ["clip:clip_1789142313_a7ece2ac:1789142313896913768", 0.5]
[OSC] INFO: recv  /audiofile/progress  args= ["clip:clip_1789142313_a7ece2ac:1789142313896913768", 0.5]
[OSC] INFO: recv  /audiofile/progress  args= ["clip:clip_1789142313_a7ece2ac:1789142313896913768", 0.5]
[OSC] INFO: recv  /audiofile/progress  args= ["clip:clip_1789142313_a7ece2ac:1789142313896913768", 0.5]
[OSC] INFO: recv  /audiofile/progress  args= ["clip:clip_1789142313_a7ece2ac:1789142313896913768", 0.5]
[OSC] INFO: recv  /audiofile/progress  args= ["clip:clip_1789142313_a7ece2ac:1789142313896913768", 0.5]
[OSC] INFO: recv  /audiofile/progress  args= ["clip:clip_1789142313_a7ece2ac:1789142313896913768", 0.5]
[OSC] INFO: recv  /audiofile/progress  args= ["clip:clip_1789142313_a7ece2ac:1789142313896913768", 0.5]
[OSC] INFO: recv  /audiofile/progress  args= ["clip:clip_1789142313_a7ece2ac:1789142313896913768", 0.5]
[OSC] INFO: recv  /audiofile/progress  args= ["clip:clip_1789142313_a7ece2ac:1789142313896913768", 0.5]
[OSC] INFO: recv  /audiofile/progress  args= ["clip:clip_1789142313_a7ece2ac:1789142313896913768", 0.5]
[OSC] INFO: recv  /audiofile/progress  args= ["clip:clip_1789142313_a7ece2ac:1789142313896913768", 0.5]
[OSC] INFO: recv  /audiofile/progress  args= ["clip:clip_1789142313_a7ece2ac:1789142313896913768", 0.5]
[OSC] INFO: recv  /audiofile/progress  args= ["clip:clip_1789142313_a7ece2ac:1789142313896913768", 0.5]
[OSC] INFO: recv  /audiofile/progress  args= ["clip:clip_1789142313_a7ece2ac:1789142313896913768", 0.5]
[OSC] INFO: recv  /audiofile/progress  args= ["clip:clip_1789142313_a7ece2ac:1789142313896913768", 0.5]
[OSC] INFO: recv  /audiofile/progress  args= ["clip:clip_1789142313_a7ece2ac:1789142313896913768", 0.5]
[OSC] INFO: recv  /audiofile/progress  args= ["clip:clip_1789142313_a7ece2ac:1789142313896913768", 0.5]
[OSC] INFO: recv  /audiofile/progress  args= ["clip:clip_1789142313_a7ece2ac:1789142313896913768", 0.5]
[OSC] INFO: recv  /audiofile/progress  args= ["clip:clip_1789142313_a7ece2ac:1789142313896913768", 0.5]
[OSC] INFO: recv  /audiofile/progress  args= ["clip:clip_1789142313_a7ece2ac:1789142313896913768", 0.5]
[OSC] INFO: recv  /audiofile/progress  args= ["clip:clip_1789142313_a7ece2ac:1789142313896913768", 0.5]
[OSC] INFO: recv  /audiofile/progress  args= ["clip:clip_1789142313_a7ece2ac:1789142313896913768", 0.5]
[OSC] INFO: recv  /audiofile/progress  args= ["clip:clip_1789142313_a7ece2ac:1789142313896913768", 0.5]
[OSC] INFO: recv  /audiofile/progress  args= ["clip:clip_1789142313_a7ece2ac:1789142313896913768", 0.5]
[OSC] INFO: recv  /audiofile/progress  args= ["clip:clip_1789142313_a7ece2ac:1789142313896913768", 0.5]
[OSC] INFO: recv  /audiofile/progress  args= ["clip:clip_1789142313_a7ece2ac:1789142313896913768", 0.5]
[OSC] INFO: recv  /audiofile/progress  args= ["clip:clip_1789142313_a7ece2ac:1789142313896913768", 0.5]
[OSC] INFO: recv  /audiofile/progress  args= ["clip:clip_1789142313_a7ece2ac:1789142313896913768", 0.5]
[OSC] INFO: recv  /audiofile/progress  args= ["clip:clip_1789142313_a7ece2ac:1789142313896913768", 0.5]
[OSC] INFO: recv  /audiofile/progress  args= ["clip:clip_1789142313_a7ece2ac:1789142313896913768", 0.5]
[OSC] INFO: recv  /audiofile/progress  args= ["clip:clip_1789142313_a7ece2ac:1789142313896913768", 0.5]
[OSC] INFO: recv  /audiofile/progress  args= ["clip:clip_1789142313_a7ece2ac:1789142313896913768", 0.5]
[OSC] INFO: recv  /audiofile/progress  args= ["clip:clip_1789142313_a7ece2ac:1789142313896913768", 0.5]
[OSC] INFO: recv  /audiofile/progress  args= ["clip:clip_1789142313_a7ece2ac:1789142313896913768", 0.5]
[OSC] INFO: recv  /audiofile/progress  args= ["clip:clip_1789142313_a7ece2ac:1789142313896913768", 0.5]
[OSC] INFO: recv  /audiofile/progress  args= ["clip:clip_1789142313_a7ece2ac:1789142313896913768", 0.5]
[OSC] INFO: recv  /audiofile/progress  args= ["clip:clip_1789142313_a7ece2ac:1789142313896913768", 0.5]
[OSC] INFO: recv  /audiofile/progress  args= ["clip:clip_1789142313_a7ece2ac:1789142313896913768", 0.5]
[OSC] INFO: recv  /audiofile/progress  args= ["clip:clip_1789142313_a7ece2ac:1789142313896913768", 0.5]
[OSC] INFO: recv  /audiofile/progress  args= ["clip:clip_1789142313_a7ece2ac:1789142313896913768", 0.5]
[OSC] INFO: recv  /audiofile/progress  args= ["clip:clip_1789142313_a7ece2ac:1789142313896913768", 0.5]
[OSC] INFO: recv  /audiofile/progress  args= ["clip:clip_1789142313_a7ece2ac:1789142313896913768", 0.5]
[OSC] INFO: recv  /audiofile/progress  args= ["clip:clip_1789142313_a7ece2ac:1789142313896913768", 0.5]
[OSC] INFO: recv  /audiofile/progress  args= ["clip:clip_1789142313_a7ece2ac:1789142313896913768", 0.5]
[OSC] INFO: recv  /audiofile/progress  args= ["clip:clip_1789142313_a7ece2ac:1789142313896913768", 0.5]
[OSC] INFO: recv  /audiofile/progress  args= ["clip:clip_1789142313_a7ece2ac:1789142313896913768", 0.5]
[OSC] INFO: recv  /audiofile/progress  args= ["clip:clip_1789142313_a7ece2ac:1789142313896913768", 0.5]
[OSC] INFO: recv  /audiofile/progress  args= ["clip:clip_1789142313_a7ece2ac:1789142313896913768", 0.5]
[OSC] INFO: recv  /audiofile/progress  args= ["clip:clip_1789142313_a7ece2ac:1789142313896913768", 0.5]
[OSC] INFO: recv  /audiofile/progress  args= ["clip:clip_1789142313_a7ece2ac:1789142313896913768", 0.5]
[OSC] INFO: recv  /audiofile/progress  args= ["clip:clip_1789142313_a7ece2ac:1789142313896913768", 0.5]
[OSC] INFO: recv  /audiofile/progress  args= ["clip:clip_1789142313_a7ece2ac:1789142313896913768", 0.5]
[OSC] INFO: recv  /audiofile/progress  args= ["clip:clip_1789142313_a7ece2ac:1789142313896913768", 0.5]
[OSC] INFO: recv  /audiofile/progress  args= ["clip:clip_1789142313_a7ece2ac:1789142313896913768", 0.5]
[OSC] INFO: recv  /audiofile/progress  args= ["clip:clip_1789142313_a7ece2ac:1789142313896913768", 0.5]
[OSC] INFO: recv  /audiofile/progress  args= ["clip:clip_1789142313_a7ece2ac:1789142313896913768", 0.5]
[OSC] INFO: recv  /audiofile/progress  args= ["clip:clip_1789142313_a7ece2ac:1789142313896913768", 0.5]
[OSC] INFO: recv  /audiofile/progress  args= ["clip:clip_1789142313_a7ece2ac:1789142313896913768", 0.5]
[OSC] INFO: recv  /audiofile/progress  args= ["clip:clip_1789142313_a7ece2ac:1789142313896913768", 0.5]
[OSC] INFO: recv  /audiofile/progress  args= ["clip:clip_1789142313_a7ece2ac:1789142313896913768", 0.5]
[OSC] INFO: recv  /audiofile/progress  args= ["clip:clip_1789142313_a7ece2ac:1789142313896913768", 0.5]
[OSC] INFO: recv  /audiofile/progress  args= ["clip:clip_1789142313_a7ece2ac:1789142313896913768", 0.5]
[OSC] INFO: recv  /audiofile/progress  args= ["clip:clip_1789142313_a7ece2ac:1789142313896913768", 0.5]
[OSC] INFO: recv  /audiofile/progress  args= ["clip:clip_1789142313_a7ece2ac:1789142313896913768", 0.5]
[OSC] INFO: recv  /audiofile/progress  args= ["clip:clip_1789142313_a7ece2ac:1789142313896913768", 0.5]
[OSC] INFO: recv  /audiofile/progress  args= ["clip:clip_1789142313_a7ece2ac:1789142313896913768", 0.5]
[OSC] INFO: recv  /audiofile/progress  args= ["clip:clip_1789142313_a7ece2ac:1789142313896913768", 0.5]
[OSC] INFO: recv  /audiofile/progress  args= ["clip:clip_1789142313_a7ece2ac:1789142313896913768", 0.5]
[OSC] INFO: recv  /audiofile/progress  args= ["clip:clip_1789142313_a7ece2ac:1789142313896913768", 0.5]
[OSC] INFO: recv  /audiofile/progress  args= ["clip:clip_1789142313_a7ece2ac:1789142313896913768", 0.5]
[OSC] INFO: recv  /audiofile/progress  args= ["clip:clip_1789142313_a7ece2ac:1789142313896913768", 0.5]
[OSC] INFO: recv  /audiofile/progress  args= ["clip:clip_1789142313_a7ece2ac:1789142313896913768", 0.5]
[OSC] INFO: recv  /audiofile/progress  args= ["clip:clip_1789142313_a7ece2ac:1789142313896913768", 0.5]
[OSC] INFO: recv  /audiofile/progress  args= ["clip:clip_1789142313_a7ece2ac:1789142313896913768", 0.5]
[OSC] INFO: recv  /audiofile/progress  args= ["clip:clip_1789142313_a7ece2ac:1789142313896913768", 0.5]
[OSC] INFO: recv  /audiofile/progress  args= ["clip:clip_1789142313_a7ece2ac:1789142313896913768", 0.5]
[OSC] INFO: recv  /audiofile/progress  args= ["clip:clip_1789142313_a7ece2ac:1789142313896913768", 0.5]
[OSC] INFO: recv  /audiofile/progress  args= ["clip:clip_1789142313_a7ece2ac:1789142313896913768", 0.5]
[OSC] INFO: recv  /audiofile/progress  args= ["clip:clip_1789142313_a7ece2ac:1789142313896913768", 0.5]
[OSC] INFO: recv  /audiofile/progress  args= ["clip:clip_1789142313_a7ece2ac:1789142313896913768", 0.5]
[OSC] INFO: recv  /audiofile/progress  args= ["clip:clip_1789142313_a7ece2ac:1789142313896913768", 0.5]
[OSC] INFO: recv  /audiofile/progress  args= ["clip:clip_1789142313_a7ece2ac:1789142313896913768", 0.5]
[OSC] INFO: recv  /audiofile/progress  args= ["clip:clip_1789142313_a7ece2ac:1789142313896913768", 0.5]
[OSC] INFO: recv  /audiofile/progress  args= ["clip:clip_1789142313_a7ece2ac:1789142313896913768", 0.5]
[OSC] INFO: recv  /audiofile/progress  args= ["clip:clip_1789142313_a7ece2ac:1789142313896913768", 0.5]
[OSC] INFO: recv  /audiofile/progress  args= ["clip:clip_1789142313_a7ece2ac:1789142313896913768", 0.5]
[OSC] INFO: recv  /audiofile/progress  args= ["clip:clip_1789142313_a7ece2ac:1789142313896913768", 0.5]
[OSC] INFO: recv  /audiofile/progress  args= ["clip:clip_1789142313_a7ece2ac:1789142313896913768", 0.5]
[OSC] INFO: recv  /audiofile/progress  args= ["clip:clip_1789142313_a7ece2ac:1789142313896913768", 0.5]
[OSC] INFO: recv  /audiofile/progress  args= ["clip:clip_1789142313_a7ece2ac:1789142313896913768", 0.5]
[OSC] INFO: recv  /audiofile/progress  args= ["clip:clip_1789142313_a7ece2ac:1789142313896913768", 0.5]
[OSC] INFO: recv  /audiofile/progress  args= ["clip:clip_1789142313_a7ece2ac:1789142313896913768", 0.5]
[OSC] INFO: recv  /audiofile/progress  args= ["clip:clip_1789142313_a7ece2ac:1789142313896913768", 0.5]
[OSC] INFO: recv  /audiofile/progress  args= ["clip:clip_1789142313_a7ece2ac:1789142313896913768", 0.5]
[OSC] INFO: recv  /audiofile/progress  args= ["clip:clip_1789142313_a7ece2ac:1789142313896913768", 0.5]
[OSC] INFO: recv  /audiofile/progress  args= ["clip:clip_1789142313_a7ece2ac:1789142313896913768", 0.5]
[OSC] INFO: recv  /audiofile/progress  args= ["clip:clip_1789142313_a7ece2ac:1789142313896913768", 0.5]
[OSC] INFO: recv  /audiofile/progress  args= ["clip:clip_1789142313_a7ece2ac:1789142313896913768", 0.5]
[OSC] INFO: recv  /audiofile/progress  args= ["clip:clip_1789142313_a7ece2ac:1789142313896913768", 0.5]
[OSC] INFO: recv  /audiofile/progress  args= ["clip:clip_1789142313_a7ece2ac:1789142313896913768", 0.5]
[OSC] INFO: recv  /audiofile/progress  args= ["clip:clip_1789142313_a7ece2ac:1789142313896913768", 0.5]
[OSC] INFO: recv  /audiofile/progress  args= ["clip:clip_1789142313_a7ece2ac:1789142313896913768", 0.5]
[OSC] INFO: recv  /audiofile/progress  args= ["clip:clip_1789142313_a7ece2ac:1789142313896913768", 0.5]
[OSC] INFO: recv  /audiofile/progress  args= ["clip:clip_1789142313_a7ece2ac:1789142313896913768", 0.5]
[OSC] INFO: recv  /audiofile/progress  args= ["clip:clip_1789142313_a7ece2ac:1789142313896913768", 0.5]
[OSC] INFO: recv  /audiofile/progress  args= ["clip:clip_1789142313_a7ece2ac:1789142313896913768", 0.5]
[OSC] INFO: recv  /audiofile/progress  args= ["clip:clip_1789142313_a7ece2ac:1789142313896913768", 0.5]
[OSC] INFO: recv  /audiofile/progress  args= ["clip:clip_1789142313_a7ece2ac:1789142313896913768", 0.5]
[OSC] INFO: recv  /audiofile/progress  args= ["clip:clip_1789142313_a7ece2ac:1789142313896913768", 0.5]
[OSC] INFO: recv  /audiofile/progress  args= ["clip:clip_1789142313_a7ece2ac:1789142313896913768", 0.5]
[OSC] INFO: recv  /audiofile/progress  args= ["clip:clip_1789142313_a7ece2ac:1789142313896913768", 0.5]
[OSC] INFO: recv  /audiofile/progress  args= ["clip:clip_1789142313_a7ece2ac:1789142313896913768", 0.5]
[OSC] INFO: recv  /audiofile/progress  args= ["clip:clip_1789142313_a7ece2ac:1789142313896913768", 0.5]
[OSC] INFO: recv  /audiofile/progress  args= ["clip:clip_1789142313_a7ece2ac:1789142313896913768", 0.5]
[OSC] INFO: recv  /audiofile/progress  args= ["clip:clip_1789142313_a7ece2ac:1789142313896913768", 0.5]
[OSC] INFO: recv  /audiofile/progress  args= ["clip:clip_1789142313_a7ece2ac:1789142313896913768", 0.5]
[OSC] INFO: recv  /audiofile/progress  args= ["clip:clip_1789142313_a7ece2ac:1789142313896913768", 0.5]
[OSC] INFO: recv  /audiofile/progress  args= ["clip:clip_1789142313_a7ece2ac:1789142313896913768", 0.5]
[OSC] INFO: recv  /audiofile/progress  args= ["clip:clip_1789142313_a7ece2ac:1789142313896913768", 0.5]
[OSC] INFO: recv  /audiofile/progress  args= ["clip:clip_1789142313_a7ece2ac:1789142313896913768", 0.5]
[OSC] INFO: recv  /audiofile/progress  args= ["clip:clip_1789142313_a7ece2ac:1789142313896913768", 0.5]
[OSC] INFO: recv  /audiofile/progress  args= ["clip:clip_1789142313_a7ece2ac:1789142313896913768", 0.5]
[OSC] INFO: recv  /audiofile/progress  args= ["clip:clip_1789142313_a7ece2ac:1789142313896913768", 0.5]
[OSC] INFO: recv  /audiofile/progress  args= ["clip:clip_1789142313_a7ece2ac:1789142313896913768", 0.5]
[OSC] INFO: recv  /audiofile/progress  args= ["clip:clip_1789142313_a7ece2ac:1789142313896913768", 0.5]
[OSC] INFO: recv  /audiofile/progress  args= ["clip:clip_1789142313_a7ece2ac:1789142313896913768", 0.5]
[OSC] INFO: recv  /audiofile/progress  args= ["clip:clip_1789142313_a7ece2ac:1789142313896913768", 0.5]
[OSC] INFO: recv  /audiofile/progress  args= ["clip:clip_1789142313_a7ece2ac:1789142313896913768", 0.5]
[OSC] INFO: recv  /audiofile/progress  args= ["clip:clip_1789142313_a7ece2ac:1789142313896913768", 0.5]
[OSC] INFO: recv  /audiofile/progress  args= ["clip:clip_1789142313_a7ece2ac:1789142313896913768", 0.5]
[OSC] INFO: recv  /audiofile/progress  args= ["clip:clip_1789142313_a7ece2ac:1789142313896913768", 0.5]
[OSC] INFO: recv  /audiofile/progress  args= ["clip:clip_1789142313_a7ece2ac:1789142313896913768", 0.5]
[OSC] INFO: recv  /audiofile/progress  args= ["clip:clip_1789142313_a7ece2ac:1789142313896913768", 0.5]
[OSC] INFO: recv  /audiofile/progress  args= ["clip:clip_1789142313_a7ece2ac:1789142313896913768", 0.5]
[OSC] INFO: recv  /audiofile/progress  args= ["clip:clip_1789142313_a7ece2ac:1789142313896913768", 0.5]
[OSC] INFO: recv  /audiofile/progress  args= ["clip:clip_1789142313_a7ece2ac:1789142313896913768", 0.5]
[OSC] INFO: recv  /audiofile/progress  args= ["clip:clip_1789142313_a7ece2ac:1789142313896913768", 0.5]
[OSC] INFO: recv  /audiofile/progress  args= ["clip:clip_1789142313_a7ece2ac:1789142313896913768", 0.5]
[OSC] INFO: recv  /audiofile/progress  args= ["clip:clip_1789142313_a7ece2ac:1789142313896913768", 0.5]
[OSC] INFO: recv  /audiofile/progress  args= ["clip:clip_1789142313_a7ece2ac:1789142313896913768", 0.5]
[OSC] INFO: recv  /audiofile/progress  args= ["clip:clip_1789142313_a7ece2ac:1789142313896913768", 0.5]
[OSC] INFO: recv  /audiofile/progress  args= ["clip:clip_1789142313_a7ece2ac:1789142313896913768", 0.5]
[OSC] INFO: recv  /audiofile/progress  args= ["clip:clip_1789142313_a7ece2ac:1789142313896913768", 0.5]
[OSC] INFO: recv  /audiofile/progress  args= ["clip:clip_1789142313_a7ece2ac:1789142313896913768", 0.5]
[OSC] INFO: recv  /audiofile/progress  args= ["clip:clip_1789142313_a7ece2ac:1789142313896913768", 0.5]
[OSC] INFO: recv  /audiofile/progress  args= ["clip:clip_1789142313_a7ece2ac:1789142313896913768", 0.5]
[OSC] INFO: recv  /audiofile/progress  args= ["clip:clip_1789142313_a7ece2ac:1789142313896913768", 0.5]
[OSC] INFO: recv  /audiofile/progress  args= ["clip:clip_1789142313_a7ece2ac:1789142313896913768", 0.5]
[OSC] INFO: recv  /audiofile/progress  args= ["clip:clip_1789142313_a7ece2ac:1789142313896913768", 0.5]
[OSC] INFO: recv  /audiofile/progress  args= ["clip:clip_1789142313_a7ece2ac:1789142313896913768", 0.5]
[OSC] INFO: recv  /audiofile/progress  args= ["clip:clip_1789142313_a7ece2ac:1789142313896913768", 0.5]
[OSC] INFO: recv  /audiofile/progress  args= ["clip:clip_1789142313_a7ece2ac:1789142313896913768", 0.5]
[OSC] INFO: recv  /audiofile/progress  args= ["clip:clip_1789142313_a7ece2ac:1789142313896913768", 0.5]
[OSC] INFO: recv  /audiofile/progress  args= ["clip:clip_1789142313_a7ece2ac:1789142313896913768", 0.5]
[OSC] INFO: recv  /audiofile/progress  args= ["clip:clip_1789142313_a7ece2ac:1789142313896913768", 0.5]
[OSC] INFO: recv  /audiofile/progress  args= ["clip:clip_1789142313_a7ece2ac:1789142313896913768", 0.5]
[OSC] INFO: recv  /audiofile/progress  args= ["clip:clip_1789142313_a7ece2ac:1789142313896913768", 0.5]
[OSC] INFO: recv  /audiofile/progress  args= ["clip:clip_1789142313_a7ece2ac:1789142313896913768", 0.5]
[OSC] INFO: recv  /audiofile/progress  args= ["clip:clip_1789142313_a7ece2ac:1789142313896913768", 0.5]
[OSC] INFO: recv  /audiofile/progress  args= ["clip:clip_1789142313_a7ece2ac:1789142313896913768", 0.5]
[OSC] INFO: recv  /audiofile/progress  args= ["clip:clip_1789142313_a7ece2ac:1789142313896913768", 0.5]
[OSC] INFO: recv  /audiofile/progress  args= ["clip:clip_1789142313_a7ece2ac:1789142313896913768", 0.5]
[OSC] INFO: recv  /audiofile/progress  args= ["clip:clip_1789142313_a7ece2ac:1789142313896913768", 0.5]
[OSC] INFO: recv  /audiofile/progress  args= ["clip:clip_1789142313_a7ece2ac:1789142313896913768", 0.5]
[OSC] INFO: recv  /audiofile/progress  args= ["clip:clip_1789142313_a7ece2ac:1789142313896913768", 0.5]
[OSC] INFO: recv  /audiofile/progress  args= ["clip:clip_1789142313_a7ece2ac:1789142313896913768", 0.5]
[OSC] INFO: recv  /audiofile/progress  args= ["clip:clip_1789142313_a7ece2ac:1789142313896913768", 0.5]
[OSC] INFO: recv  /audiofile/progress  args= ["clip:clip_1789142313_a7ece2ac:1789142313896913768", 0.5]
[OSC] INFO: recv  /audiofile/progress  args= ["clip:clip_1789142313_a7ece2ac:1789142313896913768", 0.5]
[OSC] INFO: recv  /audiofile/progress  args= ["clip:clip_1789142313_a7ece2ac:1789142313896913768", 0.5]
[OSC] INFO: recv  /audiofile/progress  args= ["clip:clip_1789142313_a7ece2ac:1789142313896913768", 0.5]
[OSC] INFO: recv  /audiofile/progress  args= ["clip:clip_1789142313_a7ece2ac:1789142313896913768", 0.5]
[OSC] INFO: recv  /audiofile/progress  args= ["clip:clip_1789142313_a7ece2ac:1789142313896913768", 0.5]
[OSC] INFO: recv  /audiofile/progress  args= ["clip:clip_1789142313_a7ece2ac:1789142313896913768", 0.5]
[OSC] INFO: recv  /audiofile/progress  args= ["clip:clip_1789142313_a7ece2ac:1789142313896913768", 0.5]
[OSC] INFO: recv  /audiofile/progress  args= ["clip:clip_1789142313_a7ece2ac:1789142313896913768", 0.5]
[OSC] INFO: recv  /audiofile/progress  args= ["clip:clip_1789142313_a7ece2ac:1789142313896913768", 0.5]
[OSC] INFO: recv  /audiofile/progress  args= ["clip:clip_1789142313_a7ece2ac:1789142313896913768", 0.5]
[OSC] INFO: recv  /audiofile/progress  args= ["clip:clip_1789142313_a7ece2ac:1789142313896913768", 0.5]
[OSC] INFO: recv  /audiofile/progress  args= ["clip:clip_1789142313_a7ece2ac:1789142313896913768", 0.5]
[OSC] INFO: recv  /audiofile/progress  args= ["clip:clip_1789142313_a7ece2ac:1789142313896913768", 0.5]
[OSC] INFO: recv  /audiofile/progress  args= ["clip:clip_1789142313_a7ece2ac:1789142313896913768", 0.5]
[OSC] INFO: recv  /audiofile/progress  args= ["clip:clip_1789142313_a7ece2ac:1789142313896913768", 0.5]
[OSC] INFO: recv  /audiofile/progress  args= ["clip:clip_1789142313_a7ece2ac:1789142313896913768", 0.5]
[OSC] INFO: recv  /audiofile/progress  args= ["clip:clip_1789142313_a7ece2ac:1789142313896913768", 0.5]
[OSC] INFO: recv  /audiofile/progress  args= ["clip:clip_1789142313_a7ece2ac:1789142313896913768", 0.5]
[OSC] INFO: recv  /audiofile/progress  args= ["clip:clip_1789142313_a7ece2ac:1789142313896913768", 0.5]
[OSC] INFO: recv  /audiofile/progress  args= ["clip:clip_1789142313_a7ece2ac:1789142313896913768", 0.5]
[OSC] INFO: recv  /audiofile/progress  args= ["clip:clip_1789142313_a7ece2ac:1789142313896913768", 0.5]
[OSC] INFO: recv  /audiofile/progress  args= ["clip:clip_1789142313_a7ece2ac:1789142313896913768", 0.5]
[OSC] INFO: recv  /audiofile/progress  args= ["clip:clip_1789142313_a7ece2ac:1789142313896913768", 0.5]
[OSC] INFO: recv  /audiofile/progress  args= ["clip:clip_1789142313_a7ece2ac:1789142313896913768", 0.5]
[OSC] INFO: recv  /audiofile/progress  args= ["clip:clip_1789142313_a7ece2ac:1789142313896913768", 0.5]
[OSC] INFO: recv  /audiofile/progress  args= ["clip:clip_1789142313_a7ece2ac:1789142313896913768", 0.5]
[OSC] INFO: recv  /audiofile/progress  args= ["clip:clip_1789142313_a7ece2ac:1789142313896913768", 0.5]
[OSC] INFO: recv  /audiofile/progress  args= ["clip:clip_1789142313_a7ece2ac:1789142313896913768", 0.5]
[OSC] INFO: recv  /audiofile/progress  args= ["clip:clip_1789142313_a7ece2ac:1789142313896913768", 0.5]
[OSC] INFO: recv  /audiofile/progress  args= ["clip:clip_1789142313_a7ece2ac:1789142313896913768", 0.5]
[OSC] INFO: recv  /audiofile/progress  args= ["clip:clip_1789142313_a7ece2ac:1789142313896913768", 0.5]
[OSC] INFO: recv  /audiofile/progress  args= ["clip:clip_1789142313_a7ece2ac:1789142313896913768", 0.5]
[OSC] INFO: recv  /audiofile/progress  args= ["clip:clip_1789142313_a7ece2ac:1789142313896913768", 0.5]
[OSC] INFO: recv  /audiofile/progress  args= ["clip:clip_1789142313_a7ece2ac:1789142313896913768", 0.5]
[OSC] INFO: recv  /audiofile/progress  args= ["clip:clip_1789142313_a7ece2ac:1789142313896913768", 0.5]
[OSC] INFO: recv  /audiofile/progress  args= ["clip:clip_1789142313_a7ece2ac:1789142313896913768", 0.5]
[OSC] INFO: recv  /audiofile/progress  args= ["clip:clip_1789142313_a7ece2ac:1789142313896913768", 0.5]
[OSC] INFO: recv  /audiofile/progress  args= ["clip:clip_1789142313_a7ece2ac:1789142313896913768", 0.5]
[OSC] INFO: recv  /audiofile/progress  args= ["clip:clip_1789142313_a7ece2ac:1789142313896913768", 0.5]
[OSC] INFO: recv  /audiofile/progress  args= ["clip:clip_1789142313_a7ece2ac:1789142313896913768", 0.5]
[OSC] INFO: recv  /audiofile/progress  args= ["clip:clip_1789142313_a7ece2ac:1789142313896913768", 0.5]
[OSC] INFO: recv  /audiofile/progress  args= ["clip:clip_1789142313_a7ece2ac:1789142313896913768", 0.5]
[OSC] INFO: recv  /audiofile/progress  args= ["clip:clip_1789142313_a7ece2ac:1789142313896913768", 0.5]
[OSC] INFO: recv  /audiofile/progress  args= ["clip:clip_1789142313_a7ece2ac:1789142313896913768", 0.5]
[OSC] INFO: recv  /audiofile/progress  args= ["clip:clip_1789142313_a7ece2ac:1789142313896913768", 0.5]
[OSC] INFO: recv  /audiofile/progress  args= ["clip:clip_1789142313_a7ece2ac:1789142313896913768", 0.5]
[OSC] INFO: recv  /audiofile/progress  args= ["clip:clip_1789142313_a7ece2ac:1789142313896913768", 0.5]
[OSC] INFO: recv  /audiofile/progress  args= ["clip:clip_1789142313_a7ece2ac:1789142313896913768", 0.5]
[OSC] INFO: recv  /audiofile/progress  args= ["clip:clip_1789142313_a7ece2ac:1789142313896913768", 0.5]
[OSC] INFO: recv  /audiofile/progress  args= ["clip:clip_1789142313_a7ece2ac:1789142313896913768", 0.5]
[OSC] INFO: recv  /audiofile/progress  args= ["clip:clip_1789142313_a7ece2ac:1789142313896913768", 0.5]
[OSC] INFO: recv  /audiofile/progress  args= ["clip:clip_1789142313_a7ece2ac:1789142313896913768", 0.5]
[OSC] INFO: recv  /audiofile/progress  args= ["clip:clip_1789142313_a7ece2ac:1789142313896913768", 0.5]
[OSC] INFO: recv  /audiofile/progress  args= ["clip:clip_1789142313_a7ece2ac:1789142313896913768", 0.5]
[OSC] INFO: recv  /audiofile/progress  args= ["clip:clip_1789142313_a7ece2ac:1789142313896913768", 0.5]
[OSC] INFO: recv  /audiofile/progress  args= ["clip:clip_1789142313_a7ece2ac:1789142313896913768", 0.5]
[OSC] INFO: recv  /audiofile/progress  args= ["clip:clip_1789142313_a7ece2ac:1789142313896913768", 0.5]
[OSC] INFO: recv  /audiofile/progress  args= ["clip:clip_1789142313_a7ece2ac:1789142313896913768", 0.5]
[OSC] INFO: recv  /audiofile/progress  args= ["clip:clip_1789142313_a7ece2ac:1789142313896913768", 0.5]
[OSC] INFO: recv  /audiofile/progress  args= ["clip:clip_1789142313_a7ece2ac:1789142313896913768", 0.5]
[OSC] INFO: recv  /audiofile/progress  args= ["clip:clip_1789142313_a7ece2ac:1789142313896913768", 0.5]
[OSC] INFO: recv  /audiofile/progress  args= ["clip:clip_1789142313_a7ece2ac:1789142313896913768", 0.5]
[OSC] INFO: recv  /audiofile/progress  args= ["clip:clip_1789142313_a7ece2ac:1789142313896913768", 0.5]
[OSC] INFO: recv  /audiofile/progress  args= ["clip:clip_1789142313_a7ece2ac:1789142313896913768", 0.5]
[OSC] INFO: recv  /audiofile/progress  args= ["clip:clip_1789142313_a7ece2ac:1789142313896913768", 0.5]
[OSC] INFO: recv  /audiofile/progress  args= ["clip:clip_1789142313_a7ece2ac:1789142313896913768", 0.5]
[OSC] INFO: recv  /audiofile/progress  args= ["clip:clip_1789142313_a7ece2ac:1789142313896913768", 0.5]
[OSC] INFO: recv  /audiofile/progress  args= ["clip:clip_1789142313_a7ece2ac:1789142313896913768", 0.5]
[OSC] INFO: recv  /audiofile/progress  args= ["clip:clip_1789142313_a7ece2ac:1789142313896913768", 0.5]
[OSC] INFO: recv  /audiofile/progress  args= ["clip:clip_1789142313_a7ece2ac:1789142313896913768", 0.5]
[OSC] INFO: recv  /audiofile/progress  args= ["clip:clip_1789142313_a7ece2ac:1789142313896913768", 0.5]
[OSC] INFO: recv  /audiofile/progress  args= ["clip:clip_1789142313_a7ece2ac:1789142313896913768", 0.5]
[OSC] INFO: recv  /audiofile/progress  args= ["clip:clip_1789142313_a7ece2ac:1789142313896913768", 0.5]
[OSC] INFO: recv  /audiofile/progress  args= ["clip:clip_1789142313_a7ece2ac:1789142313896913768", 0.5]
[OSC] INFO: recv  /audiofile/progress  args= ["clip:clip_1789142313_a7ece2ac:1789142313896913768", 0.5]
[OSC] INFO: recv  /audiofile/progress  args= ["clip:clip_1789142313_a7ece2ac:1789142313896913768", 0.5]
[OSC] INFO: recv  /audiofile/progress  args= ["clip:clip_1789142313_a7ece2ac:1789142313896913768", 0.5]
[OSC] INFO: recv  /audiofile/progress  args= ["clip:clip_1789142313_a7ece2ac:1789142313896913768", 0.5]
[OSC] INFO: recv  /audiofile/progress  args= ["clip:clip_1789142313_a7ece2ac:1789142313896913768", 0.5]
[OSC] INFO: recv  /audiofile/progress  args= ["clip:clip_1789142313_a7ece2ac:1789142313896913768", 0.5]
[OSC] INFO: recv  /audiofile/progress  args= ["clip:clip_1789142313_a7ece2ac:1789142313896913768", 0.5]
[OSC] INFO: recv  /audiofile/progress  args= ["clip:clip_1789142313_a7ece2ac:1789142313896913768", 0.5]
[OSC] INFO: recv  /audiofile/progress  args= ["clip:clip_1789142313_a7ece2ac:1789142313896913768", 0.5]
[OSC] INFO: recv  /audiofile/progress  args= ["clip:clip_1789142313_a7ece2ac:1789142313896913768", 0.5]
[OSC] INFO: recv  /audiofile/progress  args= ["clip:clip_1789142313_a7ece2ac:1789142313896913768", 0.5]
[OSC] INFO: recv  /audiofile/progress  args= ["clip:clip_1789142313_a7ece2ac:1789142313896913768", 0.5]
[OSC] INFO: recv  /audiofile/progress  args= ["clip:clip_1789142313_a7ece2ac:1789142313896913768", 0.5]
[OSC] INFO: recv  /audiofile/progress  args= ["clip:clip_1789142313_a7ece2ac:1789142313896913768", 0.5]
[OSC] INFO: recv  /audiofile/progress  args= ["clip:clip_1789142313_a7ece2ac:1789142313896913768", 0.5]
[OSC] INFO: recv  /audiofile/progress  args= ["clip:clip_1789142313_a7ece2ac:1789142313896913768", 0.5]
[OSC] INFO: recv  /audiofile/progress  args= ["clip:clip_1789142313_a7ece2ac:1789142313896913768", 0.5]
[OSC] INFO: recv  /audiofile/progress  args= ["clip:clip_1789142313_a7ece2ac:1789142313896913768", 0.5]
[OSC] INFO: recv  /audiofile/progress  args= ["clip:clip_1789142313_a7ece2ac:1789142313896913768", 0.5]
[OSC] INFO: recv  /audiofile/progress  args= ["clip:clip_1789142313_a7ece2ac:1789142313896913768", 0.5]
[OSC] INFO: recv  /audiofile/progress  args= ["clip:clip_1789142313_a7ece2ac:1789142313896913768", 0.5]
[OSC] INFO: recv  /audiofile/progress  args= ["clip:clip_1789142313_a7ece2ac:1789142313896913768", 0.5]
[OSC] INFO: recv  /audiofile/progress  args= ["clip:clip_1789142313_a7ece2ac:1789142313896913768", 0.5]
[OSC] INFO: recv  /audiofile/progress  args= ["clip:clip_1789142313_a7ece2ac:1789142313896913768", 0.5]
[OSC] INFO: recv  /audiofile/progress  args= ["clip:clip_1789142313_a7ece2ac:1789142313896913768", 0.5]
[OSC] INFO: recv  /audiofile/progress  args= ["clip:clip_1789142313_a7ece2ac:1789142313896913768", 0.5]
[OSC] INFO: recv  /audiofile/progress  args= ["clip:clip_1789142313_a7ece2ac:1789142313896913768", 0.5]
[OSC] INFO: recv  /audiofile/progress  args= ["clip:clip_1789142313_a7ece2ac:1789142313896913768", 0.5]
[OSC] INFO: recv  /audiofile/progress  args= ["clip:clip_1789142313_a7ece2ac:1789142313896913768", 0.5]
[OSC] INFO: recv  /audiofile/progress  args= ["clip:clip_1789142313_a7ece2ac:1789142313896913768", 0.5]
[OSC] INFO: recv  /audiofile/progress  args= ["clip:clip_1789142313_a7ece2ac:1789142313896913768", 0.5]
[OSC] INFO: recv  /audiofile/progress  args= ["clip:clip_1789142313_a7ece2ac:1789142313896913768", 0.5]
[OSC] INFO: recv  /audiofile/progress  args= ["clip:clip_1789142313_a7ece2ac:1789142313896913768", 0.5]
[OSC] INFO: recv  /audiofile/progress  args= ["clip:clip_1789142313_a7ece2ac:1789142313896913768", 0.5]
[OSC] INFO: recv  /audiofile/progress  args= ["clip:clip_1789142313_a7ece2ac:1789142313896913768", 0.5]
[OSC] INFO: recv  /audiofile/progress  args= ["clip:clip_1789142313_a7ece2ac:1789142313896913768", 0.5]
[OSC] INFO: recv  /audiofile/progress  args= ["clip:clip_1789142313_a7ece2ac:1789142313896913768", 0.5]
[OSC] INFO: recv  /audiofile/progress  args= ["clip:clip_1789142313_a7ece2ac:1789142313896913768", 0.5]
[OSC] INFO: recv  /audiofile/progress  args= ["clip:clip_1789142313_a7ece2ac:1789142313896913768", 0.5]
[OSC] INFO: recv  /audiofile/progress  args= ["clip:clip_1789142313_a7ece2ac:1789142313896913768", 0.5]
[OSC] INFO: recv  /audiofile/progress  args= ["clip:clip_1789142313_a7ece2ac:1789142313896913768", 0.5]
[OSC] INFO: recv  /audiofile/progress  args= ["clip:clip_1789142313_a7ece2ac:1789142313896913768", 0.5]
[OSC] INFO: recv  /audiofile/progress  args= ["clip:clip_1789142313_a7ece2ac:1789142313896913768", 0.5]
[OSC] INFO: recv  /audiofile/progress  args= ["clip:clip_1789142313_a7ece2ac:1789142313896913768", 0.5]
[OSC] INFO: recv  /audiofile/progress  args= ["clip:clip_1789142313_a7ece2ac:1789142313896913768", 0.5]
[OSC] INFO: recv  /audiofile/progress  args= ["clip:clip_1789142313_a7ece2ac:1789142313896913768", 0.5]
[OSC] INFO: recv  /audiofile/progress  args= ["clip:clip_1789142313_a7ece2ac:1789142313896913768", 0.5]
[OSC] INFO: recv  /audiofile/progress  args= ["clip:clip_1789142313_a7ece2ac:1789142313896913768", 0.5]
[OSC] INFO: recv  /audiofile/progress  args= ["clip:clip_1789142313_a7ece2ac:1789142313896913768", 0.5]
[OSC] INFO: recv  /audiofile/progress  args= ["clip:clip_1789142313_a7ece2ac:1789142313896913768", 0.5]
[OSC] INFO: recv  /audiofile/progress  args= ["clip:clip_1789142313_a7ece2ac:1789142313896913768", 0.5]
[OSC] INFO: recv  /audiofile/progress  args= ["clip:clip_1789142313_a7ece2ac:1789142313896913768", 0.5]
[OSC] INFO: recv  /audiofile/progress  args= ["clip:clip_1789142313_a7ece2ac:1789142313896913768", 0.5]
[OSC] INFO: recv  /audiofile/progress  args= ["clip:clip_1789142313_a7ece2ac:1789142313896913768", 0.5]
[OSC] INFO: recv  /audiofile/progress  args= ["clip:clip_1789142313_a7ece2ac:1789142313896913768", 0.5]
[OSC] INFO: recv  /audiofile/progress  args= ["clip:clip_1789142313_a7ece2ac:1789142313896913768", 0.5]
[OSC] INFO: recv  /audiofile/progress  args= ["clip:clip_1789142313_a7ece2ac:1789142313896913768", 0.5]
[OSC] INFO: recv  /audiofile/progress  args= ["clip:clip_1789142313_a7ece2ac:1789142313896913768", 0.5]
[OSC] INFO: recv  /audiofile/progress  args= ["clip:clip_1789142313_a7ece2ac:1789142313896913768", 0.5]
[OSC] INFO: recv  /audiofile/progress  args= ["clip:clip_1789142313_a7ece2ac:1789142313896913768", 0.5]
[OSC] INFO: recv  /audiofile/progress  args= ["clip:clip_1789142313_a7ece2ac:1789142313896913768", 0.5]
[OSC] INFO: recv  /audiofile/progress  args= ["clip:clip_1789142313_a7ece2ac:1789142313896913768", 0.5]
[OSC] INFO: recv  /audiofile/progress  args= ["clip:clip_1789142313_a7ece2ac:1789142313896913768", 0.5]
[OSC] INFO: recv  /audiofile/progress  args= ["clip:clip_1789142313_a7ece2ac:1789142313896913768", 0.5]
[OSC] INFO: recv  /audiofile/progress  args= ["clip:clip_1789142313_a7ece2ac:1789142313896913768", 0.5]
[OSC] INFO: recv  /audiofile/progress  args= ["clip:clip_1789142313_a7ece2ac:1789142313896913768", 0.5]
[OSC] INFO: recv  /audiofile/progress  args= ["clip:clip_1789142313_a7ece2ac:1789142313896913768", 0.5]
[OSC] INFO: recv  /audiofile/progress  args= ["clip:clip_1789142313_a7ece2ac:1789142313896913768", 0.5]
[OSC] INFO: recv  /audiofile/progress  args= ["clip:clip_1789142313_a7ece2ac:1789142313896913768", 0.5]
[OSC] INFO: recv  /audiofile/progress  args= ["clip:clip_1789142313_a7ece2ac:1789142313896913768", 0.5]
[OSC] INFO: recv  /audiofile/progress  args= ["clip:clip_1789142313_a7ece2ac:1789142313896913768", 0.5]
[OSC] INFO: recv  /audiofile/progress  args= ["clip:clip_1789142313_a7ece2ac:1789142313896913768", 0.5]
[OSC] INFO: recv  /audiofile/progress  args= ["clip:clip_1789142313_a7ece2ac:1789142313896913768", 0.5]
[OSC] INFO: recv  /audiofile/progress  args= ["clip:clip_1789142313_a7ece2ac:1789142313896913768", 0.5]
[OSC] INFO: recv  /audiofile/progress  args= ["clip:clip_1789142313_a7ece2ac:1789142313896913768", 0.5]
[OSC] INFO: recv  /audiofile/progress  args= ["clip:clip_1789142313_a7ece2ac:1789142313896913768", 0.5]
[OSC] INFO: recv  /audiofile/progress  args= ["clip:clip_1789142313_a7ece2ac:1789142313896913768", 0.5]
[OSC] INFO: recv  /audiofile/progress  args= ["clip:clip_1789142313_a7ece2ac:1789142313896913768", 0.5]
[OSC] INFO: recv  /audiofile/progress  args= ["clip:clip_1789142313_a7ece2ac:1789142313896913768", 0.5]
[OSC] INFO: recv  /audiofile/progress  args= ["clip:clip_1789142313_a7ece2ac:1789142313896913768", 0.5]
[OSC] INFO: recv  /audiofile/progress  args= ["clip:clip_1789142313_a7ece2ac:1789142313896913768", 0.5]
[OSC] INFO: recv  /audiofile/progress  args= ["clip:clip_1789142313_a7ece2ac:1789142313896913768", 0.5]
[OSC] INFO: recv  /audiofile/progress  args= ["clip:clip_1789142313_a7ece2ac:1789142313896913768", 0.5]
[OSC] INFO: recv  /audiofile/progress  args= ["clip:clip_1789142313_a7ece2ac:1789142313896913768", 0.5]
[OSC] INFO: recv  /audiofile/progress  args= ["clip:clip_1789142313_a7ece2ac:1789142313896913768", 0.5]
[OSC] INFO: recv  /audiofile/progress  args= ["clip:clip_1789142313_a7ece2ac:1789142313896913768", 0.5]
[OSC] INFO: recv  /audiofile/progress  args= ["clip:clip_1789142313_a7ece2ac:1789142313896913768", 0.5]
[OSC] INFO: recv  /audiofile/progress  args= ["clip:clip_1789142313_a7ece2ac:1789142313896913768", 0.5]
[OSC] INFO: recv  /audiofile/progress  args= ["clip:clip_1789142313_a7ece2ac:1789142313896913768", 0.5]
[OSC] INFO: recv  /audiofile/progress  args= ["clip:clip_1789142313_a7ece2ac:1789142313896913768", 0.5]
[OSC] INFO: recv  /audiofile/progress  args= ["clip:clip_1789142313_a7ece2ac:1789142313896913768", 0.5]
[OSC] INFO: recv  /audiofile/progress  args= ["clip:clip_1789142313_a7ece2ac:1789142313896913768", 0.5]
[OSC] INFO: recv  /audiofile/progress  args= ["clip:clip_1789142313_a7ece2ac:1789142313896913768", 0.5]
[OSC] INFO: recv  /audiofile/progress  args= ["clip:clip_1789142313_a7ece2ac:1789142313896913768", 0.5]
[OSC] INFO: recv  /audiofile/progress  args= ["clip:clip_1789142313_a7ece2ac:1789142313896913768", 0.5]
[OSC] INFO: recv  /audiofile/progress  args= ["clip:clip_1789142313_a7ece2ac:1789142313896913768", 0.5]
[OSC] INFO: recv  /audiofile/progress  args= ["clip:clip_1789142313_a7ece2ac:1789142313896913768", 0.5]
[OSC] INFO: recv  /audiofile/progress  args= ["clip:clip_1789142313_a7ece2ac:1789142313896913768", 0.5]
[OSC] INFO: recv  /audiofile/progress  args= ["clip:clip_1789142313_a7ece2ac:1789142313896913768", 0.5]
[OSC] INFO: recv  /audiofile/progress  args= ["clip:clip_1789142313_a7ece2ac:1789142313896913768", 0.5]
[OSC] INFO: recv  /audiofile/progress  args= ["clip:clip_1789142313_a7ece2ac:1789142313896913768", 0.5]
[OSC] INFO: recv  /audiofile/progress  args= ["clip:clip_1789142313_a7ece2ac:1789142313896913768", 0.5]
[OSC] INFO: recv  /audiofile/progress  args= ["clip:clip_1789142313_a7ece2ac:1789142313896913768", 0.5]
[OSC] INFO: recv  /audiofile/progress  args= ["clip:clip_1789142313_a7ece2ac:1789142313896913768", 0.5]
[OSC] INFO: recv  /audiofile/progress  args= ["clip:clip_1789142313_a7ece2ac:1789142313896913768", 0.5]
[OSC] INFO: recv  /audiofile/progress  args= ["clip:clip_1789142313_a7ece2ac:1789142313896913768", 0.5]
[OSC] INFO: recv  /audiofile/progress  args= ["clip:clip_1789142313_a7ece2ac:1789142313896913768", 0.5]
[OSC] INFO: recv  /audiofile/progress  args= ["clip:clip_1789142313_a7ece2ac:1789142313896913768", 0.5]
[OSC] INFO: recv  /audiofile/progress  args= ["clip:clip_1789142313_a7ece2ac:1789142313896913768", 0.5]
[OSC] INFO: recv  /audiofile/progress  args= ["clip:clip_1789142313_a7ece2ac:1789142313896913768", 0.5]
[OSC] INFO: recv  /audiofile/progress  args= ["clip:clip_1789142313_a7ece2ac:1789142313896913768", 0.5]
[OSC] INFO: recv  /audiofile/progress  args= ["clip:clip_1789142313_a7ece2ac:1789142313896913768", 0.5]
[OSC] INFO: recv  /audiofile/progress  args= ["clip:clip_1789142313_a7ece2ac:1789142313896913768", 0.5]
[OSC] INFO: recv  /audiofile/progress  args= ["clip:clip_1789142313_a7ece2ac:1789142313896913768", 0.5]
[OSC] INFO: recv  /audiofile/progress  args= ["clip:clip_1789142313_a7ece2ac:1789142313896913768", 0.5]
[OSC] INFO: recv  /audiofile/progress  args= ["clip:clip_1789142313_a7ece2ac:1789142313896913768", 0.5]
[OSC] INFO: recv  /audiofile/progress  args= ["clip:clip_1789142313_a7ece2ac:1789142313896913768", 0.5]
[OSC] INFO: recv  /audiofile/progress  args= ["clip:clip_1789142313_a7ece2ac:1789142313896913768", 0.5]
[OSC] INFO: recv  /audiofile/progress  args= ["clip:clip_1789142313_a7ece2ac:1789142313896913768", 0.5]
[OSC] INFO: recv  /audiofile/progress  args= ["clip:clip_1789142313_a7ece2ac:1789142313896913768", 0.5]
[OSC] INFO: recv  /audiofile/progress  args= ["clip:clip_1789142313_a7ece2ac:1789142313896913768", 0.5]
[OSC] INFO: recv  /audiofile/progress  args= ["clip:clip_1789142313_a7ece2ac:1789142313896913768", 0.5]
[OSC] INFO: recv  /audiofile/progress  args= ["clip:clip_1789142313_a7ece2ac:1789142313896913768", 0.5]
[OSC] INFO: recv  /audiofile/progress  args= ["clip:clip_1789142313_a7ece2ac:1789142313896913768", 0.5]
[OSC] INFO: recv  /audiofile/progress  args= ["clip:clip_1789142313_a7ece2ac:1789142313896913768", 0.5]
[OSC] INFO: recv  /audiofile/progress  args= ["clip:clip_1789142313_a7ece2ac:1789142313896913768", 0.5]
[OSC] INFO: recv  /audiofile/progress  args= ["clip:clip_1789142313_a7ece2ac:1789142313896913768", 0.5]
[OSC] INFO: recv  /audiofile/progress  args= ["clip:clip_1789142313_a7ece2ac:1789142313896913768", 0.5]
[OSC] INFO: recv  /audiofile/progress  args= ["clip:clip_1789142313_a7ece2ac:1789142313896913768", 0.5]
[OSC] INFO: recv  /audiofile/progress  args= ["clip:clip_1789142313_a7ece2ac:1789142313896913768", 0.5]
[OSC] INFO: recv  /audiofile/progress  args= ["clip:clip_1789142313_a7ece2ac:1789142313896913768", 0.5]
[OSC] INFO: recv  /audiofile/progress  args= ["clip:clip_1789142313_a7ece2ac:1789142313896913768", 0.5]
[OSC] INFO: recv  /audiofile/progress  args= ["clip:clip_1789142313_a7ece2ac:1789142313896913768", 0.5]
[OSC] INFO: recv  /audiofile/progress  args= ["clip:clip_1789142313_a7ece2ac:1789142313896913768", 0.5]
[OSC] INFO: recv  /audiofile/progress  args= ["clip:clip_1789142313_a7ece2ac:1789142313896913768", 0.5]
[OSC] INFO: recv  /audiofile/progress  args= ["clip:clip_1789142313_a7ece2ac:1789142313896913768", 0.5]
[OSC] INFO: recv  /audiofile/progress  args= ["clip:clip_1789142313_a7ece2ac:1789142313896913768", 0.5]
[OSC] INFO: recv  /audiofile/progress  args= ["clip:clip_1789142313_a7ece2ac:1789142313896913768", 0.5]
[OSC] INFO: recv  /audiofile/progress  args= ["clip:clip_1789142313_a7ece2ac:1789142313896913768", 0.5]
[OSC] INFO: recv  /audiofile/progress  args= ["clip:clip_1789142313_a7ece2ac:1789142313896913768", 0.5]
[OSC] INFO: recv  /audiofile/progress  args= ["clip:clip_1789142313_a7ece2ac:1789142313896913768", 0.5]
[OSC] INFO: recv  /audiofile/progress  args= ["clip:clip_1789142313_a7ece2ac:1789142313896913768", 0.5]
[OSC] INFO: recv  /audiofile/progress  args= ["clip:clip_1789142313_a7ece2ac:1789142313896913768", 0.5]
[OSC] INFO: recv  /audiofile/progress  args= ["clip:clip_1789142313_a7ece2ac:1789142313896913768", 0.5]
[OSC] INFO: recv  /audiofile/progress  args= ["clip:clip_1789142313_a7ece2ac:1789142313896913768", 0.5]
[OSC] INFO: recv  /audiofile/progress  args= ["clip:clip_1789142313_a7ece2ac:1789142313896913768", 0.5]
[OSC] INFO: recv  /audiofile/progress  args= ["clip:clip_1789142313_a7ece2ac:1789142313896913768", 0.5]
[OSC] INFO: recv  /audiofile/progress  args= ["clip:clip_1789142313_a7ece2ac:1789142313896913768", 0.5]
[OSC] INFO: recv  /audiofile/progress  args= ["clip:clip_1789142313_a7ece2ac:1789142313896913768", 0.5]
[OSC] INFO: recv  /audiofile/progress  args= ["clip:clip_1789142313_a7ece2ac:1789142313896913768", 0.5]
[OSC] INFO: recv  /audiofile/progress  args= ["clip:clip_1789142313_a7ece2ac:1789142313896913768", 0.5]
[OSC] INFO: recv  /audiofile/progress  args= ["clip:clip_1789142313_a7ece2ac:1789142313896913768", 0.5]
[OSC] INFO: recv  /audiofile/progress  args= ["clip:clip_1789142313_a7ece2ac:1789142313896913768", 0.5]
[OSC] INFO: recv  /audiofile/progress  args= ["clip:clip_1789142313_a7ece2ac:1789142313896913768", 0.5]
[OSC] INFO: recv  /audiofile/progress  args= ["clip:clip_1789142313_a7ece2ac:1789142313896913768", 0.5]
[OSC] INFO: recv  /audiofile/progress  args= ["clip:clip_1789142313_a7ece2ac:1789142313896913768", 0.5]
[OSC] INFO: recv  /audiofile/progress  args= ["clip:clip_1789142313_a7ece2ac:1789142313896913768", 0.5]
[OSC] INFO: recv  /audiofile/progress  args= ["clip:clip_1789142313_a7ece2ac:1789142313896913768", 0.5]
[OSC] INFO: recv  /audiofile/progress  args= ["clip:clip_1789142313_a7ece2ac:1789142313896913768", 0.5]
[OSC] INFO: recv  /audiofile/progress  args= ["clip:clip_1789142313_a7ece2ac:1789142313896913768", 0.5]
[OSC] INFO: recv  /audiofile/progress  args= ["clip:clip_1789142313_a7ece2ac:1789142313896913768", 0.5]
[OSC] INFO: recv  /audiofile/progress  args= ["clip:clip_1789142313_a7ece2ac:1789142313896913768", 0.5]
[OSC] INFO: recv  /audiofile/progress  args= ["clip:clip_1789142313_a7ece2ac:1789142313896913768", 0.5]
[OSC] INFO: recv  /audiofile/progress  args= ["clip:clip_1789142313_a7ece2ac:1789142313896913768", 0.5]
[OSC] INFO: recv  /audiofile/progress  args= ["clip:clip_1789142313_a7ece2ac:1789142313896913768", 0.5]
[OSC] INFO: recv  /audiofile/progress  args= ["clip:clip_1789142313_a7ece2ac:1789142313896913768", 0.5]
[OSC] INFO: recv  /audiofile/progress  args= ["clip:clip_1789142313_a7ece2ac:1789142313896913768", 0.5]
[OSC] INFO: recv  /audiofile/progress  args= ["clip:clip_1789142313_a7ece2ac:1789142313896913768", 0.5]
[OSC] INFO: recv  /audiofile/progress  args= ["clip:clip_1789142313_a7ece2ac:1789142313896913768", 0.5]
[OSC] INFO: recv  /audiofile/progress  args= ["clip:clip_1789142313_a7ece2ac:1789142313896913768", 0.5]
[OSC] INFO: recv  /audiofile/progress  args= ["clip:clip_1789142313_a7ece2ac:1789142313896913768", 0.5]
[OSC] INFO: recv  /audiofile/progress  args= ["clip:clip_1789142313_a7ece2ac:1789142313896913768", 0.5]
[OSC] INFO: recv  /audiofile/progress  args= ["clip:clip_1789142313_a7ece2ac:1789142313896913768", 0.5]
[OSC] INFO: recv  /audiofile/progress  args= ["clip:clip_1789142313_a7ece2ac:1789142313896913768", 0.5]
[OSC] INFO: recv  /audiofile/progress  args= ["clip:clip_1789142313_a7ece2ac:1789142313896913768", 0.5]
[OSC] INFO: recv  /audiofile/progress  args= ["clip:clip_1789142313_a7ece2ac:1789142313896913768", 0.5]
[OSC] INFO: recv  /audiofile/progress  args= ["clip:clip_1789142313_a7ece2ac:1789142313896913768", 0.5]
[OSC] INFO: recv  /audiofile/progress  args= ["clip:clip_1789142313_a7ece2ac:1789142313896913768", 0.5]
[OSC] INFO: recv  /audiofile/progress  args= ["clip:clip_1789142313_a7ece2ac:1789142313896913768", 0.5]
[OSC] INFO: recv  /audiofile/progress  args= ["clip:clip_1789142313_a7ece2ac:1789142313896913768", 0.5]
[OSC] INFO: recv  /audiofile/progress  args= ["clip:clip_1789142313_a7ece2ac:1789142313896913768", 0.5]
[OSC] INFO: recv  /audiofile/progress  args= ["clip:clip_1789142313_a7ece2ac:1789142313896913768", 0.5]
[OSC] INFO: recv  /audiofile/progress  args= ["clip:clip_1789142313_a7ece2ac:1789142313896913768", 0.5]
[OSC] INFO: recv  /audiofile/progress  args= ["clip:clip_1789142313_a7ece2ac:1789142313896913768", 0.5]
[OSC] INFO: recv  /audiofile/progress  args= ["clip:clip_1789142313_a7ece2ac:1789142313896913768", 0.5]
[OSC] INFO: recv  /audiofile/progress  args= ["clip:clip_1789142313_a7ece2ac:1789142313896913768", 0.5]
[OSC] INFO: recv  /audiofile/progress  args= ["clip:clip_1789142313_a7ece2ac:1789142313896913768", 0.5]
[OSC] INFO: recv  /audiofile/progress  args= ["clip:clip_1789142313_a7ece2ac:1789142313896913768", 0.5]
[OSC] INFO: recv  /audiofile/progress  args= ["clip:clip_1789142313_a7ece2ac:1789142313896913768", 0.5]
[OSC] INFO: recv  /audiofile/progress  args= ["clip:clip_1789142313_a7ece2ac:1789142313896913768", 0.5]
[OSC] INFO: recv  /audiofile/progress  args= ["clip:clip_1789142313_a7ece2ac:1789142313896913768", 0.5]
[OSC] INFO: recv  /audiofile/progress  args= ["clip:clip_1789142313_a7ece2ac:1789142313896913768", 0.5]
[OSC] INFO: recv  /audiofile/progress  args= ["clip:clip_1789142313_a7ece2ac:1789142313896913768", 0.5]
[OSC] INFO: recv  /audiofile/progress  args= ["clip:clip_1789142313_a7ece2ac:1789142313896913768", 0.5]
[OSC] INFO: recv  /audiofile/progress  args= ["clip:clip_1789142313_a7ece2ac:1789142313896913768", 0.5]
[OSC] INFO: recv  /audiofile/progress  args= ["clip:clip_1789142313_a7ece2ac:1789142313896913768", 0.5]
[OSC] INFO: recv  /audiofile/progress  args= ["clip:clip_1789142313_a7ece2ac:1789142313896913768", 0.5]
[OSC] INFO: recv  /audiofile/progress  args= ["clip:clip_1789142313_a7ece2ac:1789142313896913768", 0.5]
[OSC] INFO: recv  /audiofile/progress  args= ["clip:clip_1789142313_a7ece2ac:1789142313896913768", 0.5]
[OSC] INFO: recv  /audiofile/progress  args= ["clip:clip_1789142313_a7ece2ac:1789142313896913768", 0.5]
[OSC] INFO: recv  /audiofile/progress  args= ["clip:clip_1789142313_a7ece2ac:1789142313896913768", 0.5]
[OSC] INFO: recv  /audiofile/progress  args= ["clip:clip_1789142313_a7ece2ac:1789142313896913768", 0.5]
[OSC] INFO: recv  /audiofile/progress  args= ["clip:clip_1789142313_a7ece2ac:1789142313896913768", 0.5]
[OSC] INFO: recv  /audiofile/progress  args= ["clip:clip_1789142313_a7ece2ac:1789142313896913768", 0.5]
[OSC] INFO: recv  /audiofile/progress  args= ["clip:clip_1789142313_a7ece2ac:1789142313896913768", 0.5]
[OSC] INFO: recv  /audiofile/progress  args= ["clip:clip_1789142313_a7ece2ac:1789142313896913768", 0.5]
[OSC] INFO: recv  /audiofile/progress  args= ["clip:clip_1789142313_a7ece2ac:1789142313896913768", 0.5]
[OSC] INFO: recv  /audiofile/progress  args= ["clip:clip_1789142313_a7ece2ac:1789142313896913768", 0.5]
[OSC] INFO: recv  /audiofile/progress  args= ["clip:clip_1789142313_a7ece2ac:1789142313896913768", 0.5]
[OSC] INFO: recv  /audiofile/progress  args= ["clip:clip_1789142313_a7ece2ac:1789142313896913768", 0.5]
[OSC] INFO: recv  /audiofile/progress  args= ["clip:clip_1789142313_a7ece2ac:1789142313896913768", 0.5]
[OSC] INFO: recv  /audiofile/progress  args= ["clip:clip_1789142313_a7ece2ac:1789142313896913768", 0.5]
[OSC] INFO: recv  /audiofile/progress  args= ["clip:clip_1789142313_a7ece2ac:1789142313896913768", 0.5]
[OSC] INFO: recv  /audiofile/progress  args= ["clip:clip_1789142313_a7ece2ac:1789142313896913768", 0.5]
[OSC] INFO: recv  /audiofile/progress  args= ["clip:clip_1789142313_a7ece2ac:1789142313896913768", 0.5]
[OSC] INFO: recv  /audiofile/progress  args= ["clip:clip_1789142313_a7ece2ac:1789142313896913768", 0.5]
[OSC] INFO: recv  /audiofile/progress  args= ["clip:clip_1789142313_a7ece2ac:1789142313896913768", 0.5]
[OSC] INFO: recv  /audiofile/progress  args= ["clip:clip_1789142313_a7ece2ac:1789142313896913768", 0.5]
[OSC] INFO: recv  /audiofile/progress  args= ["clip:clip_1789142313_a7ece2ac:1789142313896913768", 0.5]
[OSC] INFO: recv  /audiofile/progress  args= ["clip:clip_1789142313_a7ece2ac:1789142313896913768", 0.5]
[OSC] INFO: recv  /audiofile/progress  args= ["clip:clip_1789142313_a7ece2ac:1789142313896913768", 0.5]
[OSC] INFO: recv  /audiofile/progress  args= ["clip:clip_1789142313_a7ece2ac:1789142313896913768", 0.5]
[OSC] INFO: recv  /audiofile/progress  args= ["clip:clip_1789142313_a7ece2ac:1789142313896913768", 0.5]
[OSC] INFO: recv  /audiofile/progress  args= ["clip:clip_1789142313_a7ece2ac:1789142313896913768", 0.5]
[OSC] INFO: recv  /audiofile/progress  args= ["clip:clip_1789142313_a7ece2ac:1789142313896913768", 0.5]
[OSC] INFO: recv  /audiofile/progress  args= ["clip:clip_1789142313_a7ece2ac:1789142313896913768", 0.5]
[OSC] INFO: recv  /audiofile/progress  args= ["clip:clip_1789142313_a7ece2ac:1789142313896913768", 0.5]
[OSC] INFO: recv  /audiofile/progress  args= ["clip:clip_1789142313_a7ece2ac:1789142313896913768", 0.5]
[OSC] INFO: recv  /audiofile/progress  args= ["clip:clip_1789142313_a7ece2ac:1789142313896913768", 0.5]
[OSC] INFO: recv  /audiofile/progress  args= ["clip:clip_1789142313_a7ece2ac:1789142313896913768", 0.5]
[OSC] INFO: recv  /audiofile/progress  args= ["clip:clip_1789142313_a7ece2ac:1789142313896913768", 0.5]
[OSC] INFO: recv  /audiofile/progress  args= ["clip:clip_1789142313_a7ece2ac:1789142313896913768", 0.5]
[OSC] INFO: recv  /audiofile/progress  args= ["clip:clip_1789142313_a7ece2ac:1789142313896913768", 0.5]
[OSC] INFO: recv  /audiofile/progress  args= ["clip:clip_1789142313_a7ece2ac:1789142313896913768", 0.5]
[OSC] INFO: recv  /audiofile/progress  args= ["clip:clip_1789142313_a7ece2ac:1789142313896913768", 0.5]
[OSC] INFO: recv  /audiofile/progress  args= ["clip:clip_1789142313_a7ece2ac:1789142313896913768", 0.5]
[OSC] INFO: recv  /audiofile/progress  args= ["clip:clip_1789142313_a7ece2ac:1789142313896913768", 0.5]
[OSC] INFO: recv  /audiofile/progress  args= ["clip:clip_1789142313_a7ece2ac:1789142313896913768", 0.5]
[OSC] INFO: recv  /audiofile/progress  args= ["clip:clip_1789142313_a7ece2ac:1789142313896913768", 0.5]
[OSC] INFO: recv  /audiofile/progress  args= ["clip:clip_1789142313_a7ece2ac:1789142313896913768", 0.5]
[OSC] INFO: recv  /audiofile/progress  args= ["clip:clip_1789142313_a7ece2ac:1789142313896913768", 0.5]
[OSC] INFO: recv  /audiofile/progress  args= ["clip:clip_1789142313_a7ece2ac:1789142313896913768", 0.5]
[OSC] INFO: recv  /audiofile/progress  args= ["clip:clip_1789142313_a7ece2ac:1789142313896913768", 0.5]
[OSC] INFO: recv  /audiofile/progress  args= ["clip:clip_1789142313_a7ece2ac:1789142313896913768", 0.5]
[OSC] INFO: recv  /audiofile/progress  args= ["clip:clip_1789142313_a7ece2ac:1789142313896913768", 0.5]
[OSC] INFO: recv  /audiofile/progress  args= ["clip:clip_1789142313_a7ece2ac:1789142313896913768", 0.5]
[OSC] INFO: recv  /audiofile/progress  args= ["clip:clip_1789142313_a7ece2ac:1789142313896913768", 0.5]
[OSC] INFO: recv  /audiofile/progress  args= ["clip:clip_1789142313_a7ece2ac:1789142313896913768", 0.5]
[OSC] INFO: recv  /audiofile/progress  args= ["clip:clip_1789142313_a7ece2ac:1789142313896913768", 0.5]
[OSC] INFO: recv  /audiofile/progress  args= ["clip:clip_1789142313_a7ece2ac:1789142313896913768", 0.5]
[OSC] INFO: recv  /audiofile/progress  args= ["clip:clip_1789142313_a7ece2ac:1789142313896913768", 0.5]
[OSC] INFO: recv  /audiofile/progress  args= ["clip:clip_1789142313_a7ece2ac:1789142313896913768", 0.5]
[OSC] INFO: recv  /audiofile/progress  args= ["clip:clip_1789142313_a7ece2ac:1789142313896913768", 0.5]
[OSC] INFO: recv  /audiofile/progress  args= ["clip:clip_1789142313_a7ece2ac:1789142313896913768", 0.5]
[OSC] INFO: recv  /audiofile/progress  args= ["clip:clip_1789142313_a7ece2ac:1789142313896913768", 0.5]
[OSC] INFO: recv  /audiofile/progress  args= ["clip:clip_1789142313_a7ece2ac:1789142313896913768", 0.5]
[OSC] INFO: recv  /audiofile/progress  args= ["clip:clip_1789142313_a7ece2ac:1789142313896913768", 0.5]
[OSC] INFO: recv  /audiofile/progress  args= ["clip:clip_1789142313_a7ece2ac:1789142313896913768", 0.5]
[OSC] INFO: recv  /audiofile/progress  args= ["clip:clip_1789142313_a7ece2ac:1789142313896913768", 0.5]
[OSC] INFO: recv  /audiofile/progress  args= ["clip:clip_1789142313_a7ece2ac:1789142313896913768", 0.5]
[OSC] INFO: recv  /audiofile/progress  args= ["clip:clip_1789142313_a7ece2ac:1789142313896913768", 0.5]
[OSC] INFO: recv  /audiofile/progress  args= ["clip:clip_1789142313_a7ece2ac:1789142313896913768", 0.5]
[OSC] INFO: recv  /audiofile/progress  args= ["clip:clip_1789142313_a7ece2ac:1789142313896913768", 0.5]
[OSC] INFO: recv  /audiofile/progress  args= ["clip:clip_1789142313_a7ece2ac:1789142313896913768", 0.5]
[OSC] INFO: recv  /audiofile/progress  args= ["clip:clip_1789142313_a7ece2ac:1789142313896913768", 0.5]
[OSC] INFO: recv  /audiofile/progress  args= ["clip:clip_1789142313_a7ece2ac:1789142313896913768", 0.5]
[OSC] INFO: recv  /audiofile/progress  args= ["clip:clip_1789142313_a7ece2ac:1789142313896913768", 0.5]
[OSC] INFO: recv  /audiofile/progress  args= ["clip:clip_1789142313_a7ece2ac:1789142313896913768", 0.5]
[OSC] INFO: recv  /audiofile/progress  args= ["clip:clip_1789142313_a7ece2ac:1789142313896913768", 0.5]
[OSC] INFO: recv  /audiofile/progress  args= ["clip:clip_1789142313_a7ece2ac:1789142313896913768", 0.5]
[OSC] INFO: recv  /audiofile/progress  args= ["clip:clip_1789142313_a7ece2ac:1789142313896913768", 0.5]
[OSC] INFO: recv  /audiofile/progress  args= ["clip:clip_1789142313_a7ece2ac:1789142313896913768", 0.5]
[OSC] INFO: recv  /audiofile/progress  args= ["clip:clip_1789142313_a7ece2ac:1789142313896913768", 0.5]
[OSC] INFO: recv  /audiofile/progress  args= ["clip:clip_1789142313_a7ece2ac:1789142313896913768", 0.5]
[OSC] INFO: recv  /audiofile/progress  args= ["clip:clip_1789142313_a7ece2ac:1789142313896913768", 0.5]
[OSC] INFO: recv  /audiofile/progress  args= ["clip:clip_1789142313_a7ece2ac:1789142313896913768", 0.5]
[OSC] INFO: recv  /audiofile/progress  args= ["clip:clip_1789142313_a7ece2ac:1789142313896913768", 0.5]
[OSC] INFO: recv  /audiofile/progress  args= ["clip:clip_1789142313_a7ece2ac:1789142313896913768", 0.5]
[OSC] INFO: recv  /audiofile/progress  args= ["clip:clip_1789142313_a7ece2ac:1789142313896913768", 0.5]
[OSC] INFO: recv  /audiofile/progress  args= ["clip:clip_1789142313_a7ece2ac:1789142313896913768", 0.5]
[OSC] INFO: recv  /audiofile/progress  args= ["clip:clip_1789142313_a7ece2ac:1789142313896913768", 0.5]
[OSC] INFO: recv  /audiofile/progress  args= ["clip:clip_1789142313_a7ece2ac:1789142313896913768", 0.5]
[OSC] INFO: recv  /audiofile/progress  args= ["clip:clip_1789142313_a7ece2ac:1789142313896913768", 0.5]
[OSC] INFO: recv  /audiofile/progress  args= ["clip:clip_1789142313_a7ece2ac:1789142313896913768", 0.5]
[OSC] INFO: recv  /audiofile/progress  args= ["clip:clip_1789142313_a7ece2ac:1789142313896913768", 0.5]
[OSC] INFO: recv  /audiofile/progress  args= ["clip:clip_1789142313_a7ece2ac:1789142313896913768", 0.5]
[OSC] INFO: recv  /audiofile/progress  args= ["clip:clip_1789142313_a7ece2ac:1789142313896913768", 0.5]
[OSC] INFO: recv  /audiofile/progress  args= ["clip:clip_1789142313_a7ece2ac:1789142313896913768", 0.5]
[OSC] INFO: recv  /audiofile/progress  args= ["clip:clip_1789142313_a7ece2ac:1789142313896913768", 0.5]
[OSC] INFO: recv  /audiofile/progress  args= ["clip:clip_1789142313_a7ece2ac:1789142313896913768", 0.5]
[OSC] INFO: recv  /audiofile/progress  args= ["clip:clip_1789142313_a7ece2ac:1789142313896913768", 0.5]
[OSC] INFO: recv  /audiofile/progress  args= ["clip:clip_1789142313_a7ece2ac:1789142313896913768", 0.5]
[OSC] INFO: recv  /audiofile/progress  args= ["clip:clip_1789142313_a7ece2ac:1789142313896913768", 0.5]
[OSC] INFO: recv  /audiofile/progress  args= ["clip:clip_1789142313_a7ece2ac:1789142313896913768", 0.5]
[OSC] INFO: recv  /audiofile/progress  args= ["clip:clip_1789142313_a7ece2ac:1789142313896913768", 0.5]
[OSC] INFO: recv  /audiofile/progress  args= ["clip:clip_1789142313_a7ece2ac:1789142313896913768", 0.5]
[OSC] INFO: recv  /audiofile/progress  args= ["clip:clip_1789142313_a7ece2ac:1789142313896913768", 0.5]
[OSC] INFO: recv  /audiofile/progress  args= ["clip:clip_1789142313_a7ece2ac:1789142313896913768", 0.5]
[OSC] INFO: recv  /audiofile/progress  args= ["clip:clip_1789142313_a7ece2ac:1789142313896913768", 0.5]
[OSC] INFO: recv  /audiofile/progress  args= ["clip:clip_1789142313_a7ece2ac:1789142313896913768", 0.5]
[OSC] INFO: recv  /audiofile/progress  args= ["clip:clip_1789142313_a7ece2ac:1789142313896913768", 0.5]
[OSC] INFO: recv  /audiofile/progress  args= ["clip:clip_1789142313_a7ece2ac:1789142313896913768", 0.5]
[OSC] INFO: recv  /audiofile/progress  args= ["clip:clip_1789142313_a7ece2ac:1789142313896913768", 0.5]
[OSC] INFO: recv  /audiofile/progress  args= ["clip:clip_1789142313_a7ece2ac:1789142313896913768", 0.5]
[OSC] INFO: recv  /audiofile/progress  args= ["clip:clip_1789142313_a7ece2ac:1789142313896913768", 0.5]
[OSC] INFO: recv  /audiofile/progress  args= ["clip:clip_1789142313_a7ece2ac:1789142313896913768", 0.5]
[OSC] INFO: recv  /audiofile/progress  args= ["clip:clip_1789142313_a7ece2ac:1789142313896913768", 0.5]
[OSC] INFO: recv  /audiofile/progress  args= ["clip:clip_1789142313_a7ece2ac:1789142313896913768", 0.5]
[OSC] INFO: recv  /audiofile/progress  args= ["clip:clip_1789142313_a7ece2ac:1789142313896913768", 0.5]
[OSC] WARN: Unhandled message:  /status/sample_position  =  [44424192]
[OSC] INFO: recv  /audiofile/decode/ready  args= ["clip:clip_1789142313_a7ece2ac:1789142313896913768", "a40b5e6a2bcb1867.swf", 2, 11385738, 44100, 258.179992675781, 22771476]
[OSC] INFO: recv  /audiofile/waveform/level  args= ["clip:clip_1789142313_a7ece2ac:1789142313896913768", 0, 22237, 513, "/home/peter/.cache/sonara/waveforms/a40b5e6a2bcb1867.swf", 1058, 12312]
[OSC] INFO: recv  /audiofile/waveform/level  args= ["clip:clip_1789142313_a7ece2ac:1789142313896913768", 1, 11118, 1025, "/home/peter/.cache/sonara/waveforms/a40b5e6a2bcb1867.swf", 13370, 24600]
[OSC] INFO: recv  /audiofile/waveform/level  args= ["clip:clip_1789142313_a7ece2ac:1789142313896913768", 2, 5559, 2049, "/home/peter/.cache/sonara/waveforms/a40b5e6a2bcb1867.swf", 37970, 49176]
[OSC] INFO: recv  /audiofile/waveform/level  args= ["clip:clip_1789142313_a7ece2ac:1789142313896913768", 3, 2779, 4098, "/home/peter/.cache/sonara/waveforms/a40b5e6a2bcb1867.swf", 87146, 98352]
[OSC] INFO: recv  /audiofile/waveform/level  args= ["clip:clip_1789142313_a7ece2ac:1789142313896913768", 4, 1389, 8198, "/home/peter/.cache/sonara/waveforms/a40b5e6a2bcb1867.swf", 185498, 196752]
[OSC] INFO: recv  /audiofile/waveform/level  args= ["clip:clip_1789142313_a7ece2ac:1789142313896913768", 5, 694, 16406, "/home/peter/.cache/sonara/waveforms/a40b5e6a2bcb1867.swf", 382250, 393744]
[OSC] WARN: Unhandled message:  /status/sample_position  =  [44448768]
[OSC] INFO: recv  /audiofile/waveform/level  args= ["clip:clip_1789142313_a7ece2ac:1789142313896913768", 6, 347, 32812, "/home/peter/.cache/sonara/waveforms/a40b5e6a2bcb1867.swf", 775994, 787488]
[OSC] INFO: recv  /audiofile/waveform/level  args= ["clip:clip_1789142313_a7ece2ac:1789142313896913768", 7, 173, 65814, "/home/peter/.cache/sonara/waveforms/a40b5e6a2bcb1867.swf", 1563482, 1579536]
[OSC] WARN: Unhandled message:  /status/sample_position  =  [44491776]
[OSC] INFO: recv  /audiofile/waveform/level  args= ["clip:clip_1789142313_a7ece2ac:1789142313896913768", 8, 128, 88952, "/home/peter/.cache/sonara/waveforms/a40b5e6a2bcb1867.swf", 3143018, 2134848]
[OSC] WARN: Unhandled message:  /status/sample_position  =  [44522496]
[OSC] INFO: sending  /transport/pause  args:  []
[OSC] INFO: sending  /transport/seek  args:  [0]
[OSC] INFO: sending  /transport/play  args:  []
[OSC] WARN: Unhandled message:  /status/sample_position  =  [44611584]
[OSC] WARN: Unhandled message:  /status/sample_position  =  [44620800]
[OSC] WARN: Unhandled message:  /status/sample_position  =  [44657664]
[OSC] WARN: Unhandled message:  /status/sample_position  =  [44688384]
[OSC] INFO: sending  /track/1/instance/inst_1789142313_ba8c81a9/set_position  args:  [0, 7680, 0]
[OSC] INFO: sending  /track/1/instance/inst_1789142313_ba8c81a9/set_position  args:  [0, 11520, 0]
[OSC] INFO: sending  /track/1/instance/inst_1789142313_ba8c81a9/set_position  args:  [0, 15360, 0]
[OSC] INFO: sending  /track/1/instance/inst_1789142313_ba8c81a9/set_position  args:  [0, 19200, 0]
[OSC] INFO: sending  /track/1/instance/inst_1789142313_ba8c81a9/set_position  args:  [0, 15360, 0]
[OSC] INFO: sending  /track/1/instance/inst_1789142313_ba8c81a9/set_position  args:  [0, 11520, 0]
[OSC] INFO: sending  /track/1/instance/inst_1789142313_ba8c81a9/set_position  args:  [0, 7680, 0]
[OSC] INFO: sending  /track/1/instance/inst_1789142313_ba8c81a9/set_position  args:  [0, 11520, 0]
[OSC] INFO: sending  /track/1/instance/inst_1789142313_ba8c81a9/set_position  args:  [0, 15360, 0]
[OSC] INFO: sending  /track/1/instance/inst_1789142313_ba8c81a9/set_position  args:  [0, 19200, 0]
[OSC] INFO: sending  /track/1/instance/inst_1789142313_ba8c81a9/set_position  args:  [0, 23040, 0]
[OSC] WARN: Unhandled message:  /status/sample_position  =  [44863488]
[OSC] WARN: Unhandled message:  /status/sample_position  =  [44955648]
[OSC] WARN: Unhandled message:  /status/sample_position  =  [44980224]
[OSC] INFO: sending  /track/1/instance/inst_1789142313_ba8c81a9/set_position  args:  [0, 26880, 0]
[OSC] INFO: sending  /track/1/instance/inst_1789142313_ba8c81a9/set_position  args:  [0, 30720, 0]
[OSC] INFO: sending  /track/1/instance/inst_1789142313_ba8c81a9/set_position  args:  [0, 34560, 0]
[OSC] INFO: sending  /track/1/instance/inst_1789142313_ba8c81a9/set_position  args:  [0, 38400, 0]
[OSC] INFO: sending  /track/1/instance/inst_1789142313_ba8c81a9/set_position  args:  [0, 42240, 0]
[OSC] INFO: sending  /track/1/instance/inst_1789142313_ba8c81a9/set_position  args:  [0, 46080, 0]
[OSC] INFO: sending  /track/1/instance/inst_1789142313_ba8c81a9/set_position  args:  [0, 49920, 0]
[OSC] INFO: sending  /track/1/instance/inst_1789142313_ba8c81a9/set_position  args:  [0, 53760, 0]
[OSC] INFO: sending  /track/1/instance/inst_1789142313_ba8c81a9/set_position  args:  [0, 57600, 0]
[OSC] INFO: sending  /track/1/instance/inst_1789142313_ba8c81a9/set_position  args:  [0, 61440, 0]
[OSC] INFO: sending  /track/1/instance/inst_1789142313_ba8c81a9/set_position  args:  [0, 65280, 0]
[OSC] INFO: sending  /track/1/instance/inst_1789142313_ba8c81a9/set_position  args:  [0, 69120, 0]
[OSC] INFO: sending  /track/1/instance/inst_1789142313_ba8c81a9/set_position  args:  [0, 72960, 0]
[OSC] INFO: sending  /track/1/instance/inst_1789142313_ba8c81a9/set_position  args:  [0, 76800, 0]
[OSC] INFO: sending  /track/1/instance/inst_1789142313_ba8c81a9/set_position  args:  [0, 80640, 0]
[OSC] INFO: sending  /track/1/instance/inst_1789142313_ba8c81a9/set_position  args:  [0, 84480, 0]
[OSC] INFO: sending  /track/1/instance/inst_1789142313_ba8c81a9/set_position  args:  [0, 80640, 0]
[OSC] WARN: Unhandled message:  /status/sample_position  =  [45063168]
[OSC] WARN: Unhandled message:  /status/sample_position  =  [45124608]
[OSC] WARN: Unhandled message:  /status/sample_position  =  [45167616]
[OSC] WARN: Unhandled message:  /status/sample_position  =  [45182976]
[OSC] WARN: Unhandled message:  /status/sample_position  =  [45275136]
[OSC] WARN: Unhandled message:  /status/sample_position  =  [45333504]
[OSC] INFO: sending  /channel/4/mute  args:  [1]
[OSC] WARN: Unhandled message:  /status/sample_position  =  [45591552]
[OSC] INFO: sending  /channel/4/mute  args:  [0]
[OSC] INFO: sending  /transport/pause  args:  []
[OSC] INFO: sending  /transport/seek  args:  [0]
[ClipEditor] INFO: Clips selected: 0 clips, multi_track=false
[OSC] INFO: sending  /transport/seek  args:  [34560]
[OSC] INFO: sending  /transport/play  args:  []
[OSC] WARN: Unhandled message:  /status/sample_position  =  [48433152]
[OSC] INFO: sending  /channel/3/mute  args:  [1]
[OSC] WARN: Unhandled message:  /status/sample_position  =  [48497664]
[OSC] WARN: Unhandled message:  /status/sample_position  =  [48500736]
[OSC] WARN: Unhandled message:  /status/sample_position  =  [48503808]
[OSC] WARN: Unhandled message:  /status/sample_position  =  [48589824]
[OSC] INFO: sending  /channel/4/mute  args:  [1]
[OSC] WARN: Unhandled message:  /status/sample_position  =  [48715776]
[OSC] WARN: Unhandled message:  /status/sample_position  =  [48718848]
[OSC] INFO: sending  /channel/3/mute  args:  [0]
[OSC] WARN: Unhandled message:  /status/sample_position  =  [48737280]
[OSC] INFO: sending  /channel/3/volume  args:  [-16.9464200337716]
[OSC] INFO: sending  /channel/3/volume  args:  [-16.422895245833]
[OSC] INFO: sending  /channel/3/volume  args:  [-15.4162483514826]
[OSC] INFO: sending  /channel/3/volume  args:  [-14.4581918115628]
[OSC] INFO: sending  /channel/3/volume  args:  [-13.9956716178759]
[OSC] INFO: sending  /channel/3/volume  args:  [-13.1007276090258]
[OSC] INFO: sending  /channel/3/volume  args:  [-11.8261595272842]
[OSC] INFO: sending  /channel/3/volume  args:  [-11.0167772602608]
[OSC] INFO: sending  /channel/3/volume  args:  [-9.48248001432911]
[OSC] INFO: sending  /channel/3/volume  args:  [-8.75304955534956]
[OSC] INFO: sending  /channel/3/volume  args:  [-8.04621087468383]
[OSC] INFO: sending  /channel/3/volume  args:  [-7.02477941429555]
[OSC] INFO: sending  /channel/3/volume  args:  [-6.36764261726649]
[OSC] INFO: sending  /channel/3/volume  args:  [-6.0457443344826]
[OSC] INFO: sending  /channel/3/volume  args:  [-5.72810073191697]
[OSC] INFO: sending  /channel/3/volume  args:  [-5.10504445754269]
[OSC] INFO: sending  /channel/3/volume  args:  [-4.79938149764247]
[OSC] INFO: sending  /channel/3/volume  args:  [-4.49747178690762]
[OSC] WARN: Unhandled message:  /status/sample_position  =  [48777216]
[OSC] INFO: sending  /channel/3/volume  args:  [-4.19920458601032]
[OSC] INFO: sending  /channel/3/volume  args:  [-3.90447426528513]
[OSC] INFO: sending  /channel/3/volume  args:  [-3.32522541124319]
[OSC] INFO: sending  /channel/3/volume  args:  [-3.04051842700284]
[OSC] INFO: sending  /channel/3/volume  args:  [-2.75897089993945]
[OSC] INFO: sending  /channel/3/volume  args:  [-2.48049844147153]
[OSC] INFO: sending  /channel/3/volume  args:  [-2.20502019366247]
[OSC] INFO: sending  /channel/3/volume  args:  [-1.93245862972582]
[OSC] INFO: sending  /channel/3/volume  args:  [-1.3957910026835]
[OSC] WARN: Unhandled message:  /status/sample_position  =  [48789504]
[OSC] WARN: Unhandled message:  /status/sample_position  =  [48878592]
[OSC] INFO: sending  /channel/3/volume  args:  [-1.13154493680283]
[OSC] INFO: sending  /channel/3/volume  args:  [-1.3957910026835]
[OSC] INFO: sending  /channel/3/volume  args:  [-1.93245862972582]
[OSC] INFO: sending  /channel/3/volume  args:  [-2.20502019366247]
[OSC] WARN: Unhandled message:  /status/sample_position  =  [48936960]
[OSC] INFO: sending  /channel/3/mute  args:  [1]
[OSC] WARN: Unhandled message:  /status/sample_position  =  [48986112]
[OSC] INFO: sending  /channel/3/mute  args:  [0]
[OSC] INFO: sending  /channel/3/solo  args:  [1]
[OSC] WARN: Unhandled message:  /status/sample_position  =  [49056768]
[OSC] INFO: sending  /channel/3/solo  args:  [0]
[OSC] INFO: sending  /channel/3/solo  args:  [1]
[OSC] WARN: Unhandled message:  /status/sample_position  =  [49152000]
[OSC] INFO: sending  /channel/3/solo  args:  [0]
[OSC] WARN: Unhandled message:  /status/sample_position  =  [49228800]
[OSC] WARN: Unhandled message:  /status/sample_position  =  [49247232]
[OSC] INFO: sending  /channel/3/solo  args:  [1]
[OSC] INFO: sending  /channel/3/solo  args:  [0]
[OSC] WARN: Unhandled message:  /status/sample_position  =  [49305600]
[OSC] INFO: sending  /channel/2/solo  args:  [1]
[OSC] WARN: Unhandled message:  /status/sample_position  =  [49354752]
[OSC] INFO: sending  /channel/2/solo  args:  [0]
[OSC] INFO: sending  /channel/2/solo  args:  [1]
[OSC] WARN: Unhandled message:  /status/sample_position  =  [49582080]
[OSC] INFO: sending  /channel/2/solo  args:  [0]
[OSC] INFO: sending  /channel/2/solo  args:  [1]
[OSC] INFO: sending  /channel/2/solo  args:  [0]
[OSC] WARN: Unhandled message:  /status/sample_position  =  [49665024]
[OSC] INFO: sending  /transport/pause  args:  []
[OSC] INFO: sending  /transport/seek  args:  [0]
[OSC] INFO: sending  /transport/play  args:  []
[OSC] WARN: Unhandled message:  /status/sample_position  =  [49692672]
[OSC] INFO: sending  /channel/2/solo  args:  [1]
[OSC] WARN: Unhandled message:  /status/sample_position  =  [49830912]
[OSC] WARN: Unhandled message:  /status/sample_position  =  [49840128]
[OSC] WARN: Unhandled message:  /status/sample_position  =  [49846272]
[OSC] INFO: sending  /channel/2/solo  args:  [0]
[OSC] WARN: Unhandled message:  /status/sample_position  =  [49941504]
[OSC] WARN: Unhandled message:  /status/sample_position  =  [49947648]
[OSC] WARN: Unhandled message:  /status/sample_position  =  [49953792]
[OSC] WARN: Unhandled message:  /status/sample_position  =  [49966080]
[OSC] WARN: Unhandled message:  /status/sample_position  =  [49984512]
[OSC] WARN: Unhandled message:  /status/sample_position  =  [50064384]
[OSC] WARN: Unhandled message:  /status/sample_position  =  [50098176]
[OSC] WARN: Unhandled message:  /status/sample_position  =  [50141184]
[OSC] WARN: Unhandled message:  /status/sample_position  =  [50147328]
[OSC] WARN: Unhandled message:  /status/sample_position  =  [50202624]
[OSC] WARN: Unhandled message:  /status/sample_position  =  [50343936]
[OSC] WARN: Unhandled message:  /status/sample_position  =  [50371584]
[OSC] WARN: Unhandled message:  /status/sample_position  =  [50386944]
[OSC] WARN: Unhandled message:  /status/sample_position  =  [50463744]
[OSC] WARN: Unhandled message:  /status/sample_position  =  [50485248]
[OSC] WARN: Unhandled message:  /status/sample_position  =  [50494464]
[OSC] WARN: Unhandled message:  /status/sample_position  =  [50568192]
[OSC] WARN: Unhandled message:  /status/sample_position  =  [50583552]
[OSC] WARN: Unhandled message:  /status/sample_position  =  [50595840]
[OSC] WARN: Unhandled message:  /status/sample_position  =  [50663424]
[OSC] WARN: Unhandled message:  /status/sample_position  =  [50727936]
[OSC] WARN: Unhandled message:  /status/sample_position  =  [50743296]
[OSC] WARN: Unhandled message:  /status/sample_position  =  [50767872]
[OSC] WARN: Unhandled message:  /status/sample_position  =  [50792448]
[OSC] INFO: sending  /transport/pause  args:  []
[OSC] INFO: sending  /transport/seek  args:  [0]
[OSC] INFO: sending  /transport/play  args:  []
[OSC] INFO: sending  /transport/pause  args:  []
[OSC] INFO: sending  /transport/seek  args:  [0]
[OSC] INFO: sending  /transport/play  args:  []
[OSC] INFO: sending  /transport/pause  args:  []
[OSC] INFO: sending  /transport/seek  args:  [0]
[OSC] INFO: sending  /transport/seek  args:  [23040]
[OSC] INFO: sending  /transport/play  args:  []
[OSC] INFO: sending  /transport/pause  args:  []
[OSC] INFO: sending  /transport/seek  args:  [23040]
[OSC] INFO: sending  /channel/4/solo  args:  [1]
[OSC] INFO: sending  /transport/play  args:  []
[OSC] WARN: Unhandled message:  /status/sample_position  =  [51081216]
[OSC] INFO: sending  /transport/pause  args:  []
[OSC] INFO: sending  /transport/seek  args:  [23040]
[OSC] INFO: sending  /transport/play  args:  []
[OSC] WARN: Unhandled message:  /status/sample_position  =  [51139584]
[OSC] INFO: sending  /channel/4/mute  args:  [0]
[OSC] INFO: sending  /transport/pause  args:  []
[OSC] INFO: sending  /transport/seek  args:  [23040]
[OSC] INFO: sending  /transport/play  args:  []
[OSC] INFO: sending  /transport/pause  args:  []
[OSC] INFO: sending  /transport/seek  args:  [23040]
[OSC] INFO: sending  /transport/play  args:  []
[OSC] INFO: sending  /channel/4/mute  args:  [1]
[OSC] INFO: sending  /transport/pause  args:  []
[OSC] INFO: sending  /transport/seek  args:  [23040]
[OSC] INFO: sending  /transport/play  args:  []
[OSC] WARN: Unhandled message:  /status/sample_position  =  [51360768]
[OSC] INFO: sending  /transport/pause  args:  []
[OSC] INFO: sending  /transport/seek  args:  [23040]
[OSC] INFO: sending  /channel/4/mute  args:  [1]
[OSC] INFO: sending  /transport/play  args:  []
[OSC] WARN: Unhandled message:  /status/sample_position  =  [51382272]
[OSC] WARN: Unhandled message:  /status/sample_position  =  [51394560]
[OSC] INFO: sending  /transport/pause  args:  []
[OSC] INFO: sending  /transport/seek  args:  [23040]
[OSC] INFO: sending  /channel/4/mute  args:  [0]
[OSC] INFO: sending  /transport/play  args:  []
[OSC] WARN: Unhandled message:  /status/sample_position  =  [51443712]
[OSC] INFO: sending  /transport/pause  args:  []
[OSC] INFO: sending  /transport/seek  args:  [23040]
[OSC] INFO: sending  /transport/play  args:  []
[OSC] WARN: Unhandled message:  /status/sample_position  =  [51474432]
[OSC] INFO: sending  /transport/pause  args:  []
[OSC] INFO: sending  /transport/seek  args:  [23040]
[OSC] INFO: sending  /channel/4/mute  args:  [0]
[OSC] INFO: sending  /transport/play  args:  []
[OSC] INFO: sending  /transport/pause  args:  []
[OSC] INFO: sending  /transport/seek  args:  [23040]
[OSC] INFO: sending  /channel/4/mute  args:  [1]
[OSC] INFO: sending  /transport/play  args:  []
[OSC] INFO: sending  /channel/4/mute  args:  [0]
[OSC] INFO: sending  /transport/pause  args:  []
[OSC] INFO: sending  /transport/seek  args:  [23040]
[OSC] INFO: sending  /channel/4/mute  args:  [1]
[OSC] INFO: sending  /transport/play  args:  []
[OSC] INFO: sending  /transport/pause  args:  []
[OSC] INFO: sending  /transport/seek  args:  [23040]
[OSC] INFO: sending  /channel/4/mute  args:  [0]
[OSC] INFO: sending  /transport/play  args:  []
[OSC] WARN: Unhandled message:  /status/sample_position  =  [51600384]
[OSC] WARN: Unhandled message:  /status/sample_position  =  [51606528]
[OSC] INFO: sending  /channel/4/solo  args:  [0]
[OSC] WARN: Unhandled message:  /status/sample_position  =  [51649536]
[OSC] INFO: sending  /channel/4/solo  args:  [1]
[OSC] WARN: Unhandled message:  /status/sample_position  =  [51664896]
[ClipEditor] INFO: Clips selected: 1 clips, multi_track=false
[ClipEditor] INFO:   - Selection tracks: [Audio]
[OSC] WARN: Unhandled message:  /status/sample_position  =  [51861504]
[OSC] WARN: Unhandled message:  /status/sample_position  =  [51867648]
[OSC] WARN: Unhandled message:  /status/sample_position  =  [51879936]
[ClipEditor] INFO: Clips selected: 0 clips, multi_track=false
[OSC] INFO: sending  /transport/seek  args:  [15360]
[ClipEditor] INFO: Clips selected: 1 clips, multi_track=false
[ClipEditor] INFO:   - Selection tracks: [Audio]
[ClipEditor] INFO: Clips selected: 0 clips, multi_track=false
[OSC] INFO: sending  /transport/seek  args:  [11520]
[OSC] WARN: Unhandled message:  /status/sample_position  =  [51944448]
[ClipEditor] INFO: Clips selected: 1 clips, multi_track=false
[ClipEditor] INFO:   - Selection tracks: [Audio]
[ClipEditor] INFO: Clips selected: 0 clips, multi_track=false
[OSC] INFO: sending  /transport/seek  args:  [15360]
[OSC] INFO: sending  /transport/seek  args:  [26880]
[OSC] INFO: sending  /transport/seek  args:  [42240]
[OSC] INFO: sending  /transport/seek  args:  [42240]
[OSC] WARN: Unhandled message:  /status/sample_position  =  [51999744]
[OSC] INFO: sending  /transport/seek  args:  [15360]
[OSC] INFO: sending  /transport/seek  args:  [11520]
[OSC] WARN: Unhandled message:  /status/sample_position  =  [52036608]
[OSC] INFO: sending  /transport/seek  args:  [7680]
[OSC] INFO: sending  /transport/seek  args:  [23040]
[OSC] WARN: Unhandled message:  /status/sample_position  =  [52079616]
[OSC] INFO: sending  /transport/seek  args:  [19200]
[OSC] INFO: sending  /transport/seek  args:  [19200]
[OSC] INFO: sending  /transport/seek  args:  [19200]
[OSC] WARN: Unhandled message:  /status/sample_position  =  [52144128]
[OSC] INFO: sending  /transport/seek  args:  [19200]
[OSC] WARN: Unhandled message:  /status/sample_position  =  [52159488]
[OSC] INFO: sending  /transport/seek  args:  [34560]
[OSC] INFO: sending  /transport/seek  args:  [34560]
[OSC] INFO: sending  /transport/seek  args:  [34560]
[OSC] WARN: Unhandled message:  /status/sample_position  =  [52199424]
[OSC] INFO: sending  /transport/seek  args:  [30720]
[OSC] INFO: sending  /transport/seek  args:  [30720]
[OSC] INFO: sending  /transport/seek  args:  [30720]
[OSC] INFO: sending  /transport/seek  args:  [30720]
[OSC] INFO: sending  /transport/seek  args:  [30720]
[OSC] INFO: sending  /transport/seek  args:  [34560]
[OSC] INFO: sending  /transport/seek  args:  [34560]
[OSC] INFO: sending  /transport/seek  args:  [30720]
[OSC] WARN: Unhandled message:  /status/sample_position  =  [52334592]
[OSC] WARN: Unhandled message:  /status/sample_position  =  [52356096]
[OSC] WARN: Unhandled message:  /status/sample_position  =  [52402176]
[OSC] INFO: sending  /transport/seek  args:  [36480]
[OSC] INFO: sending  /transport/seek  args:  [38400]
[OSC] INFO: sending  /transport/seek  args:  [38880]
[OSC] INFO: sending  /transport/seek  args:  [38880]
[OSC] INFO: sending  /transport/seek  args:  [38640]
[OSC] INFO: sending  /transport/seek  args:  [38640]
[OSC] INFO: sending  /transport/seek  args:  [38640]
[OSC] INFO: sending  /transport/seek  args:  [38400]
[OSC] INFO: sending  /transport/seek  args:  [38400]
[OSC] INFO: sending  /transport/seek  args:  [38400]
[OSC] INFO: sending  /transport/seek  args:  [38400]
[OSC] INFO: sending  /transport/seek  args:  [38400]
[OSC] INFO: sending  /transport/seek  args:  [38400]
[OSC] WARN: Unhandled message:  /status/sample_position  =  [52712448]
[OSC] INFO: sending  /transport/seek  args:  [38400]
[OSC] INFO: sending  /transport/seek  args:  [38400]
[OSC] INFO: sending  /transport/seek  args:  [38400]
[OSC] INFO: sending  /transport/seek  args:  [38400]
[OSC] INFO: sending  /transport/seek  args:  [38400]
[OSC] INFO: sending  /transport/seek  args:  [38400]
[OSC] WARN: Unhandled message:  /status/sample_position  =  [52801536]
[OSC] INFO: sending  /transport/seek  args:  [38400]
[OSC] WARN: Unhandled message:  /status/sample_position  =  [52832256]
[OSC] INFO: sending  /transport/pause  args:  []
[OSC] INFO: sending  /transport/seek  args:  [38400]
[OSC] INFO: sending  /transport/seek  args:  [38400]
[OSC] INFO: sending  /transport/play  args:  []
[OSC] INFO: sending  /transport/pause  args:  []
[OSC] INFO: sending  /transport/seek  args:  [38400]
[OSC] INFO: sending  /transport/seek  args:  [38400]
[OSC] INFO: sending  /transport/play  args:  []
[OSC] INFO: sending  /transport/seek  args:  [38400]
[OSC] INFO: sending  /transport/seek  args:  [38400]
[OSC] INFO: sending  /transport/seek  args:  [38400]
[OSC] INFO: sending  /transport/seek  args:  [38400]
[OSC] INFO: sending  /transport/seek  args:  [38400]
[OSC] INFO: sending  /transport/seek  args:  [38400]
[OSC] INFO: sending  /transport/seek  args:  [38400]
[OSC] INFO: sending  /transport/seek  args:  [38400]
[OSC] INFO: sending  /transport/seek  args:  [38400]
[OSC] INFO: sending  /transport/seek  args:  [38400]
[OSC] INFO: sending  /transport/seek  args:  [38400]
[OSC] WARN: Unhandled message:  /status/sample_position  =  [53194752]
[OSC] WARN: Unhandled message:  /status/sample_position  =  [53271552]
[OSC] WARN: Unhandled message:  /status/sample_position  =  [53277696]
[OSC] WARN: Unhandled message:  /status/sample_position  =  [53289984]
[OSC] WARN: Unhandled message:  /status/sample_position  =  [53342208]
[OSC] WARN: Unhandled message:  /status/sample_position  =  [53348352]
[OSC] WARN: Unhandled message:  /status/sample_position  =  [53409792]
[OSC] WARN: Unhandled message:  /status/sample_position  =  [53501952]
[OSC] WARN: Unhandled message:  /status/sample_position  =  [53511168]
[OSC] WARN: Unhandled message:  /status/sample_position  =  [53560320]
[OSC] WARN: Unhandled message:  /status/sample_position  =  [53587968]
[OSC] WARN: Unhandled message:  /status/sample_position  =  [53603328]
[OSC] WARN: Unhandled message:  /status/sample_position  =  [53609472]
[OSC] INFO: sending  /transport/pause  args:  []
[OSC] INFO: sending  /transport/seek  args:  [38400]
[OSC] INFO: sending  /transport/seek  args:  [0]
[OSC] INFO: sending  /transport/seek  args:  [0]
[OSC] INFO: sending  /transport/seek  args:  [7680]
[OSC] INFO: sending  /transport/seek  args:  [3840]
[OSC] INFO: sending  /transport/seek  args:  [0]
[OSC] WARN: [Engine]  Failed to close subprocess plugin GUI at channel 3 device 0: Unexpected response
[ClipEditor] INFO: Clips selected: 1 clips, multi_track=false
[ClipEditor] INFO:   - Selection tracks: [Audio]
[MidiManager] INFO: Keyboard transpose: 12
[OSC] INFO: sending  /track/1/remove_instance  args:  ["inst_1789142313_ba8c81a9"]
[ClipEditor] INFO: Clips selected: 0 clips, multi_track=false
[OSC] INFO: sending  /transport/play  args:  []
[OSC] WARN: Unhandled message:  /status/sample_position  =  [55228416]
[OSC] WARN: Unhandled message:  /status/sample_position  =  [55277568]
[OSC] INFO: sending  /channel/4/solo  args:  [0]
[OSC] WARN: Unhandled message:  /status/sample_position  =  [55329792]
[OSC] INFO: sending  /channel/1/mute  args:  [0]
[OSC] INFO: sending  /channel/1/solo  args:  [1]
[OSC] INFO: Unregistered listener for  /channel/4/peak
[OSC] INFO: sending  /channel/4/remove  args:  []
[DeviceLane] INFO: [DeviceLane] Bound channel removed, clearing device lane
[OSC] INFO: sending  /transport/pause  args:  []
[OSC] INFO: sending  /transport/seek  args:  [0]
[OSC] INFO: sending  /transport/play  args:  []
[OSC] INFO: sending  /transport/pause  args:  []
[OSC] INFO: sending  /transport/seek  args:  [0]
[OSC] INFO: sending  /transport/play  args:  []
[OSC] WARN: Unhandled message:  /status/sample_position  =  [55532544]
[OSC] INFO: sending  /channel/1/solo  args:  [0]
[OSC] INFO: sending  /channel/1/solo  args:  [1]
[OSC] WARN: Unhandled message:  /status/sample_position  =  [55667712]
[OSC] INFO: sending  /channel/1/solo  args:  [0]
[OSC] WARN: Unhandled message:  /status/sample_position  =  [55698432]
[OSC] WARN: Unhandled message:  /status/sample_position  =  [55805952]
[OSC] WARN: Unhandled message:  /status/sample_position  =  [55852032]
[OSC] WARN: Unhandled message:  /status/sample_position  =  [55870464]
[OSC] WARN: Unhandled message:  /status/sample_position  =  [55919616]
[OSC] WARN: Unhandled message:  /status/sample_position  =  [56091648]
[OSC] WARN: Unhandled message:  /status/sample_position  =  [56116224]
[OSC] WARN: Unhandled message:  /status/sample_position  =  [56140800]
[OSC] WARN: Unhandled message:  /status/sample_position  =  [56150016]
[OSC] INFO: sending  /transport/pause  args:  []
[OSC] INFO: sending  /transport/seek  args:  [0]
[OSC] INFO: sending  /transport/play  args:  []
[OSC] INFO: sending  /transport/pause  args:  []
[OSC] INFO: sending  /transport/seek  args:  [0]
[OSC] INFO: sending  /transport/seek  args:  [7680]
[OSC] INFO: sending  /transport/play  args:  []
[OSC] INFO: sending  /transport/pause  args:  []
[OSC] INFO: sending  /transport/seek  args:  [0]
[OSC] INFO: sending  /transport/play  args:  []
[OSC] INFO: sending  /transport/pause  args:  []
[OSC] INFO: sending  /transport/seek  args:  [0]
[OSC] INFO: sending  /transport/play  args:  []
[OSC] INFO: sending  /transport/pause  args:  []
[OSC] INFO: sending  /transport/seek  args:  [0]
[OSC] INFO: sending  /channel/2/send/3/amount  args:  [11.28]
[OSC] INFO: sending  /channel/2/send/3/amount  args:  [9.84]
[OSC] INFO: sending  /channel/2/send/3/amount  args:  [8.03999999999999]
[OSC] INFO: sending  /channel/2/send/3/amount  args:  [6.24000000000001]
[OSC] INFO: sending  /channel/2/send/3/amount  args:  [4.08]
[OSC] INFO: sending  /channel/2/send/3/amount  args:  [0.84]
[OSC] INFO: sending  /channel/2/send/3/amount  args:  [-2.04000000000001]
[OSC] INFO: sending  /channel/2/send/3/amount  args:  [-4.92]
[OSC] INFO: sending  /channel/2/send/3/amount  args:  [-8.52]
[OSC] INFO: sending  /channel/2/send/3/amount  args:  [-12.48]
[OSC] INFO: sending  /channel/2/send/3/amount  args:  [-15.72]
[OSC] INFO: sending  /channel/2/send/3/amount  args:  [-19.32]
[OSC] INFO: sending  /channel/2/send/3/amount  args:  [-24.36]
[OSC] INFO: sending  /channel/2/send/3/amount  args:  [-27.96]
[OSC] INFO: sending  /channel/2/send/3/amount  args:  [-30.84]
[OSC] INFO: sending  /channel/2/send/3/amount  args:  [-35.16]
[OSC] INFO: sending  /channel/2/send/3/amount  args:  [-38.4]
[OSC] INFO: sending  /channel/2/send/3/amount  args:  [-40.92]
[OSC] INFO: sending  /channel/2/send/3/amount  args:  [-44.52]
[OSC] INFO: sending  /channel/2/send/3/amount  args:  [-47.04]
[OSC] INFO: sending  /channel/2/send/3/amount  args:  [-49.2]
[OSC] INFO: sending  /channel/2/send/3/amount  args:  [-51.36]
[OSC] INFO: sending  /channel/2/send/3/amount  args:  [-54.24]
[OSC] INFO: sending  /channel/2/send/3/amount  args:  [-56.4]
[OSC] INFO: sending  /channel/2/send/3/amount  args:  [-59.28]
[OSC] INFO: sending  /channel/2/send/3/amount  args:  [-60.0]
[OSC] INFO: sending  /channel/2/send/3/amount  args:  [-60.0]
[OSC] INFO: sending  /channel/2/send/3/amount  args:  [-60.0]
[OSC] INFO: sending  /channel/2/send/3/amount  args:  [-60.0]
[OSC] INFO: sending  /channel/2/send/3/amount  args:  [-60.0]
[OSC] INFO: sending  /channel/2/send/3/amount  args:  [-60.0]
[OSC] INFO: sending  /channel/2/send/3/amount  args:  [-60.0]
[OSC] INFO: sending  /channel/2/send/3/amount  args:  [-60.0]
[OSC] INFO: sending  /channel/2/send/3/amount  args:  [-60.0]
[OSC] INFO: sending  /channel/2/send/3/amount  args:  [-60.0]
[OSC] INFO: sending  /channel/2/send/3/amount  args:  [-60.0]
[OSC] INFO: sending  /channel/2/send/3/amount  args:  [-60.0]
[OSC] INFO: sending  /channel/2/send/3/amount  args:  [-60.0]
[OSC] INFO: sending  /channel/2/send/3/amount  args:  [-60.0]
[OSC] INFO: sending  /channel/2/send/3/amount  args:  [-60.0]
[OSC] INFO: sending  /channel/2/send/3/amount  args:  [-60.0]
[OSC] INFO: sending  /channel/2/send/3/amount  args:  [-60.0]
[OSC] INFO: sending  /channel/2/send/3/amount  args:  [-60.0]
[OSC] INFO: sending  /channel/2/send/3/amount  args:  [-60.0]
[OSC] INFO: sending  /channel/2/send/3/amount  args:  [-60.0]
[OSC] INFO: sending  /channel/2/send/3/amount  args:  [-60.0]
[OSC] INFO: sending  /channel/2/send/3/amount  args:  [-60.0]
[OSC] INFO: sending  /channel/2/send/3/amount  args:  [-60.0]
[OSC] INFO: sending  /channel/2/send/3/amount  args:  [-24.0]
[OSC] INFO: sending  /channel/2/send/3/amount  args:  [-24.72]
[OSC] INFO: sending  /channel/2/send/3/amount  args:  [-26.52]
[OSC] INFO: sending  /channel/2/send/3/amount  args:  [-29.04]
[OSC] INFO: sending  /channel/2/send/3/amount  args:  [-32.64]
[OSC] INFO: sending  /channel/2/send/3/amount  args:  [-37.32]
[OSC] INFO: sending  /channel/2/send/3/amount  args:  [-41.28]
[OSC] INFO: sending  /channel/2/send/3/amount  args:  [-46.68]
[OSC] INFO: sending  /channel/2/send/3/amount  args:  [-51.72]
[OSC] INFO: sending  /channel/2/send/3/amount  args:  [-56.76]
[OSC] INFO: sending  /channel/2/send/3/amount  args:  [-60.0]
[OSC] INFO: sending  /channel/2/send/3/amount  args:  [-60.0]
[OSC] INFO: sending  /channel/2/send/3/amount  args:  [-60.0]
[OSC] INFO: sending  /channel/2/send/3/amount  args:  [-60.0]
[OSC] INFO: sending  /channel/2/send/3/amount  args:  [-60.0]
[OSC] INFO: sending  /channel/2/send/3/amount  args:  [-60.0]
[OSC] INFO: sending  /channel/2/send/3/amount  args:  [-60.0]
[OSC] INFO: sending  /channel/2/send/3/amount  args:  [-60.0]
[OSC] INFO: sending  /channel/2/send/3/amount  args:  [-60.0]
[OSC] INFO: sending  /channel/2/send/3/amount  args:  [-60.0]
[OSC] INFO: sending  /channel/2/send/3/amount  args:  [-60.0]
[OSC] INFO: sending  /channel/2/send/3/amount  args:  [-60.0]
[OSC] INFO: sending  /channel/2/send/3/amount  args:  [-60.0]
[OSC] INFO: sending  /channel/2/send/3/amount  args:  [-60.0]
[OSC] INFO: sending  /channel/2/send/3/amount  args:  [-60.0]
[OSC] INFO: sending  /channel/2/send/3/amount  args:  [-60.0]
[OSC] INFO: sending  /channel/2/send/3/amount  args:  [-60.0]
[OSC] INFO: sending  /channel/2/send/3/amount  args:  [-60.0]
[OSC] INFO: sending  /transport/play  args:  []
[OSC] INFO: sending  /transport/pause  args:  []
[OSC] INFO: sending  /transport/seek  args:  [0]
[OSC] INFO: sending  /channel/2/route  args:  [3]
[OSC] INFO: sending  /transport/play  args:  []
[OSC] WARN: Unhandled message:  /status/sample_position  =  [61833216]
[OSC] INFO: sending  /transport/pause  args:  []
[OSC] INFO: sending  /transport/seek  args:  [0]
[OSC] INFO: sending  /transport/play  args:  []
[OSC] INFO: sending  /transport/pause  args:  []
[OSC] INFO: sending  /transport/seek  args:  [0]
[OSC] INFO: sending  /transport/play  args:  []
[OSC] INFO: sending  /transport/pause  args:  []
[OSC] INFO: sending  /transport/seek  args:  [0]
[OSC] INFO: sending  /transport/play  args:  []
[OSC] INFO: sending  /transport/pause  args:  []
[OSC] INFO: sending  /transport/seek  args:  [0]
